4.980197864364675486e-01
4.589958343669310326e-01
4.994778598489895138e-01
4.459930181014279960e-01
5.659893874853501039e-01
5.232668668266784451e-01
6.943093883043794934e-01
6.604643728429854255e-01
5.523128712109200977e-01
3.782930469132297358e-01
3.471170014168768470e-01
5.978218108996181668e-01
5.200192955261891958e-01
1.947216425481308466e-01
5.054583705629832613e-01
5.421688926220573634e-01
3.381800247462484199e-01
4.926041780294306283e-01
5.658389217549902872e-01
5.020079461238827756e-01
4.929236422192397327e-01
4.035660147729557279e-01
1.452223484743139226e-01
7.304120330117676030e-01
4.979313775271619891e-01
5.926925348639368041e-01
4.612082948546716299e-01
7.123479443622615648e-01
6.249766544347972186e-01
5.251026114844110637e-01
5.155853100312262072e-01
4.506616740554370004e-01
3.803200368169198375e-01
6.283103717252093157e-01
5.626969707049902514e-01
4.567532379586812796e-01
6.429971445201863034e-01
5.129155158498313050e-01
5.293985226365471863e-01
5.162175340382521016e-01
4.791681300515601150e-01
5.294450735915728901e-01
3.388258845454771850e-01
5.201329627498573194e-01
1.643125105857432267e-01
1.392585078829134682e-01
5.748559316198049718e-01
5.154277598495939916e-01
4.903725034977146624e-01
3.693372380961600920e-01
4.605322346204186457e-01
4.941420806514291719e-01
4.941660605814103824e-01
3.823989370365573626e-01
5.771114076625432077e-01
4.071907067162769955e-01
4.819977178958773645e-01
6.752791311584006584e-01
4.871028950260744561e-01
4.894100023825205259e-01
4.071474565727721817e-01
-1.914172190514669969e-01
3.466907630283836417e-01
4.670025031481079836e-01
4.978142332936835723e-01
5.087105174251227435e-01
5.538440485052583684e-01
4.739961177895536948e-01
6.730628796033401029e-01
5.472608835129066929e-01
4.195511357526660046e-01
4.551265741394240338e-01
5.793479103766961957e-01
5.448218336864500966e-01
5.130650365432025684e-01
4.970107636297915743e-01
5.062349658538561892e-01
5.047510202361074061e-01
5.523128712109200977e-01
4.627946098741417824e-01
5.357741616097680959e-01
5.652331085754475071e-01
5.740936697075565975e-01
5.775041053958397397e-01
4.987061421209253442e-01
5.574177228736511003e-01
4.543089001251456316e-01
5.898642473464030811e-01
6.134658079659481844e-01
5.425189677599265847e-01
4.719646233074023534e-01
3.824839858004545623e-01
4.912941305730134101e-01
5.008716464829772175e-01
2.832168260545906979e-01
5.018132496063978376e-01
6.013110536293019281e-01
4.435595413092410788e-01
5.320627898631057340e-01
5.864106059323421771e-01
1.022505067781729338e+00
4.094109687510715800e-01
5.159237688311265613e-01
6.132395555087741812e-01
4.059176618695419791e-01
5.456934728834170745e-01
4.148297668364983037e-01
5.774257026374952639e-01
5.888837716305650449e-01
3.997510830102413704e-01
5.348750190069496702e-01
4.711709714662531412e-01
3.493811603673277477e-01
4.475408056973100845e-01
4.888345517670821816e-01
5.836054537290129574e-01
4.657352060504406088e-01
5.321433596079379047e-01
5.037672143883726861e-01
1.544307696034420974e-01
1.051830013823983778e+00
3.029432846392959844e-01
5.476287064514443470e-01
4.184706664486285144e-01
5.761499351082762788e-01
4.097219367701990245e-01
4.718814127513403789e-01
3.907810916460718875e-01
4.861746771516293752e-01
5.405524559176363431e-01
5.231265405025929960e-01
4.136813716300384303e-01
7.373888817234093285e-01
4.047821482028472473e-01
-5.341166430806564280e-01
4.822549535819548594e-01
5.415161829256975867e-01
4.554309925821369842e-01
5.907242815497167898e-01
4.792028081357787572e-01
6.024749172121950380e-01
5.381928674033017446e-01
4.325930200345206034e-01
1.678740700633876981e-01
5.198731948792848501e-01
2.317075067179868719e-01
4.436188745541264633e-01
3.509247458435414968e-01
4.887537171930538826e-01
7.184581453883571722e-01
4.904450453818785527e-01
5.278949879590183469e-01
5.183382446373216990e-01
4.161059529925315026e-01
4.646294450677864729e-01
4.529313244782708359e-01
3.794921203909162322e-01
6.464554766046850531e-01
1.302449237508422064e-01
4.525607850861649295e-01
5.186986584960439073e-01
5.251681144256273859e-01
1.050408985263398820e-01
5.300828650145882337e-01
5.361891453581572042e-01
6.416613249989081558e-01
1.615718673276989870e-01
4.024637315098861801e-01
3.065335742979419242e-01
7.602755119213299162e-01
3.002682362610993305e-01
5.953026412241317900e-01
4.823020240555124238e-01
5.637184969888688890e-01
-1.181513530502124043e+00
5.562657825291981162e-01
5.523128712109200977e-01
3.187877343441298361e+00
5.091273007890094737e-01
3.780994929618050615e-01
5.526062262124298297e-01
4.641486479717614744e-01
5.713807999429973972e-01
5.452054708328352151e-01
2.686778946458823203e-01
1.151323129230408804e-01
6.457425572933288560e-01
3.213844273482277525e-01
5.043257517111824351e-01
6.556588095458316667e-01
5.567797963244843773e-01
3.863292660848602900e-01
5.943900797783528978e-01
6.230640020161094528e-01
5.663651036116842397e-01
6.474125600476022813e-01
5.007169393218995346e-01
5.575799112185162443e-01
6.128444725347537148e-01
5.544288227106667355e-01
3.651528943438804298e-01
4.608516721096687085e-01
4.823850878714949775e-01
3.332268564517060772e-01
4.854396720534757681e-01
6.076139175748866972e-01
3.435733797596550176e-01
3.883727247534273785e-01
3.308152309533441970e-01
4.798369794846773506e-01
4.744166266675413635e-01
4.654797564070067839e-01
5.266628663387225018e-01
5.567439245340904952e-01
5.610625524738757086e-01
4.551915987669400421e-01
4.289081774900223021e-01
5.499439696107710773e-01
3.325950739372045550e-01
5.528244325361916234e-01
5.366454097901540710e-01
4.014523371828170872e-01
4.947545809276949758e-01
5.751507547941615561e-01
3.434043850804983089e-01
4.225598194129366880e-01
4.634604434707990106e-01
6.064058008381351117e-01
7.038479346121304658e-01
4.960770878770154879e-01
5.601828087264643097e-01
4.723106051076773060e-01
3.153304905291163251e-01
6.966964035777667430e-01
5.528880174143936399e-01
4.995988051644870698e-01
5.763181974248985373e-01
4.976129818033338537e-01
5.409305141643618864e-01
4.969963287467666913e-01
3.852086571107734003e-01
1.961657979240151173e-01
6.886632793294518162e-01
5.083923490020887392e-01
3.871978079308985854e-01
3.689168928204344944e-01
5.361737356044744551e-01
5.222512610659798549e-01
4.035192882744356724e-01
5.267535221332038109e-01
4.072707452063967226e-01
5.664049260725347867e-01
4.774351975489957156e-01
5.518569203084705554e-01
5.546267211338143932e-01
2.240290923337701079e-01
4.470515643648619863e-01
5.203697676878408229e-01
5.567176841794312381e-01
5.288488264007619177e-01
3.206375088449421318e-01
4.905250342434264721e-01
7.079251742362447919e-01
3.657284379835148425e-01
5.449502068434778357e-01
6.274252791100837223e-01
4.771941162274773718e-01
6.018340326881121971e-01
3.978880665825442198e-01
4.322394699391265971e-01
4.617644877242353396e-01
5.300793748809931039e-01
4.656785829133994747e-01
4.850975090730288430e-01
5.118688618585518491e-01
7.281726729812125765e-01
6.867840670850098306e-01
5.150663177237714274e-01
5.347164158072552631e-01
2.543009845350894804e-01
4.845378167079891774e-01
4.513868260069310301e-01
4.158351352448072524e-01
5.006994274978001647e-01
4.010928014131497354e-01
3.720967207662133625e-01
5.656869345207472533e-01
4.802861791362904587e-01
3.175559745067205175e-01
5.580583720464361575e-01
5.515407083504724195e-01
4.662060599020788620e-01
3.211645853808297590e-01
3.723439484220998907e-01
3.725958646165402621e-01
5.238996424781227068e-01
5.791731951203780149e-01
6.084668700986498591e-01
7.265805741720808841e-01
5.308330729551855587e-01
4.470869380458066256e-01
4.566096454020767692e-01
5.021543011961135949e-01
3.519288727415703644e-01
3.646120196164351346e-01
5.322447999731413359e-01
-2.752482767699159782e-01
4.860724021917604554e-01
5.629859628831097584e-01
4.844725917073459676e-01
6.442296374188968278e-01
3.490212051514895442e-01
4.369898340880333243e-01
4.811151944085840793e-01
5.029144163747080176e-01
9.718596727233517196e-01
5.747500132199862000e-01
5.840567496447092166e-01
3.612517967497583804e-01
3.175613018942080590e-01
4.827776169883655766e-01
4.903459808689273891e-01
5.247024567641358495e-01
5.526395371433900916e-01
6.092770750497146226e-01
4.260983506370613627e-01
3.762972066743593413e-01
3.852927211764759496e-01
5.318329722946857352e-01
4.296797651272606378e-01
4.453344340547362723e-01
4.889443255691757750e-01
4.392534087176112600e-01
5.198592672461981312e-01
5.364106090951399342e-01
5.773330272659692453e-01
5.885409435513861975e-01
5.225485932626295904e-01
4.369905560970544500e-01
4.825826771867908205e-01
4.686120747583068513e-01
6.757461101400342729e-01
5.466290873558478092e-01
5.910305282813436145e-01
5.347162252955678374e-01
6.139544349274943524e-01
5.999038536158495249e-01
4.574294983810652804e-01
5.152529699739206714e-01
5.730207880843560808e-01
4.826370908192358922e-01
4.812615962699473560e-01
5.199886615765574316e-01
5.134131248173534612e-01
5.429565904974062995e-01
5.352989071850182690e-01
4.957919587615371437e-01
2.211866303801476308e-01
6.612942110165267451e-01
5.056294202515042580e-01
5.586120524940186849e-01
4.829271731725533479e-01
5.867737977947553585e-01
4.810066412016841264e-01
5.526487470680435665e-01
5.546554754183702363e-01
4.053717441992599202e-01
6.030811153639153988e-01
5.005184001711012742e-01
5.357098207669647172e-01
9.446805686792737466e-01
4.488911006750930799e-01
5.445237883107744148e-01
4.648678158945447891e-01
5.347490340517462304e-01
4.863704707484964307e-01
5.747037966751230575e-01
6.266089604056707119e-01
3.296213580933777809e-01
3.383093222131398625e-01
5.443876012814696796e-01
4.681293902454845002e-01
5.520088957506995575e-01
6.748803033954062780e-01
1.006907189776083955e+00
5.354072753977709986e-01
4.460792548480483899e-01
5.387781845590335905e-01
4.529660533774737541e-01
3.406276597151148278e-01
4.838594413784996218e-01
3.815242192928877674e-01
5.318296014594023902e-01
4.134040194141826441e-01
4.289823610183338687e-01
5.143350433931321852e-01
7.930331205057937760e-01
4.601089765997144476e-01
5.931766598206027474e-01
4.202890395953640112e-01
5.523128712109200977e-01
7.321745752282022845e-01
5.815543477568612118e-01
4.152912320702505933e-01
4.183670478517688696e-01
1.019381002554029303e+00
4.103260059369251977e-01
5.517996051478676334e-01
5.421159887016413492e-01
7.372551930773549866e-01
5.789687121125212110e-01
6.168204684223319578e-01
5.030494954292891174e-01
5.420743919132010591e-01
5.112284040918746442e-01
1.710697966983637797e-01
5.077583256644209175e-01
5.382738082393078161e-01
5.394443192818930699e-01
6.092558552814654194e-01
4.039376058245363610e-01
4.859576972303324971e-01
6.215456648276600493e-01
4.650155309645106483e-01
4.801214889841741718e-01
1.743623220897631831e-01
4.580374235458820054e-01
5.081463882311940683e-01
4.571376500097780737e-01
5.512557520719009174e-01
4.441289290567524417e-01
6.054077342173904697e-01
1.423863692257691937e-01
3.615762016597519057e-01
3.089882513718764656e-01
4.457064034532625674e-01
4.686718170952961504e-01
4.804679259657405055e-01
5.756603072618379224e-01
4.331621528153536960e-01
3.756511421975857745e-01
5.607419717161564732e-01
6.730606758043117255e-01
5.671392687635239405e-01
5.139637866517653420e-01
6.461907063309038080e-01
5.315437449012504478e-01
4.430481262177421442e-01
5.465083139937945145e-01
3.730134298339110033e-01
7.416448165856043273e-01
4.683137157630800074e-01
6.914759592652159892e-01
4.854932088372672649e-01
3.020793272062488044e-01
5.538680738668594339e-01
2.813952083828212269e-01
5.485176597226604223e-01
5.084633440721962883e-01
5.290100586582219266e-01
3.695484813110931910e-01
9.652571837951937628e-01
4.218559538841876178e-01
4.447287483664253416e-01
4.554229235619449145e-01
5.119713285151263893e-01
2.948470470735434779e-01
4.375554978684879082e-01
5.194677089427400807e-01
3.100399992443910735e-01
5.653933116563618633e-01
6.740377130113676118e-01
5.666500502841070874e-01
4.622455018752172906e-01
3.938203918214434607e-01
4.985569359586246030e-01
3.679029148359930224e-01
6.115363316555358919e-01
5.293447053126349999e-01
5.732869910000043534e-01
2.826647923714147304e-01
5.433369105605191374e-01
4.204769902060176423e-01
5.474426597654538096e-01
4.354758394711676361e-01
4.725581623493338435e-01
4.203244714145493166e-01
5.293296080817624372e-01
5.805773487724510407e-01
5.644276656102766854e-01
5.184536990041518356e-01
5.664227813878025541e-01
7.035395197163326619e-01
5.950545316161784948e-01
4.290538813113126682e-01
4.326821325118842543e-01
3.725646381602297774e-01
5.470991822949750061e-01
5.757871903233405808e-01
7.449736619953302164e-01
4.208400413204267387e-01
3.499532268250339362e-01
3.666138589564326700e-01
5.154040759657753101e-01
5.200016082500622527e-01
5.027015918378048287e-01
3.175037251936281835e-01
7.510098945652072810e-01
5.240727338183382988e-01
5.168169795028834113e-01
4.299327671279971064e-01
4.915224490933675083e-01
4.768468569488849007e-01
2.416837194939177591e-01
4.259787525430095423e-01
4.081235288173113984e-01
4.965687381376330811e-01
5.624148759763200056e-01
4.280539737303487025e-01
5.253137264694049957e-01
5.551246330845401866e-01
5.227474730573637984e-01
5.313933412514479926e-01
5.612682392911515494e-01
5.735878810376020542e-01
5.348214097851906601e-01
4.612926755248900057e-01
2.512229212697333902e-01
7.197147307516225112e-01
6.786700062568987724e-01
5.317036766811616966e-01
5.680654708763105409e-01
3.204908479802586196e-01
4.538207054115552253e-01
5.073416468045647276e-01
5.928532987074774940e-01
5.041539176872599226e-01
4.445394774274485372e-01
4.996173583342651270e-01
4.817088718641805434e-01
5.636745588948963714e-01
6.311854551637582356e-01
7.149541478677918782e-01
4.771464578552984670e-01
4.143260831516449860e-01
4.757734253509619538e-01
4.271071957292437715e-01
5.947040799452051330e-01
1.689771300647723851e-01
4.655596132445750657e-01
5.182450766995317926e-01
2.365212594354631215e-01
4.863992376182897370e-01
4.145806017922201714e-01
1.987553517480775134e-01
5.272717957576398273e-01
5.470704734940635694e-01
4.554880171983635706e-01
5.571869317975020053e-01
4.806938526712632997e-01
6.063562448819120876e-01
5.372740184547868392e-01
5.599525386698797069e-01
7.041296440976639870e-01
4.236076167997729347e-01
5.841427637013110186e-01
5.174222332170745897e-01
5.562175268890667823e-01
4.621802767648911514e-01
1.288195645927968924e-01
5.227168510798293477e-01
1.388199745768603499e-01
6.094053157483849681e-01
5.168889379604743040e-01
4.973903378178490819e-01
5.750865211469559091e-01
5.643749445704169254e-01
5.521165122486106913e-01
5.368122416366277738e-01
5.919150066292899748e-01
3.555447307918129241e-01
4.540176998759218319e-01
4.896361460213013439e-01
4.770766991006428204e-01
4.529367108932230712e-01
5.902891245136764331e-01
3.642403414856019706e-01
4.213597159101021283e-01
8.709689559045104001e-01
4.648885173654787595e-01
5.879746789998719914e-01
6.704337346647959439e-01
7.211988541085357918e-01
5.661568133027757854e-01
3.348978094366226177e-01
5.484515606335661486e-01
4.482289535350199583e-01
8.981082902138975976e-01
5.544981996088044207e-01
3.600108188310571222e-01
4.152558210021864427e-01
4.804468004647517443e-01
6.364926052236190568e-01
4.680353990029020861e-01
4.740641160851503111e-01
5.135083286730968144e-01
7.061271459671533135e-01
4.898629572318761727e-01
5.929849860135362194e-01
6.331791764765634101e-01
5.088980707849147800e-01
4.257572820371917088e-01
6.875886489904474708e-01
3.940260972095941394e-01
8.459138196582588476e-01
5.411417261755950836e-01
-1.201780620221462592e-01
6.696673513773511166e-01
3.418833855965494051e-01
3.809370411370462950e-01
5.467536887868549300e-01
3.385842333426984929e-01
4.830290861325328144e-01
5.296317036811005741e-01
-4.247186721285078903e-02
-1.167888021407346599e+00
5.661459743332191152e-01
4.780361441965700342e-01
2.858469196875282892e-01
6.496408572126036729e-01
5.002711070151139028e-01
6.207542187264475375e-01
6.506019235466826700e-01
5.477739560509744532e-01
4.050226746774370223e-01
5.171824766583165145e-01
5.882616282874135738e-01
5.509774363765170824e-01
4.316976980127827934e-01
5.146629862472968941e-01
4.869259935593421296e-01
4.944328221252751732e-01
4.445633257968818475e-01
4.485978826312577716e-01
4.561322504321255744e-01
5.756247481719591885e-01
3.832220729949921134e-01
5.980011488518809371e-01
6.733626784120010367e-01
2.695754837321707731e-01
3.430780958707489448e-01
4.885890046563955980e-01
6.010416906587582320e-01
6.555005712615046276e-01
3.617000080849846477e-01
6.481233993460798759e-01
5.219775989248828241e-01
5.642768935104284234e-01
6.180024632862398670e-01
5.544981996088044207e-01
4.960449305425714828e-01
4.946002613102630230e-01
9.273897811222465704e-01
3.540938777526062009e-01
5.280645639601214691e-01
2.009265617126482217e-01
5.691513780675816481e-01
5.188642767068250006e-01
7.399554048193560662e-01
5.026113797751825540e-01
5.130848054481685905e-01
1.165309735123488538e-01
6.852267566827481282e-01
5.389911310918071852e-01
5.465381291916781015e-01
4.970103256645672096e-01
4.314611219450560364e-01
6.169762141191001970e-01
4.416424269060364449e-01
3.793455926230034914e-01
4.156459774916552719e-01
7.367732879077021346e-01
4.847878975124569889e-01
5.655394671313371813e-01
4.514746500055842326e-01
5.814599747226938398e-01
5.688000221215503416e-01
5.662628002098436530e-01
4.447439701763375997e-01
3.062714604172598332e-01
6.536854037380889215e-01
5.250003027413008283e-01
3.140635885405519967e-01
5.169066662843516680e-01
5.470369666995006375e-01
4.907497954967264819e-01
3.767358167362032662e-01
1.375895287296615421e-01
5.377356234394768952e-01
6.145426672172348281e-01
7.728911811451928404e-01
4.590977648030774572e-01
8.403037771066801387e-01
5.560216872470843397e-01
2.790992230968167287e-01
4.805046620558371950e-01
4.931192066806910912e-01
6.824870982901187766e-01
6.182504284744297918e-01
4.891372990821183375e-01
4.960994954073693619e-01
4.108030006899291986e-01
5.667752231960941911e-01
-8.139443339867283855e-01
7.219808765959451202e-01
5.686458900932201965e-01
5.482901481055950654e-01
1.252949017583371294e-01
7.369977674828989134e-01
6.387420557262384335e-01
7.773084849407903008e-01
5.999479430492964394e-01
6.365617909538661134e-01
5.148683846806129116e-01
4.405793814117386908e-01
3.321851890421449460e-01
1.370002636356518200e-01
7.822108407250321083e-01
6.344921970700767577e-01
5.547494542944962914e-01
4.819909606796477508e-01
5.549319375745632721e-01
4.255414546312853430e-01
5.842308429750978638e-01
5.253615093536405656e-01
5.204554687826010717e-01
5.575906170246470728e-01
4.783285597601527606e-01
5.189398620255479821e-01
4.410700829364909148e-01
5.453159045798369187e-01
5.176343835986931818e-01
4.960696222559766166e-01
2.828942919829746661e-01
5.654343747668546527e-01
4.928555625744461821e-01
5.578687285719324818e-01
6.906238682723314648e-01
4.162190434622077273e-01
5.078193304531802843e-01
4.113284420624315763e-01
5.051928178731457386e-01
4.605482754256330913e-01
6.741143733917799308e-01
3.387094889997357972e-01
5.905591251079834736e-01
4.821559945126512314e-01
5.532469693112460618e-01
5.404361955517749116e-01
5.879746789998719914e-01
4.765810444694227876e-01
4.732349084114375048e-01
4.902798139139327160e-01
5.892245781289991990e-01
4.628751348397638354e-01
3.292119822273098517e-01
-9.773859887308282424e-02
5.381172081365067639e-01
4.951670883794588307e-01
4.258226348851139043e-01
4.766652262185618327e-01
5.359613568267485029e-01
5.713617771658899835e-01
5.239502037410610491e-01
4.296689896792112995e-01
5.831022418482425529e-01
4.868366535246964055e-01
5.319218791595150542e-01
4.658611233178473476e-01
5.535454572599909362e-01
6.160582428939509470e-01
6.077879927151097483e-01
5.334539796663761990e-01
4.869907396120990439e-01
3.475492365425593699e-01
3.944893451725889899e-01
4.613074998785446912e-01
4.831877741204114174e-01
5.377309937516928651e-01
5.004999698942220743e-01
5.253145603309220535e-01
4.110316748093109651e-01
9.592311589338264888e-01
5.425667444144854912e-01
4.942814530747087765e-01
2.090392189945354251e-01
5.563533371838754737e-01
5.352355541326277999e-01
5.843802094582878359e-01
5.865629521608706209e-01
4.770414013072129533e-01
5.472812137069689165e-01
4.810680447367303714e-01
4.891178973409820996e-01
4.703262701618854402e-01
3.036885377982853629e-02
5.695947088874805386e-01
4.395456686235583721e-01
6.523987133365694024e-01
3.777902105179498093e-01
5.844318348810271235e-01
3.604336500202045546e-01
1.065200305679629977e+00
4.926013398929436349e-01
7.019360481980441158e-01
4.257201351988580407e-01
4.841297354606077241e-01
4.651322892238325402e-01
3.558509623001552824e-01
4.605269516988632073e-01
4.551383310764618995e-01
4.738405844611595641e-01
5.292966660428046755e-01
5.173117179691130163e-01
6.888828619048007473e-01
3.544206879119525255e-01
6.036533187147725688e-01
1.412056210016054414e-01
4.737027662508193626e-01
6.372357185098546095e-01
4.516753578284523063e-01
3.695888991284865810e-01
5.784023984530751727e-01
5.019718333557718903e-01
5.371168049166592517e-01
5.592617535939540252e-01
4.537555731004503379e-01
5.718979620987161283e-01
5.635198296436514376e-01
-2.169032309537399505e-01
4.444822097645033110e-01
7.219408774118975636e+00
5.959181522001677500e-01
9.205029532885996568e-01
5.680975197547296629e-01
3.711233176829688563e-01
4.974896808107310830e-01
1.522509917748811892e-01
4.650684288699675206e-01
4.777535084677866917e-01
3.401497745423223695e-01
5.012119559939492985e-01
1.171459453357827307e+00
5.217489753669888319e-01
5.295016860355094002e-01
6.063536755166485381e-01
5.876006600255201384e-01
4.102212190790742175e-01
4.923459337748076203e-01
4.674153062328651465e-01
4.822130488306345941e-01
5.563963820119132153e-01
4.513361061851716705e-01
4.365642971086340918e-01
4.511457038117137608e-01
4.012407299823066431e-01
5.133174108416035386e-01
5.618205341160678046e-01
5.034700665745197590e-01
2.908512457162263143e+00
6.897288584829077696e-01
7.414670333212955988e-01
1.814400676634378429e-01
4.282828125935875252e-01
6.124003576887664391e-01
3.657110697352624618e-01
4.412121918674213883e-01
4.794597634414755616e-01
7.162515578953750905e-01
4.898622353238540894e-01
4.267419271874552944e-01
2.469481913958475605e-01
4.169912517990293499e-01
4.909185289737131863e-01
7.599168582539908012e-01
3.306519118690987025e-01
3.994345718020677616e-01
2.765727158835611377e-01
4.901805485206098267e-01
5.013875807339348567e-01
3.557995480422262990e-01
4.455090707875788980e-01
4.785101881307028959e-01
1.665894386866724475e-01
3.753746632454972310e-01
4.889028163808795679e-01
4.778774186810880176e-01
6.726193083080957980e-01
4.833659918100109421e-01
5.632684306069419833e-01
6.570581312699351750e-01
5.614462524510944741e-01
4.854320630547528381e-01
4.704448924823267375e-01
3.968045691655179286e-01
5.579563982973102521e-01
4.649220042724642732e-01
4.356105371981988661e-01
4.126409881630617726e-01
6.105314349021887521e-01
4.991475770947594315e-01
4.861707303884399978e-01
5.007914185372905891e-01
4.625011670571017031e-01
5.808924882509239884e-01
6.447985369705286907e-01
5.414164305937079202e-01
3.991724779939305745e-01
3.263757429319335546e-01
5.249390962859766807e-01
5.614462524510944741e-01
4.559772602973139466e-01
5.478471026513428432e-01
5.768028259397125490e-01
4.828208250216259878e-01
4.895872190503915422e-01
4.649824109866961264e-01
3.821912852475395916e-01
-5.079139085121069375e-01
5.347772524327549792e-01
4.398500787520583377e-01
5.632313079291848545e-01
7.284369744379526335e-02
4.717885849165002199e-01
5.039935148776528706e-01
5.742798863607033732e-01
4.470030404592935103e-01
5.380600766317709116e-01
6.370741201443710366e-01
5.030873709095519120e-01
5.856886963088623332e-01
4.908278949388950596e-01
4.993900194254258795e-01
3.345842556249356559e-01
3.478818781392662984e-01
5.751231365352400537e-01
5.735095696157209710e-01
4.785125220494588771e-01
5.148212573584775020e-01
5.181589174232156259e-01
5.321302800187071025e-01
5.337376367484368833e-01
4.256291919817232206e-01
4.519933193832356699e-01
1.036250859974660932e+00
4.683170465185703124e-01
5.080322212795732595e-01
4.559223982286108035e-01
3.622538514658730779e-01
6.208403256742277554e-01
5.106895652278552467e-01
1.855539324050119177e-01
5.257848385040798656e-01
5.652580610148588702e-01
7.972082614780484633e-01
5.110923130174863660e-01
4.462883894405774710e-01
5.500754877697530132e-01
5.072297741220544998e-01
4.327435820856834758e-01
5.407589992108291499e-01
2.181759104734423416e-01
7.506014383019078418e-01
3.657765506580740178e-01
5.772249199580951062e-01
3.956817503811836945e-01
3.908358179614672134e-01
6.584488567752772026e-01
5.290988962119589356e-01
5.030103860798817994e-01
6.314207520403031237e-01
5.585187651630821870e-01
4.756268225337673128e-01
8.614954406314233593e-01
4.608343811275907864e-01
5.881241766660258996e-01
3.431826145300924669e-01
4.439673007415132489e-01
3.360096243295392360e-01
4.690978782898684307e-01
4.651203899442989398e-01
5.014327119055812521e-01
4.960336241768188437e-01
8.050046837435917979e-01
3.415120279064216557e-01
5.658267191662841311e-01
5.996182899159226976e-01
5.337208688156177550e-01
4.766386815174711300e-01
4.904988190332352227e-01
1.264095847515632198e-01
6.664878738607672437e-01
4.077085959936687654e-01
6.014916194576165331e-01
4.575481008467309763e-01
4.102570501510363621e-01
5.583174614756848397e-01
3.986297205214127115e-01
4.756665397657467986e-01
5.306016734763316922e-01
4.173555133910615833e-01
4.679385825817426459e-01
3.615272697327962526e-01
5.190734181614200526e-01
5.651233321303126278e-01
5.459445886660685421e-01
5.811122968963733371e-01
4.476735507268966296e-01
5.278752543155748045e-01
3.891489511377693722e-01
6.328342890805004339e-01
4.266912964175409995e-01
4.929002090221191179e-01
4.284237874891329567e-01
9.696200705275815901e-01
5.646365017151203647e-01
3.248583675725544850e-01
7.713563220192993786e-01
5.304577819469314948e-01
5.279332902457090082e-01
4.429193288167216358e-01
1.189356821816028198e+00
5.295005894308627559e-01
2.689061819702974199e-01
3.309289075628022991e-01
4.836332042823479616e-01
6.679256016411232455e-01
5.990314091193954527e-01
3.580500872057953976e-01
4.278102506924317816e-01
3.849486223803983975e-01
3.578133256551939145e-01
4.672042062078012314e-01
5.057975900377389422e-01
4.586172960259150000e-01
2.177602013739799447e-01
5.864342363461284569e-01
3.337691499143108365e-01
4.917753747172454171e-01
3.941303048676002563e-01
5.778405342284924640e-01
5.911094979401124716e-01
4.408191289704568860e-01
5.313924788013045797e-01
5.200093510653666096e-01
7.304510455422301707e-01
4.774051054362625224e-01
4.135478732419691217e-01
5.416807069122689944e-01
5.298754230659061815e-01
7.878821458374746234e-01
4.619838201564617219e-01
4.800222985985253543e-01
4.693533843456287324e-01
4.710747039968460892e-01
4.478110586811544502e-01
3.835065963017799118e-01
-7.696073397177526365e-01
5.560860014100197368e-01
6.808766461823483329e-01
5.026169301074369100e-01
4.417882875685846256e-01
3.107927902330948067e-01
6.169475781692466132e-01
5.367446085605934725e-01
5.098262492051875983e-01
5.369954848794957769e-01
5.965130708699183382e-01
2.498802151477917122e-01
4.889495214214030216e-01
6.064655687031782483e-01
3.754414438710160784e-01
4.552220447866585640e-01
5.966886555104148337e-01
5.115632256152344848e-01
5.161343316588260510e-01
5.302325866087224115e-01
4.824610075621065253e-01
6.120669312108391047e-01
5.450216819728508355e-01
4.898190353218201953e-01
3.675358116021106292e-01
4.376355973669522892e-01
2.939830032544161198e-01
4.431967048963363354e-01
5.221568861643181014e-01
4.051872364612746358e-01
6.227935862679756518e-01
5.477301006586656751e-01
3.477645696566505351e-01
4.319348667714582590e-01
4.761827515762631080e-01
3.980356474586159710e-01
5.158321857777212749e-01
4.263911462641240546e-01
3.677856236802499179e-01
7.187527919313271285e-01
5.226942676229554552e-01
5.707455127255912641e-01
5.182542805162234645e-01
5.021689209984292468e-01
5.949483320733620628e-01
4.548538841893545182e-01
4.032159696985994080e-01
5.531642335447912728e-01
3.660807961358414908e-01
5.272686448249820357e-01
6.722205938572324291e-01
3.766686303804913649e-01
4.004113525673888563e-01
4.352085630963007934e-01
6.144093564149578635e-01
6.038367318909364512e-01
3.285484957871442901e-01
5.135543192421079262e-01
3.764464856442004126e-01
-1.654288387864663257e+00
5.346252992907255530e-01
5.991642390841250831e-01
4.931797859111414772e-01
5.246427669953152018e-01
5.293102386111011581e-01
5.229691427583978980e-01
5.489531199825644636e-01
5.367628920793122704e-01
3.288113429831058254e-01
7.157944195598330284e-01
1.399005924615718544e-01
3.617180482909049810e-01
6.173601053179156306e-01
4.036021006429011959e-01
4.040925148756805974e-01
-1.234338713842399127e+00
5.458070364682710007e-01
4.018182598480807832e-01
4.599895179666738110e-01
5.256736072465399978e-01
5.945912541106382898e-01
3.921651733473414114e-01
7.190171768036224265e-01
7.100104537062607024e-01
4.515231838224690319e-01
5.055656827189726199e-01
5.577944336336495557e-01
5.369370927388666948e-01
-2.925175410694615952e-01
5.016526794223861163e-01
5.206095815803820637e-01
5.610948166377084378e-01
5.240172220066774411e-01
6.858253854020284201e-01
5.879746789998719914e-01
6.442440414908205959e-01
5.813224695813332676e-01
4.147721500794661065e-01
4.091725305858424644e-01
5.485628121976353633e-01
3.102424317782734864e-01
3.990653175023295973e-01
7.377010235647569747e-01
7.340058795655022283e-01
4.490428494870842835e-01
5.544549240487722797e-01
5.554317284189806969e-01
5.982911468465752503e-01
4.149987499794293710e-01
6.726200310108686464e-01
4.772735457921375435e-01
5.018201307763250352e-01
4.816704549308102878e-01
6.018338657105999356e-01
4.344688737301760639e-01
3.474212438497493172e-01
5.632599381993327325e-01
5.710524115511164123e-01
5.367493722674288037e-01
5.656374000988453332e-01
4.128889871448167548e-01
4.001176759047125886e-01
7.096722377423311245e-01
4.060020049468924253e-01
5.443393092465245164e-01
4.722352299388873353e-01
4.703968012014554390e-01
5.523128712109200977e-01
5.114937217152183413e-01
5.457831524005424262e-01
4.621444053607247082e-01
5.839697526862644983e-01
4.685630337113864119e-01
6.442388777090105600e-01
6.703421291562754458e-01
5.461363025079146727e-01
6.864234192696491155e-01
5.145145002282741631e-01
4.164942597397797153e-01
4.971869934416372483e-01
5.169052467113541827e-01
4.664373403868097845e-01
-4.607164806965475257e-01
4.933600475417008191e-01
-1.849365507716390855e+00
4.913633514513018952e+01
4.251308507493289923e-01
6.064744632327655482e-01
3.933258082740089812e-01
4.179488969423065248e-01
3.464077392716712334e-01
2.658603210786590898e-01
3.766029369834547613e-01
4.890821109855326698e-01
7.718201092204632907e-01
5.389243358650668281e-01
5.540196371086503202e-01
4.529271102394181181e-01
3.485285582382137703e-01
4.205543876242151535e-01
5.280416952586730606e-01
2.823753673549617704e-01
4.372679174146539838e-01
3.129663402408414119e-01
4.680698044381751965e-01
4.563092837126476731e-01
4.601245274432988475e-01
5.204123291493575332e-01
4.203158204101534734e-01
5.394445721676199845e-01
5.555749760885341226e-01
8.019392500736292062e-01
4.558626301423417404e-01
5.431960143896883420e-01
5.660706032905563623e-01
3.958879918040086321e-01
4.765274577559994729e-01
4.408504703656818680e-01
3.792523211262381899e-01
4.953408022399025112e-01
6.208379655582416667e-01
3.706088032107480168e-01
7.176727928418400460e-01
5.234237335570637306e-01
5.386248385867065114e-01
3.808318107065815084e-01
3.366338164123831578e-01
5.944649678584242869e-01
6.646145913117136317e-01
4.062681061848772424e-01
4.048832131503533049e-01
6.456692264374385148e-01
6.359216272490321176e-01
3.323836219851085683e-01
5.426982876285880719e-01
5.720749161797112903e-01
5.813476200143005146e-01
4.961560905757536610e-01
5.430162224918735348e-01
5.942100811278825390e-01
5.790916924065589999e-01
5.940169488784714513e-01
5.093762844311616744e-01
2.022919786325377278e-01
5.310219658403297904e-01
7.699978088009363786e-01
3.458423719895299397e-01
5.079021367993827862e-01
5.544981996088044207e-01
3.608187764145993071e-01
5.188598568136448819e-01
4.696774882081117264e-01
5.320157154323365001e-01
4.159900245922858453e-01
7.650230629309295871e-01
3.368497654870998836e-01
7.342199807185879612e-01
6.957167267025311519e-01
4.804357354149647596e-01
5.534859074968244697e-01
4.542446210185973610e-01
5.435984302220030484e-01
4.968296446673791666e-01
4.899404492866016869e-01
6.167638496974727769e-01
5.245191855040028939e-01
3.125850176158600502e-01
6.568165576826100471e-01
4.091864859323449677e-01
5.760408205036182672e-01
4.859849532176026554e-01
4.575183043102314939e-01
4.089840212830813115e-01
5.554897698001936002e-01
5.302220136127787642e-01
3.817952845822848440e-01
7.908544121636130741e-01
4.067518246693584416e-01
3.966175542882434679e-01
3.154705564050012789e+00
5.429549818441914422e-01
4.539435443407717208e-01
5.039888284205980007e-01
5.068493985583348849e-01
6.528468963820280302e-02
3.107014332680456681e-01
8.070313838489702116e-03
6.554957590252820099e-01
4.715797047178048040e-01
5.366165047025867052e-01
4.015885655328860770e-01
4.631306101515071938e-01
6.423280995849105501e-01
5.578037426999724602e-01
4.182953183353382287e-01
4.918233556504500448e-01
1.520925958648191856e-01
5.011068844536535893e-01
5.140391710296645655e-01
5.572688509871862594e-01
2.510754582658901723e-01
4.740682918286854841e-01
5.147101342896348575e-01
4.201366718954246404e-01
2.737845936430579052e-01
1.042923016755897825e+00
5.318471985580290884e-01
7.308791302887176489e-01
4.817438541403031849e-01
4.771254172796816073e-01
5.688388121845838752e-01
5.635893319387731415e-01
5.155221866422445842e-01
6.537798285714344626e-01
4.654380177130134078e-01
4.902751558455223924e-01
5.591753682242567303e-01
6.000950055306273345e-01
5.305725146783846213e-01
4.487775049985029407e-01
4.616696739708921471e-01
3.969035797681057520e-01
2.122742557406530617e-01
5.961710595654213796e-01
4.395453759388456838e-01
5.623821491265024175e-01
5.023017153741474727e-01
4.799555618939138624e-01
3.893306729784825615e-01
3.734669688134681365e-01
4.709690432058985521e-01
4.911009643201240671e-01
5.221255134664286590e-01
5.819795370252017763e-01
4.777130452276279748e-01
4.072722844190050928e-01
3.629987731593559142e-01
4.055612032532723288e-01
3.489219791626729794e-01
-5.405081501393859122e-01
4.023795997163849836e-01
4.780035267503905394e-01
5.096170359993822396e-01
5.299790790331927459e-01
2.354548706230008004e-01
5.504852827840294172e-01
5.086520043047401129e-01
4.397760248724750243e-01
1.623188934782111015e-01
4.700885063143834253e-01
4.796980292685693037e-01
7.437260180967987244e-01
5.492795428017758219e-01
4.895813429152391372e-01
4.766129576941239288e-01
5.581070555236229414e-01
5.331038573380277867e-01
4.970196964416553898e-01
5.879746789998719914e-01
4.772145831164538166e-01
6.455101762966922729e-01
3.401549259386862922e-01
4.647636044394375943e-01
4.334215919273490258e-01
6.879194823621643806e-01
4.234274120219009840e-01
4.845899839795875241e-01
1.540570476390992760e-01
4.932758207957244623e-01
5.768000629745265728e-01
6.126094743920972308e-01
5.254850500905509092e-01
6.310940132799671698e-01
4.540514968930351447e-01
3.341085036535531572e-01
3.603897215346743010e-01
2.035296927676439327e-01
5.436569218028787231e-01
-4.946230827735017405e-02
3.041889050049769172e-01
5.523128712109200977e-01
5.263735628362162799e-01
5.232601175589920439e-01
5.083066936729874197e-01
6.044767598408218312e-01
4.280130909225771108e-01
5.904900652640998615e-01
4.470229504178009350e-01
1.322917578842172925e-01
4.119698405053392465e-01
5.153904209775371781e-01
5.332456448586052611e-01
6.971327398241043971e-01
4.409668608622818176e-01
3.846948533946122906e-01
5.168384417429912059e-01
3.415132575518438629e-01
4.747549796391661858e-01
5.231633339432928409e-01
4.725029975486472744e-01
4.947962931435891387e-01
4.152149220901146798e-01
7.210968180629363511e-01
4.993784628555504868e-01
3.857909235853962948e-01
5.704250335403984185e-01
4.583281995129794284e-01
6.618198946833981910e-01
4.721374476590259328e-01
7.866982477371858851e-01
4.611664079311160735e-01
5.257665671302509391e-01
4.628424159200487664e-01
4.635076635527156652e-01
6.293799172854720458e-01
2.385057166292541830e-01
7.574138937914447478e-01
5.146768292403368639e-01
3.573232231391027525e-01
5.615986201584463045e-01
6.474001979167532950e-01
4.581446204965951008e-01
5.382745534732688020e-01
1.048153056684782758e+00
5.278283475089897703e-01
7.229693754358387237e-01
5.721791140454142166e-01
5.207794077789563714e-01
5.058611884346201348e-01
3.629063784110593827e-01
5.564246501834272385e-01
5.702813322326434342e-01
6.201257025541208057e-01
5.531323291862149105e-01
6.349034171703629159e-01
7.151906855079885883e-01
5.371383709422359320e-01
6.018555251478501233e-01
8.098719443227746229e-02
6.266823874910011360e-01
9.957062458067700295e-01
-2.161067234179032959e-01
4.433724263286563105e-01
4.489605331246386832e-01
4.582798804049269537e-01
4.346921396887408195e-01
6.030913342807836530e-01
4.766652262185618327e-01
5.724175388245079654e-01
5.537263502961388140e-01
5.418197458014242240e-01
5.143945220176135980e-01
5.710915200124223601e-01
5.463323448028091223e-01
4.622916804469667240e-01
3.731139462897806736e-01
5.516343788213273758e-01
4.082139456671440292e-01
6.839950142608731687e-01
4.151505954979499702e-01
4.903337721972065300e-01
5.134658393550143307e-01
5.118261060350987046e-01
3.784085407936195744e-01
4.647834103933872196e-01
5.191126588384268326e-01
4.438752008285996586e-01
4.168682663664816102e-01
5.677812539637825395e-01
5.604483785118602457e-01
3.643311986058105911e-01
4.145172902449809627e-01
5.244315998980095817e-01
5.450008130181742683e-01
4.008788333644992541e-01
5.104204069306473857e-01
5.062994323977079159e-01
4.051001799086458854e-01
5.377023655347874520e-01
4.782367471622690491e-01
2.881926702859115008e-01
5.898642473464030811e-01
3.621678911335071138e-01
5.280226707985364865e-01
4.818781106471094478e-01
1.113514143661453737e+00
4.310570332078690892e-01
4.469870711794652340e-01
5.412009486354110166e-01
4.737224067110620829e-01
5.014611136192760332e-01
3.883568523512183068e-01
7.085024969106326065e-01
5.333750327630004673e-01
1.082951872354566136e+00
5.901955979421223963e-01
5.387781845590335905e-01
5.373434558708686248e-01
5.423814022002819701e-01
6.832599761555857576e-01
4.797088344419374040e-01
6.459985053740425753e-01
5.813529178185783408e-01
3.614655986745884952e-01
6.007552665626226807e-01
4.765386590156949764e-01
5.435586870324480291e-01
4.976879967055045650e-01
4.734143941017996404e-01
6.973812789591307126e-01
5.879746789998719914e-01
-9.410958199125935009e-01
5.300626402286536809e-01
5.507805152806041216e-01
5.222168963338559289e-01
6.774657229712113260e-01
5.851932793944012445e-01
5.563631721558258691e-01
2.871625801158191327e-01
5.551361407228487810e-01
4.344096406599346483e-01
4.491698741169851128e-01
5.291911750662752212e-01
5.324606615055729186e-01
1.504864125344259063e-01
5.617094442214468630e-01
4.851663661302886288e-01
4.793299298423174259e-01
6.132484101197035464e-01
4.200243203851150575e-01
1.881317571063762517e-01
4.109282922577719988e-01
4.786807453556919945e-01
6.637195510880390392e-01
4.158352292729066146e-01
5.089949269918320196e-01
5.049280685072722319e-01
4.378095743603599987e-01
5.246427669953152018e-01
6.349688486416253941e-01
3.595870515374563481e-01
4.253666166833217077e-01
4.412888152748205561e-01
3.925625515209362759e-01
2.645789849434090901e-01
5.165184577732698790e-01
3.410490465109661806e-01
6.391721063697838323e-01
2.496050230775057333e-01
4.062077374483931136e-01
5.140288414056474187e-01
5.172425776607024739e-01
4.286650564925232887e-01
5.468636570582551260e-01
5.057777330901318535e-01
5.495683716618311454e-01
5.157658068354998848e-01
2.817452648235846402e-01
6.989341264809024734e-01
4.934037356073237568e-01
5.776068873254165403e-01
5.615057419401046079e-01
3.425657532140682915e-01
5.516221284698291649e-01
3.588622904184602391e-01
3.388361962291339680e-01
4.790927840758849032e-01
5.150243215343924819e-01
4.967336487900473330e-01
7.723181265854522914e-01
5.478735541052619507e-01
5.295309342283602838e-01
1.653039214127902459e-02
5.248991664683049230e-01
4.749682514257138610e-01
5.687496903302223794e-01
4.496721492492871119e-01
4.607985063739910014e-01
3.421317891904523401e-01
6.255308235311294318e-01
4.119610147948954970e-01
3.702799349566086029e-01
5.416977901670787521e-01
7.251638623859801847e-01
4.559930931196979897e-01
4.266678011669271520e-01
5.783130426932947543e-01
2.850411040620692282e-01
9.048325165208878085e-01
3.922894577310791497e-01
5.913702187919470665e-01
2.786640436126476272e-01
4.263285553377278436e-01
3.795548843366909897e-01
4.841307545733475881e-01
9.134662808375376697e-01
3.655410459474048857e-01
5.322178689474245106e-01
5.566814399026928095e-01
4.165835449628337295e-01
6.072126111486361166e-01
5.175913751190962531e-01
5.163106297818472745e-01
5.661819100531910731e-01
6.317747392802965933e-01
6.446507050070365841e-01
6.550855576765406418e-01
4.224412156260374251e-01
7.045573093788457530e-01
5.267789418991544181e-01
3.726056722006822475e-01
7.145123360209202357e-01
5.063960922359486139e-01
4.601161928066241358e-01
4.449969526697714617e-01
5.508256035419423213e-01
5.848772172539865588e-01
4.200483010094022140e-01
4.792311099734757884e-01
4.966104314046547175e-01
4.751652410331260734e-01
5.353908473086984587e-01
4.773264433413246244e-01
5.118672307092417828e-01
5.248017700187762591e-01
5.796225967577616212e-01
6.130639472832167813e-01
5.172221129672376350e-01
6.950940352609650263e-01
4.855167316282612555e-01
5.970419597397027545e-01
5.245712778469134863e-01
3.850423647543216865e-01
4.422535479428935656e-01
3.652676352540035754e-01
3.762905538183557996e-01
1.807098995160948685e-01
6.190697311393645874e-01
5.071740671533796485e-01
5.668183922496555782e-01
3.542530479109350927e-01
5.009926981726626760e-01
7.702445212474222647e-01
5.443998683538645578e-01
7.544779373674618261e-01
4.892748268505405784e-01
5.110502497823222745e-01
5.374194114950466838e-01
6.841144433826862326e-01
5.099431070054190052e-01
2.612047877052532940e-01
6.961589688572400458e-01
5.725097098224910530e-01
7.291382065243273702e-01
5.928192591349835672e-01
5.583352226373007321e-01
6.011989439719979123e-01
4.280012353796149860e-01
4.786710056096083465e-01
3.483518232590702146e-01
6.933196998957993351e-01
5.100705221868591099e-01
5.060288582436381910e-01
5.763810340420106870e-01
5.307022279698376810e-01
5.177491243450551561e-01
5.577691174495856830e-01
5.211295774285834570e-01
4.841334071193083011e-01
4.902607215467034152e-01
6.376546974631785991e-01
5.740453535414886677e-01
4.575723433501199811e-01
5.412759055765252736e-01
7.474374286933932465e-01
6.375585084420869464e-01
3.927460191601155337e-01
2.353674189368639147e-01
5.667672974206632297e-01
4.868965669464622170e-01
2.637561081988094580e-01
3.854721690449610105e-01
6.263290877833186387e-01
5.120923725292988449e-01
5.154470989320408814e-01
3.755710847825965981e-01
3.460036976867065794e-01
7.489400952441848114e-01
5.407206142047334962e-01
1.333544360318196231e+00
5.650305794743695209e-01
8.210315860885295525e-01
4.690046488241353950e-01
5.561970915751971445e-01
5.407232368019746493e-01
5.241543676303297428e-01
4.479860773658028705e-01
5.889864026315999590e-01
5.453901490622408144e-01
5.879746789998719914e-01
3.396364881705380423e-01
1.600617516661969608e-01
5.167133643801775644e-01
4.885317513420640578e-01
4.950743661671202500e-01
6.649520751707937993e-01
5.478286452176165389e-01
5.325567661208582271e-01
5.388094709218805844e-01
2.319889176480195159e-01
4.029954826438679194e-01
2.761328077974267159e-01
3.988306473421440734e-01
4.573944041821124129e-01
4.968132426103740729e-01
5.686796185332645415e-01
4.778576476450149824e-01
4.653945451755165386e-01
4.028283983704007976e-01
4.533033788612661485e-01
3.638640734717086822e-01
5.508767924852993048e-01
6.102071893062172014e-01
4.382888400371841575e-01
6.084683558860827235e-01
4.353276911807830163e-01
4.531739178257040424e-01
4.091123911103501931e-01
4.128173340827949733e-01
6.025376754511663213e-01
6.310305427607170170e-01
5.786532015190045675e-01
4.948818564832372369e-01
4.994632515236506198e-01
7.874228169522589083e-01
1.053927954887658336e+00
2.691393711635982622e-01
8.002561923055583337e-01
5.483075290389455292e-01
3.927556754632973157e-01
6.953284714434224689e-01
4.320034689490760971e-01
7.025634196542424048e-01
3.594443565647863492e-01
5.895807213778561096e-01
5.551753253737077287e-01
1.695373632167415101e-01
6.257141456611868824e-01
6.435826859486788454e-01
3.957453976479615165e-01
4.666894864325525361e-01
4.606878900458789006e-01
5.711924161154245949e-01
6.044347086543886416e-01
5.324852403120147182e-01
6.868975853953517285e-01
3.997087704719755608e-01
6.189453145613016405e-01
6.260332447443996973e-01
4.979134541975980821e-01
4.245518615250558625e-01
5.605854243637125034e-01
4.835379269600096896e-01
4.969804583683269383e-01
3.920626053240672260e-01
5.771703736146507335e-01
4.234074547276676093e-01
2.995843937115332256e-01
3.113457729699897758e-01
5.058528164224549428e-01
4.881126577560280788e-01
6.613511978698266569e-01
7.102949378986582740e-01
5.112747528670686936e-01
4.232394979919724687e-01
4.685454262018215466e-01
3.480903502750161693e-01
5.603252517899977025e-01
3.088370940846280055e-01
5.579234591615560568e-01
5.835687034633206816e-01
4.430727569995502879e-01
5.645033210850273209e-01
3.610980075820516833e-01
4.919442664373794849e-01
4.173539069589078665e-02
7.532693363148528221e-01
5.495008972054932217e-01
5.457665457000894227e-01
5.745900823165164262e-01
-6.493582098574965378e-02
7.025844858208776245e-01
4.419516799802349905e-01
2.344931339588026964e-01
2.867875526210083015e-01
4.471794097200816887e-01
4.942274620817848629e-01
4.555923969232163473e-01
6.919457316229129518e-01
7.519253811277899491e-01
4.725800681377014256e-01
4.985653885819185671e-01
2.865022438531261151e-01
6.951232103662504658e-01
5.335263492696146193e-01
5.512865149343528781e-01
5.010361806921739269e-01
4.687599097056169284e-01
4.352318471204476014e-01
3.641373517738227816e-01
5.637453008879905747e-01
3.882426601779915831e-01
4.755083546695583196e-01
3.568042714159967432e-01
5.113033665467228150e-01
6.584032598665923164e-01
3.302472047735457994e-01
3.991752999949282343e-01
5.300735518652534006e-01
5.523128712109200977e-01
5.380049913729813005e-01
5.776245650866055348e-01
3.627530870146069564e-01
5.760447732210224325e-01
6.483805882342812410e-01
4.628918894992821165e-01
4.721443249282731847e-01
4.709353099602461845e-01
4.879739920262532449e-01
3.584262939271684045e-01
4.684114433073704453e-01
4.136525309624637936e-01
4.763802116185186231e-01
6.337714454162872713e-01
3.335699166006036998e-01
6.378966614601789820e-01
4.257579897855275353e-01
5.551047647955240638e-01
5.741750423681896143e-01
3.104182164198720506e-01
7.905792938943068116e-01
7.543912222816063773e-01
7.296018651643882968e-01
7.361003169634181553e-01
4.879953892924822068e-01
5.684551386200040746e-01
6.627083358251366629e-01
7.060562067989166746e-01
-8.382327251600249496e-02
4.601519606234387161e-01
6.615526814620218410e-01
6.668040298215475170e-01
4.448473852991464139e-01
6.162422477438558310e-01
5.360331028036059431e-01
9.855740522657545633e-01
4.847240976511807964e-01
5.068908657954672714e-01
5.600637306416471617e-01
4.525866383695638095e-01
5.594922899634382496e-01
5.773208961643376824e-01
5.770136429409652434e-01
5.032132711520479473e-01
5.792655073029673307e-01
5.345678741095408748e-01
4.356268317929624101e-01
5.528244325361916234e-01
5.306229841364783484e-01
4.451243760375311886e-01
4.235326897149678249e-01
5.966235341985156593e-01
5.790529934630781472e-01
4.808797126694419055e-01
5.585144164073512218e-01
3.435655192259479684e-01
6.147061524614331196e-01
5.587293849087641151e-01
6.599791258434155594e-01
7.603479130456253232e-01
4.897353531738370402e-01
4.861206949920977571e-01
4.139056372219617197e-01
5.265397802015426842e-01
4.579467456312887874e-01
9.549230072678999148e-02
5.629928487400397419e-01
2.958192673514490334e-01
1.719141528996029344e-01
4.747481530114614490e-01
6.807638224568831609e-01
5.859602615177412765e-01
4.831496395316732806e-01
5.315574644180345310e-01
5.963719399581897118e-01
5.070048963533204667e-01
4.235088022259239637e-01
4.794548294929810162e-01
4.816229881776360466e-01
6.961122949626345147e+00
5.186465253408776288e-01
7.589773273039903678e-01
4.545586310933497076e-01
4.960663375964757815e-01
4.875998105700369845e-01
4.830535783272778549e-01
5.993921402323956205e-01
5.844715801895736806e-01
5.579565017294074725e-01
-1.451514823340144478e+00
1.843566408284961655e+00
5.831522584591548597e-01
6.631857808444877600e-01
5.339549428928374031e-01
5.494254032552303713e-01
3.530287934374292114e-01
4.037901032202915741e-01
3.499377808181761695e-01
4.305559298221516840e-01
4.708294082178620110e-01
4.002423921761602554e-01
1.298232797301031471e+00
6.421606513097088964e-01
4.062025381419802073e-01
6.408285423080110066e-01
5.278515589695242927e-01
4.276660994357158740e-01
4.489283500910304925e-01
3.919219965510691295e-01
5.200592166135105110e-01
6.428657651943099349e-01
5.069190760456474543e-01
1.629351112157281511e-01
6.755957783199996181e-01
4.462986561051845991e-01
3.416733937630424545e-01
5.631180280179933773e-01
4.111230430285276460e-01
4.564682642151030034e-01
4.753659666046496923e-01
6.331680514276363247e-01
3.687049667459810776e-01
6.630696260535244857e-01
2.251371857038604318e-01
4.951603123610944235e-01
7.099316107590458724e-01
4.986213251757293796e-01
3.830610072977046476e-01
4.381991822351808397e-01
6.470649000067600909e-01
4.959840552982600070e-01
3.843986145842712143e-01
4.633577542127743087e-01
1.225955834788249044e-01
4.494432103128572775e-01
5.381957568945385795e-01
5.230459312494587509e-01
-1.931267117420843171e-01
4.665785896547094413e-01
4.517655793409621201e-01
3.631511312855427165e-01
4.184028746738783777e-01
6.518844027487049608e-01
4.973783781314289332e-01
1.979182107709573368e-01
7.272743677488292535e-01
4.908764337078025952e-01
4.446859885747857510e-01
4.430593785977259835e-01
4.093258426014634299e-01
5.091993846294087245e-01
5.006671292668629647e-01
3.724985243509455479e-01
4.618572402330223259e-01
6.446668772797123914e-01
5.244766094346046126e-01
5.037262413001127870e-01
4.354027656724397954e-01
3.097553794508228764e-01
3.299146527421771280e-01
5.764078834637225146e-01
1.044363339213968844e+00
4.192971536159003088e-01
4.067046538646202913e-01
4.955302348748417129e-01
6.358980668869007591e-01
4.078764051829565362e-01
4.711964496889865517e-01
5.536871420883267003e-01
4.838677569790405530e-01
4.086422333984806587e-01
3.289647665590380576e-01
3.892054112811940136e-01
7.180044554346146635e-01
4.668503553821652940e-01
7.090448110166543971e-01
4.175499519868314802e-01
5.269062114297200505e-01
4.872672466845959782e-01
6.221090323893951890e-01
5.748135530580057440e-01
6.066710565578080638e-01
5.603236282610362107e-01
5.624454782279587617e-01
5.080104687021732568e-01
5.706897891496633957e-01
6.622279382357458832e-01
5.043041819502177558e-01
5.876577718991289334e-01
7.005335651808957120e-01
6.202327528925766220e-01
5.062495472268053742e-01
3.958892193376571944e-01
1.749297524794261316e-01
5.853785269135910463e-01
4.318324879931861315e-01
5.887931511095100268e-01
4.449263427799710624e-01
3.027993445628277547e-01
7.300071941882030346e-01
4.975653576064822947e-01
5.981670113384831566e-01
5.779284119406645770e-01
7.185184973671199238e-01
4.687481866011125042e-01
4.815708019399755901e-01
4.725605028920353834e-01
4.612154572530846597e-01
5.294000589388699884e-01
5.092165600853878482e-01
6.583535131566071730e-01
5.363675555013787122e-01
4.516787189938899494e-01
5.858915949024952052e-01
5.665739064218068277e-01
5.003035214372788531e-01
4.750739598298271971e-01
5.350170341331911272e-01
8.300854035555529364e-01
4.805750293821292041e-01
4.879788062674623728e-01
6.720050475582813876e-01
2.955880544523668552e-01
3.677087180772296571e-01
4.807857965252174126e-01
4.556396668051685417e-01
4.648162932495097932e-01
1.755988328348420113e-01
5.047721821929676000e-01
5.741156622900572826e-01
5.750491385047824533e-01
5.731884687361694652e-01
2.435376964420658541e-01
4.829959863895065819e-01
6.557442256269500058e-01
4.938586931902844146e-01
4.716598202444639010e-01
2.628415010319383183e-01
5.426224165326802851e-01
5.766927922081731550e-01
5.735936264105382376e-01
6.553909913518721764e-01
6.480100053367788826e-01
5.910588893394417287e-01
3.036005841315868037e-01
4.129567530282451382e-01
5.522544625558393205e-01
5.868904091169596660e-01
5.158014290852621642e-01
5.509420604930879151e-01
1.574645805397492382e-01
6.443827614695005757e-01
4.984799526751975129e-01
4.784754740597548794e-01
5.199291101984577779e-01
5.535364940432687675e-01
4.947448238054194536e-01
5.293726106268344944e-01
4.938430771131630537e-01
5.601099501969013517e-01
4.771565387401490721e-01
6.074702530606984618e-01
4.307200248180794167e-01
5.311729100679779547e-01
4.485869557329721369e-01
6.824268548480455499e-01
6.196389090281606560e-01
5.706571173020752452e-01
4.138513060428989365e-01
5.653535560776921098e-01
5.168401685729789863e-01
3.763747713556708230e-01
6.217995035112524604e-01
4.423211335339020112e-01
5.947917728113353286e-01
6.388334928442942484e-01
6.447279155736769241e-01
3.762255212437116692e-01
4.981783288023007850e-01
6.791265186130411857e-01
3.937378454745042999e-01
1.563688730974336916e-01
5.831087473459919401e-01
5.724334783568214569e-01
5.740056681960324925e-01
-6.647125536573639248e-02
4.793060395801221341e-01
2.865922552390149369e-01
5.855418428708537570e-01
3.494653353774860305e-01
4.825712715370595318e-01
5.715944870883865603e-01
4.092889103471459844e-01
5.428043124704950984e-01
8.738821810670777124e-01
4.756348787225978536e-01
5.595715571268491395e-01
6.592708499700192792e-01
5.072172261314802366e-01
6.765376160890455015e-01
5.189499156579416850e-01
5.040480935843331123e-01
3.490361720542281554e-01
4.995739478585340398e-01
4.475971048292078924e-01
6.287197282209540106e-01
5.522653673597167634e-01
5.021676061335671459e-01
6.981961566008977327e-01
5.822903138422839131e-01
5.349311146708278786e-01
4.083764147025371050e-01
4.900746084006451508e-01
5.871333992178598971e-01
5.630690171789437537e-01
4.817821426912914373e-01
5.198276403135355661e-01
6.521978420220754247e-01
4.653923343739480578e-01
4.934895070202545142e-01
4.720331209230376746e-01
4.195815479378935398e-01
4.309210388732262476e-01
3.838310568668683587e-01
4.621724971058654985e-01
5.153717082327731180e-01
8.687302921883008899e-01
2.789940163792639094e-01
6.321710525361740052e-01
4.917713292891346399e-01
5.521490685353598327e-01
5.898719743581448682e-01
5.576843049139574848e-01
4.071253464525358967e-01
5.398880842556558202e-01
3.325006631201234408e-01
5.320217060929953723e-01
5.562175268890667823e-01
4.116928804635493488e-01
4.675018079683442296e-01
4.688109946419465879e-01
6.723353371719722471e-01
1.524106296042871678e-01
5.332587829166579585e-01
6.004169308276974260e-01
5.231484114006065278e-01
1.186917156055176947e-01
5.504790706226451169e-01
5.178890847738406578e-01
4.539608211591268927e-01
4.870575921091456761e-01
5.374030024893761137e-01
5.831305915101311355e-01
4.379897699540261646e-01
3.546785853799285793e-01
3.158191194447723671e-01
5.057881952423788352e-01
5.668030047157009976e-01
5.513836134720412341e-01
6.143841345969881518e-01
5.245005950735389666e-01
1.174974839518999614e+00
1.620309529908868507e-01
5.515631568593120093e-01
9.607381980345700567e-01
4.761384951681610911e-01
4.775166906998115079e-01
4.262243549144890120e-01
6.071525537900060998e-01
5.219620196234401321e-01
6.223852166849926926e-01
5.514704573051634195e-01
4.468630021083838666e-01
5.113506900747446515e-01
5.106267556427311893e-01
6.734449372789951260e-01
6.431457327410293745e-01
4.074346552002330868e-01
5.570771278030451912e-01
4.553400473780745972e-01
1.991423092541310946e-01
6.588912004681267698e-01
4.466753053807552276e-01
3.567489944881405695e-01
5.614196566288348622e-01
6.601783839085954009e-01
5.835066628206504458e-01
5.571814878827973105e-01
4.775495150524698418e-01
3.902055682190267438e-01
4.991851495884584433e-01
6.273414462268304126e-01
6.362140252217484138e-01
5.396255066581009396e-01
4.913746443824903443e-01
5.523128712109200977e-01
4.697512044389879904e-01
3.683698021799819422e-01
5.361282334285631945e-01
3.936236711795734755e-01
5.059703318190789112e-01
5.009783572723111034e-01
6.310280845106017722e-01
4.947670476903750503e-01
7.005607647971884289e-01
5.979080088554784567e-01
4.860519379693740150e-01
3.888602580735814884e-01
5.296266402866764977e-01
3.999437373997996592e-01
6.308172187790997976e-01
2.476705547834561760e-01
5.320554420039957932e-01
1.787342462084155204e-01
1.436374199675324592e-01
5.519168106501183280e-01
5.544495451485591531e-01
4.842784554255837315e-01
3.214108739884808941e-01
4.671969638722031082e-01
6.987766776079646913e-01
6.186425590313024969e-01
8.380322992338258281e-01
5.072858369416930469e-01
5.656632624927847575e-01
5.014630281524381505e-01
5.810099747037509310e-01
3.850663987707052538e-01
4.648839906123232169e-01
4.860660094767121908e-01
3.635877481665911182e-01
6.274664937326509540e-01
4.808603875974390429e-01
5.643894784778928919e-01
3.586646946337432307e-01
2.695187884517996624e-01
5.872867464742334009e-01
5.541609556060014263e-01
7.045823074214258019e-01
5.272022575957546753e-01
5.024835291734728315e-01
3.690885086772903168e-01
4.470160963060884063e-01
3.928817600953862788e-01
3.926279746450690444e-01
7.646348285038162551e-01
3.976951520573307475e-01
6.454258222733609829e-01
5.165059385245629464e-01
5.681799015123714103e-01
5.349311146708278786e-01
5.084607467022880245e-01
4.104607860599023272e-01
5.361134501814229791e-01
6.502244243043443506e-01
4.624354310894576159e-01
4.279450007043898441e-01
5.499418618917852886e-01
6.424336955298112217e-01
5.519959641101770398e-01
6.317462184193105568e-01
6.146647078416185295e-01
2.833784920372770522e-01
4.567397101790920400e-01
4.352453661057377188e-01
7.191970643099938609e-01
6.071649961441237808e-01
4.730770885743197929e-01
5.687765836225993077e-01
5.358614980198193045e-01
5.782174856403891061e-01
4.970148268422802662e-01
3.545072059697604305e-01
6.464517001820611064e-01
4.095366435598858934e-01
5.768777444841813873e-01
5.943613603027200210e-01
5.088704815420468375e-01
4.071430533197704649e-01
4.999614941726734374e-01
4.233527968864964075e-01
4.250255485903978170e-01
5.020563072332414611e-01
3.433047318509448997e-01
5.435758138248325544e-01
5.581571739525520437e-01
-7.123482914687935263e-01
3.204965834557774174e-01
4.567381496578504785e-01
6.495943491706756001e-01
5.470648077691718791e-01
4.193268929089769004e-01
5.891856079873956098e-01
5.796253531893710287e-01
5.503061647117392097e-01
5.388124904998357056e-01
5.750651615386859206e-01
5.564246501834272385e-01
7.001182370848687553e-01
3.457460937342560769e-01
4.097420237367147555e-01
4.744388597946652686e-01
3.599546319983383813e-01
3.941382956724789888e-01
5.469910225631526846e-01
5.849704050420178048e-01
1.049485758082829567e-01
6.426851512655329390e-01
5.578899626820177371e-01
3.237904548452262832e-01
5.225928515465050328e-01
4.528118911946313330e-01
4.511653117794122148e-01
3.437275699787282202e-01
5.654307743508534267e-01
4.694505652119842498e-01
5.854471974177470894e-01
5.195315584120134833e-01
5.369768636041745147e-01
6.244952190174754003e-01
6.305177107727473196e-01
4.659228876332329183e-01
5.866381559300621884e-01
6.943747330246862193e-01
5.338390943249310405e-01
5.258783028793908576e-01
4.019422959590450151e-01
2.808049839091357747e-01
4.791733030361929324e-01
4.989662442668131859e-01
6.067311017099601411e-01
4.639739958008734511e-01
6.490836806831634664e-01
3.404693738159366156e-01
5.204852606387257996e-01
5.102251440308730457e-01
4.666655239031772817e-01
5.532485079608915335e-01
5.296754685457767398e-01
5.632599381993327325e-01
5.104803512401770993e-01
5.886232695440432039e-01
3.607876551622998251e-01
5.604657767352565489e-01
5.566075094716641525e-01
5.339547547657533810e-01
4.665607809542104967e-01
4.904987619258048270e-01
4.998752131335286175e-01
5.295803848660868285e-01
5.237179285747753932e-01
4.983243298606407357e-01
4.185714207815228183e-01
3.268719789054047586e-01
4.984167950639614153e-01
4.472708756447675293e-01
4.223734098422476935e-01
4.978119339684883293e-01
4.532715237009297682e-01
6.166886346054336610e-01
5.694484783994677723e-01
5.508666211079533692e-01
5.041567728135641913e-01
4.269567255722722110e-01
5.261077948771591961e-01
4.620493870189359975e-01
5.367732933258309025e-01
6.584534339460390573e-01
4.450191524307357538e-01
5.517200343690930042e-01
4.252339655947417474e-01
4.242888756961464281e-01
4.539943351745642230e-01
5.905965534373872616e-01
5.684145351202875007e-01
7.127984144207222261e-01
1.026134101361703799e+00
4.661195753395765973e-01
5.049332977469447314e-01
5.308927192758677860e-01
3.416865572254512706e-01
1.333216638493754935e-01
4.253457789189485361e-01
3.736492541459977557e-01
5.797208928175250353e-01
5.216682569910827683e-01
3.337195089317746000e-01
6.068667680093839945e-01
5.048506918237569696e-01
5.086555869530889895e-01
4.820847322280759073e-01
5.414446886221084831e-01
4.222446249010362584e-01
-1.428546229380073468e-03
6.329224134979348770e-01
8.415840265699419120e-01
4.882864003272249231e-01
5.877894300651081982e-01
6.964292199473345324e-01
4.389925076328254350e-01
5.215376422544739654e-01
5.335680338695002467e-01
-1.060925294800752150e+00
6.048688479240297289e-01
-1.827395624098698379e+00
4.975623889647204368e-01
4.679360162223960007e-01
2.094927590256142891e-01
5.336746123011224530e-01
5.068012987092485044e-01
5.606003254352313059e-01
3.966554926054906560e-01
5.487176410569221119e-01
4.768146465160243985e-01
5.466738484254393127e-01
3.728072764428982389e-01
4.892611218117790539e-01
4.988860991969596981e-01
6.498870891849476417e-01
5.071093820547138975e-01
3.734798062282023712e-01
6.354945211077198675e-01
4.302727213278721985e-01
5.323409466220617725e-01
3.467106094721001952e-01
2.934445433318292884e-01
4.187974452851446205e-01
2.612524887910817606e-01
4.940178837789825361e-01
4.389098381190833509e-01
4.355121293011338657e-01
5.207556903207183341e-01
-5.050481525057166216e-02
4.957387651765536307e-01
-2.059119265707383128e+00
4.294563879286630304e-01
5.030493273486000838e-01
3.289329528356516041e-01
4.254318518511026048e-01
5.155764726786757901e-01
5.567114190977007215e-01
5.068970259996817829e-01
6.106719298533317408e-01
4.634590406574740085e-01
5.418090218229441035e-01
2.685151989411723172e-01
3.431902204251889299e-01
3.023656255026607731e-01
5.937665573786444773e-01
4.691152209266343798e-01
5.452537362563633083e-01
3.300422112626651971e-01
5.147010098323167027e-01
5.002267608999881876e-01
5.480926829660501820e-01
3.955286078028861785e-01
5.364907088272793390e-01
3.679429885765151398e-01
4.859379159260421854e-01
7.273626717862555768e-01
4.843834352397560217e-01
5.146272767751318700e-01
4.635159034056210992e-01
6.971586070302205895e-01
5.726350638491567446e-01
3.237730960716431294e+00
5.425029137780597033e-01
5.329826973787243904e-01
4.026096101640360692e-01
6.370288500335713477e-01
4.371384256144143499e-01
3.952053239600152312e-01
3.365870820752526194e-01
4.598282971514712214e-01
6.699039031370255248e-01
4.914838067330954963e-01
6.421133713601083759e-01
5.824510542621370579e-01
4.324866784475313586e-01
5.816328263961588751e-01
4.680594519649370899e-01
2.941432950233590637e-01
9.276068466759218589e-01
5.049392925539709642e-01
5.630771219616327317e-01
5.462863622174238820e-01
4.194688847262259546e-01
5.391506055273114217e-01
4.073616844143224669e-01
4.529852743764152812e-01
6.878724917529077665e-01
5.506581426659165057e-01
4.173560999527581306e-01
5.615914826554835315e-01
9.476118796451455939e-01
5.068918959047036266e-01
5.042439651404553302e-01
3.976995498300863185e-01
4.743101235042599395e-01
4.735537682182943131e-01
2.888229923709095259e-01
4.354943205756569014e-01
8.304842427839891350e-01
6.456203187103077834e-01
6.020289183548870326e-01
7.163894797929554192e-01
4.075738245871176613e-01
5.344857741521265027e-01
5.578800285086750188e-01
1.532840367416782312e-01
6.322266309737186729e-01
4.140391900512998546e-01
4.845778196369082136e-01
5.086555869530889895e-01
5.593463833898217885e-01
5.338767019815884307e-01
4.821801132720324179e-01
5.260564301452386182e-01
4.373266102154159674e-01
4.683578273482399967e-01
5.566371769315112683e-01
2.663075908717251195e-01
9.817317380651969794e-01
5.466463483201456919e-01
5.557095159458367295e-01
5.653550799571812613e-01
6.284887626305061259e-01
3.502358364776133048e-01
4.294625683089434154e-01
4.460551709634150708e-01
3.799543068658804423e-01
4.861645765714304734e-01
5.247076224790060417e-01
4.525850015656413539e-01
4.964138699053513015e-01
5.510983714205386352e-01
6.417724392305039771e-01
4.710162152846023575e-01
4.387572760410266559e-01
3.790919693545335423e-01
9.744681721344266023e-01
5.499561532183827595e-01
4.512421758011325168e-01
5.321258058459870099e-01
4.778658798891530779e-01
6.022130477910172530e-01
5.276869619497432939e-01
4.463893235594031950e-01
5.463890038859068321e-01
4.709227933284282352e-01
5.431012002876964839e-01
5.106776299678051911e-01
4.800362334122496577e-01
3.510216256675417479e-01
5.207874546108403058e-01
5.287973051975967120e-01
5.759174269478514185e-01
3.619855104304622873e-01
2.948415072581165863e-01
4.506443860540455537e-01
3.797984040220929725e-01
6.318665598507259284e-01
4.462199201254965497e-01
3.886653496748717074e-01
8.160255467011229280e-01
4.623219635727481847e-01
5.614462524510944741e-01
3.081299589289568930e-01
7.960152132167634953e-01
5.419360942352091648e-01
4.982209891059418694e-01
5.594887790656286608e-01
2.591115388084630489e-01
4.465569062367174547e-01
6.006290248045668134e-01
5.855088173040132737e-01
5.164742539699564983e-01
4.861924927643862526e-01
4.707092295796782011e-01
2.554687880119198007e-01
4.680075907742512475e-01
5.330928307087420270e-01
4.029295645557386396e-01
6.831162890542716859e-01
5.227327210222332265e-01
4.168871704022460989e-01
6.225096192868818656e-01
6.850206786762178535e-01
7.139190211165303834e-01
4.503825739689606977e-01
3.128083044947896352e-01
5.390363133145628094e-01
5.152276742548511645e-01
3.064766425105278635e-01
3.650991033999191893e-01
5.231247563445415860e-01
9.171215165018836712e-02
4.712746630506407519e-01
5.676423490881430389e-01
7.608778031419503041e-01
7.002416595004233857e-01
3.959932292778527430e-01
4.152556063412483622e-01
6.403704921314037346e-01
4.867403486650710431e-01
5.793737145899350294e-01
4.422110737559118432e-01
4.888642645471354409e-01
4.077094284160163729e-01
4.304427841252806419e-01
6.634121728035274890e-01
3.358986307596034115e-01
-4.124824230359611099e-01
5.978569053621065610e-01
3.360337999304078838e-01
4.373063135994268436e-01
4.400800864341417040e-01
4.834733780031782446e-01
4.864546128626060506e-01
6.969750246944275140e-01
4.914285223655724955e-01
4.866311743240505083e-01
4.465747422200160299e-01
5.245452527733940329e-01
5.308736993308542651e-01
4.457495896487789211e-01
5.658891750119087183e-01
5.379834033061084986e-01
4.413455743495573458e-01
5.689679472498656576e-01
5.272341742612043358e-01
5.235196542956976895e-01
6.559369969396207090e-01
5.058802205659507223e-01
5.476635177834991985e-01
5.473382389761831668e-01
6.660442087840516834e-01
5.274938375315697536e-01
5.317015498211542512e-01
3.032560864256279576e-01
1.937492993125390917e-01
5.122707581459777781e-01
4.282925874604276983e-01
4.362016006699719339e-01
3.738032546402320078e-01
6.119992558862460408e-01
5.442466076950518428e-01
4.948979306420382973e-01
5.124463348524346262e-01
3.593981582666914698e-01
5.647138894984727875e-01
1.412591890120268312e-01
4.504697089023722567e-01
4.889992251612658158e-01
5.289763638368215615e-01
5.528575884790454253e-01
5.095381451702928333e-01
4.671367194155717772e-01
7.959616665483880693e-01
5.930535048647044283e-01
3.371335997480853774e-01
5.145248825319137520e-01
5.143777195581527018e-01
6.650358832557498046e-01
4.978150439908075042e-01
4.891700584908471039e-01
6.611284322791931567e-01
5.529428242182977682e-01
7.556159352693225806e-01
5.539091599619805351e-01
4.003675893534354713e-01
5.246372760097725019e-01
1.019695980192066642e+00
6.141828200858184816e-01
5.023420752971951009e-01
4.363614772449458390e-01
5.417555842726268223e-01
4.672474682399734291e-01
5.260038415212625607e-01
1.884882424298258696e-01
4.479555838773956467e-01
5.084246769380259545e-01
1.512978988026738303e-01
2.595192492851618460e-01
6.188211836850283643e-01
3.255553181786170480e-01
4.716430078224117528e-01
6.654841384777507862e-01
5.899448528840471884e-01
4.690485163424269466e-01
5.095348475926756437e-01
5.362728455512008052e-01
5.007866481578718831e-01
4.059638898357550429e-01
5.645409156528300443e-01
5.420746996516971894e-01
5.466463483201456919e-01
5.191461658319922456e-01
9.644663047286246016e-01
5.200946226041583964e-01
4.862673461020717847e-01
7.811569993061758810e-01
4.850989493100439365e-01
4.144569056277478403e-01
4.641952147178337040e-01
5.545542633739465321e-01
5.128764635398768146e-01
4.437889963741959987e-01
3.783941076764783529e-01
5.117249271376452802e-01
4.097621880211640977e-01
6.275988492161699295e-01
4.789104880502652595e-01
4.452327161181247606e-01
1.300357271089733535e+00
5.144207065250980815e-01
4.416248281589741365e-01
5.734705994652371519e-01
1.353515401712498123e-01
5.140345871963263313e-01
5.289032719014430395e-01
5.621826467276811456e-01
5.480217040390070737e-01
8.644507199749230653e-01
5.497658911144578386e-01
5.082599073345236418e-01
5.084127353386382886e-01
5.012458835871052010e-01
5.083537186018642906e-01
5.763044554989060764e-01
5.264111592583989863e-01
6.064680315759973794e-01
4.037898690642133248e-01
5.115950429291811208e-01
4.316751931028786626e-01
6.251715451193837203e-02
6.712135223342521329e-01
4.418541431824795640e-01
3.462341427369239333e-01
4.683278148560721110e-01
5.518765670793229772e-01
4.907774175655950089e-01
5.563121400435219188e-01
5.784402973616359356e-01
5.527919225244002366e-01
4.633960044861806238e-01
5.698972602840615131e-01
4.737911371466756449e-01
4.804133971956769389e-01
6.008196167055331882e-01
4.988530084747395121e-01
6.389549928054740757e-01
4.550820987966321396e-01
4.230691917690780901e-01
1.065461830215949784e-01
5.103929510254396895e-01
5.068635595029693519e-01
3.679842977477751353e-01
5.068591593454043753e-01
5.308122639795183062e-01
5.351701345443625746e-01
3.666320173811346006e-01
1.876962274150121568e-01
5.267218416646349821e-01
4.562547314167736956e-01
3.451102529054018153e-01
4.991146423242818764e-01
6.462918643876607305e-01
7.355698323958695939e-01
1.461483756770961540e-01
5.215896162652753354e-01
4.952880850099314336e-01
5.166979535733303708e-01
6.576459719700019635e-01
5.101339724573494827e-01
4.759871093310227286e-01
3.490933310365582631e-01
5.241899319808840385e-01
4.634243641668928659e-01
5.048526231635094286e-01
4.493015857850550798e-01
4.134576938963635540e-01
3.029335820161759840e-01
5.267217852905962117e-01
5.389778244822589492e-01
5.294761479004747029e-01
6.176954172970247070e-01
4.274172437399801350e-01
4.889216198462494334e-01
6.290426566162549138e-01
2.420151749500273619e-01
5.383972907731439106e-01
5.911585900271213445e-01
2.646870865819374030e-01
4.411494942132095920e-01
5.771728835465803620e-01
5.070906934683904188e-01
3.893593773725213536e-01
4.257908199867163623e-01
1.229161161101268995e-01
5.778726784089279755e-01
4.182658363276864355e-01
5.479959224141174312e-01
4.092637137956691706e-01
5.625740979034569156e-01
3.838414880281639241e-01
3.717786312991176456e-01
3.858542924174363509e-01
5.121779018748937595e-01
5.005673920841420266e-01
5.012743339692753430e-01
4.227393080036865869e-01
5.176858678124500734e-01
5.441433481556253726e-01
6.349694363512669026e-01
7.277301831933336018e-01
4.426255448664701553e-01
4.517192890091669133e-01
-4.897065320332002342e-02
4.890501889473096164e-01
4.636972934076808439e-01
4.920970421517838478e-01
4.409926382008834134e-01
5.888358804355761089e-01
2.752049220238238503e-01
7.169419562903316390e-01
8.606541106313726486e-01
3.276840754808633682e-01
6.322054379908865762e-01
5.646086446657248015e-01
5.333275757038734577e-01
3.443496394945792516e-01
4.488459595492071963e-01
6.562441806571914782e-01
5.765141394410260300e-01
5.398630772243646625e-01
3.615339457366628095e-01
3.811486878644900211e-01
4.864486979834810598e-01
4.014083178147263009e-01
5.023134180333054255e-01
3.103103773852333713e+00
5.548359692505214769e-01
4.435041412681547390e-01
4.763160460535802443e-01
4.436300982885519328e-01
7.111170907065085256e-01
5.526282533861399671e-01
2.525714629910729148e-01
5.850839317540800222e-01
2.124483672672338175e-01
5.100521783773177553e-01
6.661229002630865148e-01
5.315732151055136967e-01
5.584306759141443033e-01
5.938303766759830404e-01
4.881636971481199128e-01
5.113238796955467125e-01
4.910301523864409878e-01
7.198748056481317770e-01
2.325161873912902355e-01
6.490916148535096353e-01
3.931115437620960051e-01
5.314472088740225253e-01
6.231371589396377253e-01
5.974304359914265339e-01
4.892284620248421034e-01
4.929921268864200790e-01
5.107282712675927927e-01
4.858680500714621098e-01
3.563421476364052598e-01
-8.406456330571379643e-02
4.749708285260828000e-01
4.463300504998251039e-01
3.700043394441404065e-01
6.077970797091900579e-01
-4.792893969462035941e-01
4.454955943496868298e-01
4.763639829233516920e-01
4.784942661383186913e-01
6.064508171132630965e-01
3.936058247824030798e-01
4.868594151893150257e-01
5.772272463237267948e-01
5.395306150853311777e-01
4.883743885117461936e-01
5.792325669067905913e-01
4.977645957926813969e-01
5.792187661527092857e-01
3.463574476653907830e-01
6.485529644005754157e-01
9.782442021020070211e-01
4.995804290456790087e-01
5.382201560563625309e-01
6.760385758804933198e-01
4.781768988660118347e-01
4.637247334862175663e-01
3.738105014893625122e-01
5.803574036185891183e-01
5.728926367688830235e-01
2.105143938225083333e-01
4.793050373583964130e-01
4.450557951361198694e-01
4.890247119429863010e-01
2.317707901333989906e-01
5.620511034210159407e-01
3.092446304262732037e-01
5.294256483392204560e-01
1.238284121288002609e-01
5.060566169065947584e-01
4.695879146225460654e-01
3.904627673813815814e-01
6.569693063305780401e-01
5.028318541371638029e-01
4.775628271772619504e-01
2.419999760946104361e-01
4.877548179571116194e-01
4.454475282543103876e-01
5.091456013194280983e-01
5.197795359982476660e-01
4.965502443959460277e-01
4.630466814012488830e-01
5.594896582823889464e-01
5.256122114607616469e-01
4.628210322174772795e-01
5.898642473464030811e-01
1.954367938767676804e+01
4.670626649137828990e-01
4.582201172848783810e-01
5.037537873651715126e-01
5.460565506995996854e-01
3.891587397816975158e-01
3.080672889465564945e-01
3.732988487055417526e-01
6.195472962186845400e-01
7.107883395507851310e-01
6.977683271602700188e+00
4.242703596574542990e-01
5.353099992356121772e-01
3.995242116022399981e-01
3.744951478064314498e-01
9.469423628318913988e-02
5.491609440463984804e-01
5.542880313911520140e-01
4.450573438848792751e-01
1.140376559598539480e-01
5.945914966383757383e-01
5.432735729656660295e-01
4.382447602379652696e-01
4.541487588541781584e-01
6.902485912158130565e-01
4.459962816325168111e-01
5.271392141192018377e-01
4.679029455455294695e-01
1.939799278664593729e-01
4.673728725232975112e-01
6.109357253392103670e-01
5.028981570511139587e-01
5.324852403120147182e-01
3.704235646199576237e-01
4.627210031348151786e-01
5.433299747078520481e-01
5.487148141022419878e-01
5.667672974206632297e-01
5.244118572020787239e-01
5.523915295562765726e-01
5.127931288312924663e-01
4.925911452476694485e-01
1.995321345691634662e-01
5.347369722832682193e-01
4.854924298580861608e-01
5.361919713450671310e-01
4.867540969714764798e-01
6.604013527332392997e-01
7.239916407322403158e-01
3.525707442499849686e-01
5.139265641724863887e-01
3.880266222727912773e-01
1.778793479323684534e-01
4.662882516668196420e-01
3.695006502356340539e-01
7.625268718096093190e-01
3.461364638710141550e-01
2.907215176907484988e-01
1.673589077034633443e-01
5.227298811547419488e-01
4.698530340653032655e-01
5.867716665458929670e-01
6.865678235452540301e-01
4.822458867143597505e-01
2.938856524362838951e-01
5.679253216719666320e-01
4.385786931893338458e-01
6.982192330896411780e-01
4.740696966150880209e-01
5.063127901166949441e-01
1.102531564465460523e+00
5.821164579472964951e-01
4.200448995887228198e-01
4.406707130114390081e-01
3.577789535300641283e-02
5.519076235395853347e-01
4.376645383394305866e-01
2.920844832916296152e-01
5.738267623256473327e-01
2.856113699604309608e-01
5.408679008413967981e-01
4.609505607526926396e-01
5.035787147777666117e-01
4.737350728465056782e-01
5.387621602322423264e-01
4.360826710116656457e-01
6.469339664183257899e-01
5.487447536427966233e-01
1.764819199521992510e-01
6.104653374303191660e-01
4.509373324228955759e-01
3.654490024579634122e-01
4.377331042583730847e-01
3.661972563977373696e-01
5.980213806048529923e-01
3.683485894945044969e-01
5.037705451585615668e-01
6.165676510333059079e-01
6.010863312767557032e-01
5.676331471565550929e-02
5.171394205428254676e-01
5.218837584066855495e-01
5.400809366102901077e-01
3.321926646567357477e-01
5.833451508000058183e-01
5.039052307868637781e-01
4.782594413320904736e-01
5.918281767313056108e-01
4.833619546659511657e-01
4.335471150563374176e-01
5.582568736795650022e-01
3.728899335904493628e-01
5.556903428719851545e-01
5.112233934415386649e-01
5.545959357067833384e-01
3.665778359328765168e-01
4.987158691838360913e-01
5.627501059224692126e-01
5.970902153253763167e-01
5.767719089133358512e-01
5.144673551837709580e-01
4.965841128720323017e-01
2.614533679972499969e-01
3.531375628554717094e-01
4.693799341032784400e-01
6.333115897942793726e-01
4.202546258306740778e-01
4.492999046752421122e-01
4.777508942104821132e-01
3.054448312876627547e-01
2.938426453071504296e-01
6.266028807119667920e-01
4.668906691130298992e-01
6.238208922859801442e-01
5.300802472761548811e-01
4.491270603220827717e-01
4.991272402994497148e-01
5.865623575637548548e-01
4.870168023410075264e-01
4.657985728448322260e-01
5.364848667663819626e-01
4.505572880131520352e-01
4.377400343316471543e-01
5.073167974833637794e-01
6.577968373925071610e-01
4.957770055594438174e-01
5.333891890551242243e-01
4.822578949216450583e-01
5.497930784231271906e-01
4.103869360926098442e-01
6.007281753704244442e-01
4.262068556340961600e-01
4.718749222201130133e-01
4.510672224908440775e-01
4.352948545403913516e-01
4.269187889134272718e-01
4.405108446591007310e-01
5.093333857269394249e-01
4.965375869361324246e-01
4.566877849504731302e-01
6.424336955298112217e-01
4.748472431866583299e-01
5.556575865794837199e-01
5.879746789998719914e-01
5.269742021942493970e-01
5.957964864044771325e-01
7.280349181430484373e-01
3.729431838573455948e-01
3.610092458986366437e-01
4.639212858066150691e-01
4.544464078204127344e-01
3.618897829623700657e-01
4.615138661534972653e-01
5.360765178059796465e-01
4.970385001464493469e-01
5.106822473422750752e-01
7.116409645029949660e-01
6.389448012620250195e-01
4.543527103437438042e-01
5.001985365331252931e-01
6.529376410116746188e-01
5.532089908252790789e-01
4.765554519668425693e-01
7.226378462282118109e-01
3.510078357975507379e-01
7.395725950524560943e-01
5.644689239359430566e-01
6.803093973154351604e-01
4.751421410371892140e-01
5.184137572545290951e-01
4.286543107719355539e-01
5.124950365644899142e-01
-7.558459006911969272e-03
7.713233141820458050e-01
4.929081394617098599e-01
4.833224355577209197e-01
3.933461565726736886e-01
4.171418021852207891e-01
5.743786437789604182e-01
5.205120048526874488e-01
3.684673740335368541e-01
3.319673638360332024e-01
3.804623902952855019e-01
1.770519390548981886e-01
5.176074462160712431e-01
4.111747105645074396e-01
6.655336032533644419e-02
6.450880587678446965e-01
6.412614392570679112e-01
4.914311472537027936e-01
5.737365449101242687e-01
3.819171342769066002e-01
-7.106121948620850448e-01
2.824774661811326748e-01
5.601397325532405658e-01
5.204611334707496262e-01
5.181114966981302805e-01
4.427894692840022572e-01
3.340264227596807523e-01
6.463500231385738148e-01
5.009312139390784679e-01
4.153845879081410897e-01
6.395181363102787619e-01
4.201360069876372560e-01
3.018218457124505205e-01
4.270354368115637511e-01
6.199297097091301945e-01
5.498805924503317177e-01
5.823307037959285504e-01
3.305901241879838359e-01
5.563733968713695521e-01
5.272836430845292410e-01
7.151985136567637902e-01
3.621956976259032013e-01
6.855953176057080212e-01
4.654929460937059504e-01
5.012022251675307682e-01
4.237199314563347419e-01
2.506876928614736322e-01
4.609659360241624149e-01
4.118479305784957245e-01
5.245986741073519477e-01
5.488701684545107540e-01
3.953503066090700568e-01
4.718625155400257842e-01
5.684584972791938418e-01
4.110843507418676657e-01
5.235636921617142781e-01
3.585439963813940589e-01
4.774630613029283710e-01
4.799892329195033502e-01
3.535969814054914506e-01
5.027973119932812596e-01
5.447058898760225309e-01
3.995197304624432122e-01
4.859055308883341584e-01
5.370338061387573969e-01
2.274738672538891004e-01
4.139274750773180300e-01
4.570052383673060548e-01
5.494199535379064026e-01
4.391058294042574084e-01
5.509188165518631441e-01
6.507531075346906224e-01
2.855997287170455312e-01
6.062398628608742790e-01
5.892079841224735492e-01
4.773515281497469065e-01
5.998952120377341046e-01
5.209958186089235221e-01
4.419885556597238363e-01
2.043061983274654658e-01
3.581013548808941738e-01
5.869946253902544875e-01
4.719751422399657281e-01
4.646611261119790171e-01
4.946662595032449428e-01
5.385835917482053592e-01
-1.312810950916214747e-01
5.192871721860307099e-01
5.593179708711835119e-01
3.471385996451353262e-01
6.501328421849754680e-01
5.562175268890667823e-01
6.641206411255096143e-01
4.888049603465507431e-01
4.342395401439541613e-01
5.381057719543456130e-01
5.056842110457394623e-01
3.047017355714548570e-01
2.089376446453410086e-01
5.695225073327735421e-01
5.226112371999102058e-01
2.819303623702887895e-01
5.003985082703671372e-01
5.867327485267848086e-01
4.717727856182825641e-01
4.169008492454678860e-01
4.592807765968892064e-01
4.641746028281096836e-01
5.285159583832286234e-01
3.888115177953064272e-01
5.288686721669707547e-01
7.764767305435091860e-01
4.971033821917909545e-01
6.866711698754067728e-01
6.791102098903161188e-01
4.544069666691462617e-01
3.266928067239665001e-01
5.761247909250377663e-01
3.681471037336365160e-01
5.799301231274769375e-01
4.759978771557328847e-01
5.031721529879455979e-01
5.242900206100440386e-01
4.789671748758005942e-01
5.320303820802853023e-01
4.750532003708353157e-01
3.535953294513436429e-01
4.579936349009711694e-01
4.642628774798022717e-01
5.068473777814013204e-01
4.635457291311420036e-01
6.200487189313206304e-01
5.195743186577842510e-01
5.328513913239635302e-01
4.441843212666247709e-01
5.339126537678376971e-01
4.845977318537588174e-01
1.824433152619945320e-01
4.562197575325664944e-01
6.516687374582980086e-01
6.373535566229557858e-01
4.077197320553025417e-01
4.991859904640941759e-01
5.078271973281840435e-01
4.072152868215584420e-01
4.934610174303319385e-01
4.028009817144269644e-01
4.561915600503975154e-01
5.312685116763827819e-01
3.041450326387941105e-01
7.160323697926581632e-01
6.342431997245082664e-01
4.838000177343099173e-01
4.092650574828197718e-01
3.260826960231162364e-01
6.127273485093475136e-01
3.419559151293624644e-01
4.073675027235981183e-01
3.233341441844018505e+00
4.141465384898188606e-01
3.715848069479772975e-01
3.526168850009523403e-01
5.034240966503819026e-01
6.198193993815216407e-01
6.595412119786531191e-01
6.063823142295629021e-01
5.192548725150787359e-01
4.992493344952104728e-01
4.847016484279125792e-01
3.420223307357035392e-01
3.409202007407184931e-01
5.095836642237133729e-01
4.370956782511506433e-01
5.823496814624382623e-01
3.854806363234555278e-01
5.072414802850627735e-01
4.802854606576600349e-01
4.305055871077491658e-01
4.604189280639929271e-01
4.345001042038016403e-01
5.707950803323799116e-01
4.546983716976943368e-01
5.398880842556558202e-01
4.410020534098295641e-01
2.604062333013265618e-01
4.448976461664227444e-01
5.234355300374055053e-01
4.472328815625322140e-01
6.285470537525744694e-01
5.288864626962146431e-01
4.601034169153784825e-01
4.888537080771465093e-01
3.757117190513121763e-01
5.531370510194593137e-01
5.653535560776921098e-01
5.268712614577504283e-01
4.885333870513092203e-01
2.283639502002968447e-01
4.502211742539994344e-01
5.383593014981447045e-01
5.573687133737003085e-01
4.145693233679749179e-01
4.434337709356502288e-01
5.633550349427591808e-01
3.535193473948974874e-01
1.530646212853114529e-01
5.614462524510944741e-01
3.612493826756103532e-01
5.398813398040182010e-01
4.533732956251630974e-01
6.172014251548446628e-01
5.773122733933933048e-01
4.302740952919265616e-01
5.521957925367753095e-01
5.050455335139046875e-01
5.246267442699730221e-01
5.026229668550433738e-01
6.202021943348619004e-01
5.559576329082270840e-01
5.879746789998719914e-01
5.183987690881276533e-01
3.709131672401141944e-01
6.276777466861689359e-01
5.395604203760829831e-01
3.645930275357732731e-01
5.102304220227249498e-01
5.496464520555187638e-01
1.104689489007224246e-01
6.063766460684349990e-01
4.771567092357437700e-01
5.279320943175603853e-01
5.829321485231900857e-01
4.437191153164596891e-01
5.305304163568115294e-01
4.053775528999541411e-01
4.474672840293137388e-01
6.754203806231922069e-01
7.436689244216193595e-01
1.426545250128596065e-01
5.274408810287712912e-01
5.755095001345903460e-01
4.294056595808865562e-01
4.068235551106621495e-01
5.572922645772696582e-01
5.610750282836953762e-01
4.851511518661772437e-01
3.834479420214432777e-01
3.902770556660793977e-01
5.604014414741507188e-01
3.944993304723163341e-01
6.068291577694387984e-01
3.256011115885413809e-01
6.259560970737075847e-01
1.260318475596995946e-01
6.133703699713847213e-01
5.245758591452737152e-01
8.663149676396035836e-01
5.365781872363979410e-01
4.789611032893749121e-01
4.393762049880962084e-01
4.546788990289075127e-01
5.516035033553804423e-01
5.660643873437151141e-01
5.831637718118919400e-01
1.337893254229210460e-01
4.434318769608731614e-01
6.455722589566141867e-01
5.429001520792086088e-01
5.667672974206632297e-01
4.894805260687492554e-01
4.575167838299784018e-01
5.523128712109200977e-01
5.495431784490031335e-01
4.662668249114506613e-01
4.437301606232473827e-01
6.549650757361893394e-01
3.126990862856183218e-01
5.378673793981585405e-01
5.366747593060805510e-01
4.859020009935138829e-01
4.093072653134858241e-01
5.140687327395275785e-01
3.204579093533696521e-01
5.091220895768656662e-01
4.528886776080735532e-01
5.448218767695534037e-01
4.887023432203422835e-01
1.861994388920784338e-01
2.297060110535687760e-01
4.976270713534510226e-01
-8.214015903787732498e-01
4.396821399268735497e-01
6.293652738021734416e-01
6.035721061622426609e-01
1.792033114114880699e-01
5.456052607927024400e-01
5.777201039618686806e-01
4.554329169215842188e-01
5.482369554897598141e-01
4.745081817804547852e-01
6.244083553742116877e-01
4.799124487329341493e-01
5.726877570351746050e-01
4.248808018489196869e-01
4.998408074738522888e-01
1.101947545374794418e-01
4.930611345625355302e-01
4.561593726601393395e-01
4.020672243481699937e-01
4.591556134294931812e-01
9.656885661086049844e-01
5.353328622983194451e-01
5.757671407601328006e-01
4.672798476174490623e-01
6.455431603660642947e-01
5.627138324556804072e-01
6.883636134453936517e-01
5.531044081065612517e-01
5.667795679249102436e-01
4.801200603396561517e-01
4.005035947015159192e-01
5.650453220295886814e-01
3.160625418475947246e+00
4.425072888446980879e-01
7.657288089995698543e-01
6.103940253410515826e-01
3.423857622794641564e-01
7.144542664262575338e-01
5.917100065509439677e-01
4.959774614597646791e-01
5.685299388069401383e-01
4.740531992111792214e-01
5.320378862624961513e-01
5.144031391849410717e-01
4.540852622353743762e-01
4.359033895368282230e-01
4.294230433519607426e-01
4.688940803092254139e-01
3.768027956044424087e-01
6.688876744887763959e-01
5.343136493396772879e-01
3.810859336854541257e-01
3.860173548853746972e-01
5.727317896030509337e-01
4.898083758490693884e-01
5.048382024496744780e-01
4.501411273319053663e-01
4.242601642002324369e-01
3.633395804177502186e-01
4.713607694170243168e-01
5.743750587393635643e-01
5.101994836060907978e-01
6.106997197139037992e-01
6.969898163780913203e-01
5.066981056771747705e-01
5.775534707747274066e-01
5.258622795726711763e-01
5.833451508000058183e-01
4.247314083596090417e-01
4.371223195833443542e-01
4.182888150730343368e-01
5.519196322662237586e-01
4.595770528549024680e-01
5.563446525701841727e-01
5.787080522985759146e-01
4.994032211131493870e-01
4.739596599138939381e-01
5.760863804955412837e-01
4.874043572376728917e-01
4.008610407939392495e-01
6.017307846721744458e-01
6.674126055396656376e-01
4.994130229266051657e-01
4.216212720740282194e-01
2.517872542704697181e-01
5.184125949323060700e-01
5.602005289341928096e-01
5.630910627403363788e-01
5.001709575919796036e-01
3.664934460024281693e-01
-2.035632312230938989e+00
5.523128712109200977e-01
4.574906497482426615e-01
4.697716839191487526e-01
5.054315309336067097e-01
6.134230158250802978e-01
5.507659483648957854e-01
5.540447028008117503e-01
4.091778871206526724e-01
7.287869814553316061e-01
3.290623163892990033e-01
7.254685464102084147e-01
5.879746789998719914e-01
3.733937456454921033e-01
4.851510517581211213e-01
5.347476133414690302e-01
5.765525896057491773e-01
5.029954877929055934e-01
5.386881743617573104e-01
3.560871247994942812e-01
4.937737934595824996e-01
3.980946990123495621e-01
4.820230491397228256e-01
4.162704279930289353e-01
1.412744995235394319e-01
5.782013763472055867e-01
5.247114783087170053e-01
4.446418298460453333e-01
5.265863386844104044e-01
7.524394654934083437e-01
5.507601441992461266e-01
4.800215834825797834e-01
5.499597365970705365e-01
4.819905675581055426e-01
7.316854386326980819e-01
3.217510067689796725e-03
4.675838250658255757e-01
3.991937596259965693e-01
5.360439992455471314e-01
6.083920696285612939e-01
4.979856207945537183e-01
6.155256841545326818e-01
4.866391823004452832e-01
5.157474958939145537e-01
5.745144591032930181e-01
6.034101841950444411e-01
7.477174955275941448e-01
4.814870463379425924e-01
5.474490003928591531e-01
7.364074687776809292e-01
3.247317080920218424e-01
6.027220986414018045e-01
5.519959641101770398e-01
4.646974689227543753e-01
5.467127311877802986e-01
3.850673870712237878e-01
3.261095550785862440e-01
4.325387379009222322e-01
6.077266334679923832e-01
5.510884171114560637e-01
4.689630190288688327e-01
5.796059308767808060e-01
4.522996718766592594e-01
4.373337521686843643e-01
5.420170213687887095e-01
5.278208686726302279e-01
4.141792368333267471e-01
6.005627055513625967e-01
3.464563517182767116e-01
4.912561270298620997e-01
5.563642611147446848e-01
5.257082649438012956e-01
6.295893444606123213e-01
6.957020548714976105e-01
6.519269722306123005e-02
5.551753253737077287e-01
3.473031487636329961e-01
4.261984459866341446e-01
5.800924405434273456e-01
4.260739133753252417e-01
5.172448575725692166e-01
6.190254317506309611e-01
5.306161528823135631e-01
5.882502188216101047e-01
5.217632766769993991e-01
2.898057027929155649e-01
5.247088292811491472e-01
5.546513017290717329e-01
4.029742156399346298e-01
4.801744129025554142e-01
5.213344873507713695e-01
5.495984551797451489e-01
5.256825833302593010e-01
6.358887810720047495e-01
6.008080864123461762e-01
3.423108498851935577e-01
4.590433461612486998e-01
4.286557348800186795e-01
5.590140682006846662e-01
2.983608434077703042e-01
5.910373816473148967e-01
4.216327900077406210e-01
4.399142178961709670e-01
2.463303504468958016e-01
3.985981247390943394e-01
3.826123521836968244e-01
4.088898416951697312e-01
5.040461748800876274e-01
4.685534459202847501e-01
5.343067327255766052e-01
3.989049745128945279e-01
5.181695764046994057e-01
4.769318206184720021e-01
5.804867527934364224e-01
5.294697949448181618e-01
4.706910994254319691e-01
4.372542645633502034e-01
4.070570937840536918e-01
4.830492570308816402e-01
4.789748765060327096e-01
5.839565889838929102e-01
5.764769793664997755e-01
5.508486087483065452e-01
6.698420760253569473e-01
4.851261995747238043e-01
4.452387740669751515e-01
3.982801670566408769e-01
2.207691764976142668e-01
6.836618581551207052e-01
6.237019588346350840e-01
4.447069176731109352e-01
4.749222689019272914e-01
5.494509754854906003e-01
3.156429899285567720e-01
3.291237418694325512e-01
3.642352144844560602e-01
4.554565623517110584e-01
3.822948080251630243e-01
5.912175618489289297e-01
5.988560560124075449e-01
3.290692095722765886e-01
4.268930027249085435e-01
1.075273146933281909e+00
4.268086269186209258e-01
2.083924043526511061e-02
5.267512638782135825e-01
5.443615611653520592e-01
4.635734629127336026e-01
5.513605920283498607e-01
5.577892649935913827e-01
5.935254734938787413e-01
4.011180686706162235e-01
5.847416961562302840e-01
-7.150534639650474311e+00
4.802854931275352124e-01
4.620830011283521555e-01
5.495733292626019395e-01
6.574958976293361346e-01
5.864745513641721475e-01
5.195990764120345107e-01
4.858156183971522046e-01
5.604786412648262717e-01
5.509349311642051106e-01
5.501414240975851522e-01
5.666613634342075878e-01
8.425750579861641665e-01
4.323526885422990240e-01
4.888916687207660039e-01
7.220503823866032400e-01
4.520281750851097846e-01
4.910306518368842132e-01
5.430183136558508483e-01
3.045980234780040763e-01
5.585635691494943433e-01
3.795680876375515655e-01
7.128981749047665906e-01
5.714502405444643607e-01
6.789209805816875942e-01
3.232220742917730205e-01
1.014048596129966118e+00
2.620997092871261702e-01
4.465592035987330788e-01
2.631887911565408689e-01
5.704235796150999294e-01
4.809650262155449330e-01
5.188541591269996145e-01
5.112888563033235467e-01
4.769962579871203090e-01
4.135986483631412525e-01
6.418705581729264864e-01
6.402787594295888951e-02
3.676926241369329884e-01
5.499450651352757458e-01
4.386069988443882517e-01
3.023780319030236474e-01
4.571949998267669790e-01
5.357677697584108945e-01
4.953444068798217859e-01
6.121540766826004676e-01
6.811107464720624893e-01
6.707804877263708887e-01
4.227411427248693454e-01
5.105478658175105489e-01
5.283116050384739637e-01
5.551246330845401866e-01
6.736064007654025687e-01
6.372852276942222449e-01
3.450081971349473475e-01
4.352077203768652813e-01
4.358561334522962349e-01
6.828294767938539733e-01
6.805056074323764248e-01
5.348350608643006598e-01
3.375733342802417214e-01
5.275637645181343593e-01
2.784444300653442506e-01
5.876522794743044287e-01
5.530893980648673436e-01
5.994946160605246765e-01
7.701227866325397464e-01
5.196667809929460535e-01
5.946920446418311190e-01
3.818883641055611511e-01
6.858726807159655214e-01
6.474019539921058719e-01
4.860424961688794010e-01
2.282184861859302416e-01
5.032351524748299720e-01
4.950645828773806434e-01
4.080690802005641493e-01
5.351866826829931867e-01
5.477719137609664557e-01
4.935927555749468620e-01
1.869407415957057006e-01
4.779344079853274363e-01
5.895502044971743238e-01
6.339818860926431654e-01
3.600153098200571944e-01
5.233634137516816054e-01
7.116251593030340494e-01
4.964510857339333172e-01
8.011686122211701955e-01
5.824669480896813578e-01
4.784041198069527989e-01
5.200853166891639123e-01
4.489737510468082560e-01
4.580882693111559822e-01
3.454929216044447249e-01
5.150561971474255651e-01
4.122656275565648176e-01
5.981670113384831566e-01
4.444918208968534068e-01
4.711547273434710248e-01
4.360014865800961315e-01
3.295629203144303521e-01
7.037675223188399887e-01
8.313397842355647605e-01
4.747614913278219162e-01
4.541524692733986401e-01
4.414959709681374189e-01
4.267735539174973280e-01
5.046847652480970225e-01
4.600027314120629374e-01
5.738928088084416235e-01
5.651398764408971376e-01
4.676056206312133035e-01
3.458856066939824947e-01
4.303832030285890675e-01
4.801718155601618077e-01
4.640018323047317428e-01
5.074733619387551409e-01
3.445309388934015282e-01
4.037762343946362797e-01
5.175163575177091912e-01
5.556575865794837199e-01
5.262454291659605099e-01
3.384366973243337906e-01
2.922476259474253157e-01
5.137250863170552684e-01
4.645272049706654638e-01
3.323720095135989094e-01
6.398084010650719744e-01
4.817556899370248891e-01
5.094194602167178010e-01
5.012006926884985392e-01
3.575713251401355097e-01
3.377698826446474678e-01
4.856539543482288890e-01
4.618404567065031441e-01
4.110468582833759488e-01
5.113511751985971854e-01
5.228041496960883494e-01
5.857153609685280538e-01
5.694090131075212335e-01
5.622443313219975813e-01
5.514740134976252595e-01
3.198679348544134493e-01
5.747098684608855645e-01
8.518868405129913501e-01
3.876259918464973198e-01
5.996311686385613626e-01
5.655193103876866578e-01
3.841344660224768615e-01
4.481699470048474132e-01
4.751606707107609018e-01
4.313524211813009601e-01
5.596685057306144406e-01
5.268149675325650705e-01
2.057447795552574399e-01
3.906929200234713351e-01
5.568017696358523727e-01
5.124739627751712101e-01
4.761604045010847663e-01
5.391001305788053477e-01
4.474725240047451869e-01
4.122426553259537219e-01
2.691012845392811159e-01
5.672453306960818509e-01
4.710424650040180850e-01
4.133598265511712055e-01
7.050709001128844244e-01
5.876577718991289334e-01
5.308650679451055732e-01
4.145900165410968397e-01
5.269922983354873303e-01
4.979685630774258187e-01
4.555776189503216722e-01
5.042808033875406659e-01
4.408352501574754334e-01
5.713811266492923036e-01
4.038847063584977692e-01
5.240980371897870915e-01
5.250644010417200302e-01
5.924462571311986947e-01
4.471052516334002025e-01
4.481164428239349240e-01
5.082265686948483907e-01
4.107159475386719660e-01
3.669013557729548514e-01
6.445044740303950137e-01
5.291068499377891143e-01
2.756889094116914962e-01
6.181315290158112541e-01
3.532905812417986846e-01
6.125682647403631886e-01
1.012433705012513396e+00
4.712146808008572663e-01
5.125516072509764820e-01
5.519959641101770398e-01
5.460085687887599182e-01
5.206560829583295469e-01
5.583169924618814894e-01
9.277811863648184609e-02
5.986656252113041754e-01
3.558919542572258621e-01
5.635414694166466232e-01
5.046273160905198063e-01
4.419211787250829082e-01
5.595886747549660978e-01
5.183918417202190154e-01
4.154267899236595563e-01
4.918873467579023551e-01
3.597328464146090643e-01
4.350270608720456789e-01
3.941891544197100861e-01
6.779013814316138253e-01
3.711454544099736519e-01
6.078479204028355287e-01
5.548379466931141479e-01
4.690433798637911322e-01
2.394567306480746283e-01
6.474336228491915923e-01
3.628631583337227906e-01
4.631036044174210442e-01
6.773461079489332404e-01
5.174168367066963592e-01
5.154963168531854212e-01
4.177514246196607495e-01
6.140968090714934435e-01
5.829079807505588295e-01
5.439029186214372480e-01
7.084989167689064171e-01
4.302802126815380435e-01
4.466093386386004727e-01
4.829616318654035290e-01
6.200899187332606921e-01
4.152235787502741582e-01
4.758931796319292862e-01
2.902426525500276799e-01
-1.043309166858057635e+00
4.906690519916544480e-01
6.748682078170831211e-01
4.559502751229092543e-01
4.574831888166031590e-01
5.088051317625559289e-01
4.976172077556525464e-01
4.389930164365133947e-01
5.520222552531424132e-01
4.666408827631077783e-01
5.175892746366146380e-01
5.481394938910733039e-01
4.650919748680666377e-01
5.645307712932651212e-01
4.905052718742823337e-01
4.005706093388620714e-01
3.740891838995524243e-01
5.648358042760175390e-01
5.790100977730616716e-01
6.750410290389403656e-01
3.748257730741969551e-01
5.173459447309602943e-01
4.976934157372463474e-01
5.095658736904841168e-01
5.173753364947794031e-01
6.443189411744212336e-01
5.670076120997934455e-01
5.220450236610807426e-01
6.022941038781570722e-01
5.369089188516524835e-01
4.892056214128347458e-01
2.811802931469715716e-01
3.794580179654191143e-01
5.107820248465708701e-01
7.690778547071396298e-01
4.905598072172667190e-01
4.791471602545017139e-01
5.913069897727715185e-01
4.302684968239662844e-01
5.520596020886630040e-01
4.756505361420781952e-01
6.248269024609034439e-01
5.170530841232550134e-01
5.644451389693135868e-01
5.493326487958656301e-01
6.582122397698847438e-01
7.903845749655613595e-01
4.715637263321795225e-01
4.082495336296700361e-01
3.500695294879495600e-01
5.507812542999505068e-01
4.469865331944233855e-01
4.581888151866272407e-01
2.414060961704180830e-01
5.475526732939306473e-01
4.610548892588625658e-01
4.683902971400573101e-01
3.969699224375784485e-01
5.027230801756379375e-01
4.881756121118581704e-01
4.350812639589281550e-01
5.775023620608480401e-01
5.981670113384831566e-01
5.651895061970010348e-01
5.706428628678323900e-01
4.762995478651186887e-01
4.270415878782876651e-01
4.916347590277588830e-01
5.378057520995118690e-01
5.441547525043989308e-01
5.526411683499662386e-01
4.943824072360305522e-01
5.357430636932232204e-01
1.428635304334515965e-01
-1.250161441294814491e-01
5.580459781355845417e-01
5.754120961770854414e-01
4.647399744104694919e-01
3.127466857202281236e-01
5.245089402332157036e-01
5.501945950484206094e-01
4.632593130925573566e-01
5.480444496527490106e-01
4.735388706977757822e-01
5.614200718946084079e-01
4.875243382839823947e-01
5.062095945994424806e-01
1.031427327294420632e-01
4.469330184205916323e-01
3.782310448945128689e-01
6.300751016781248603e-01
4.910452182716136260e-01
6.477517014987339561e-01
4.779778241458362831e-01
4.267574869187802378e-01
6.522331070710641887e-01
4.945132452246552290e-01
3.936841185968316115e-01
6.217662481625572113e-01
5.195792829626197928e-01
5.732050465732876354e-01
5.826828075115367822e-01
5.295006720031486536e-01
4.864094439883714927e-01
4.920402592697597499e-01
5.369602117326800483e-01
3.970806332307452169e-01
5.057393927597657601e-01
5.336069742698854590e-01
8.155296014685254891e-01
8.674521758442867991e-01
3.379596163837635947e-01
4.876777751428622576e-01
1.820794117336940188e-01
4.370527673947977587e-01
6.261368046118525044e-01
6.601459180044962904e-01
5.407041307592456159e-01
4.329441994788633119e-01
3.073518925504112320e-01
3.995229547369942846e-01
5.039043042396411654e-01
5.766402262191473449e-01
5.021941256204995874e-01
5.757738375873336922e-01
4.265806560386351531e-01
4.481655205699024425e-01
5.638473820702628592e-01
3.631669912563918468e-01
6.028063963939431780e-01
5.534006984203939661e-01
2.573783325888850393e-01
6.401560821406901969e-01
5.444244353117673185e-01
5.810257920537584830e-01
6.255308235311294318e-01
5.551246330845401866e-01
4.148688726178245134e-01
5.879746789998719914e-01
5.989391487295001593e-01
5.019483637259901654e-01
7.699171869021691483e-01
4.951046875790485191e-01
4.353464991081681390e-01
4.714674432710570517e-01
8.003660192973232057e-01
6.830087912134137351e-01
5.143430931284848073e-01
4.733355031994792572e-01
4.011418051125492656e-01
6.297503109152964296e-01
5.615710845804507967e-01
3.853055551739852369e-01
6.749235483463670304e-01
5.628807629993233252e-01
5.307003907611010929e-01
7.271182101575771606e-01
6.285680010862469969e-01
9.301368141208625762e-01
5.280963148748273328e-01
5.825129859853783731e-01
6.877668278158224346e-01
4.098791849966979539e-01
5.182400227033051587e-01
4.904218316685198809e-01
5.229201727183016013e-01
5.614462524510944741e-01
3.298464763888512841e-01
4.472369226773698081e-01
6.275867689944246708e-01
6.330119603616117807e-01
4.436256138984792652e-01
6.218142304360769756e-01
5.481170504032103485e-01
1.068626411935902132e+00
5.565485130915970302e-01
5.432953490420382447e-01
4.571292594399103404e-01
4.418218715143613085e-01
5.895323621747362575e-01
5.079024268829980260e-01
5.246359125497502829e-01
5.274371372444186523e-01
4.842163527342605023e-01
4.668314666948832348e-01
4.616193267279200541e-01
4.648156431148903756e-01
5.360732017928120374e-01
5.511561034575231943e-01
4.287207176579173051e-01
5.034566521323334820e-01
6.447236872384811690e-01
6.528332349417129699e-01
5.406021209552831497e-01
4.661837174405044082e-01
4.780253955537592248e-01
7.527608516259114424e-01
5.002164834365547819e-01
3.383220298385918867e-01
6.189864860853798723e-01
4.743259421851803714e-01
4.209758515103187992e-01
5.171447292309226951e-01
6.717020391345734920e-01
2.367614282407954907e-01
5.596613000669617977e-01
5.069333095442797310e-01
6.019167203970997582e-01
6.865481365801873181e-01
6.172290117117895658e-01
5.999015612178234536e-01
4.614632562065722476e-01
5.733926617797863168e-01
5.300059577187721249e-01
1.887919576312790115e-01
2.648815882941810695e-01
5.806688304893955488e-01
5.329444539372825140e-01
4.158313664792240849e-01
5.176717443419972531e-01
5.302246723864932898e-01
4.577902325826760932e-01
6.965202445377364215e-01
5.250264237849343596e-01
5.341055689405708184e-01
5.719629545644606683e-01
4.506564508659813284e-01
6.924977293029462855e-01
3.335393432236398725e-01
5.860444821010963867e-01
5.492478427337894598e-01
5.018621716546242117e-01
5.195001380255300782e-01
5.151977014330285654e-01
3.690596886764984652e-01
5.079588417643202680e-01
6.598638635204132630e-01
5.022990456126195102e-01
5.506455958927932715e-01
4.437538881776741939e-01
3.631264992999783114e-01
5.848340116488753848e-01
3.428378397948746992e-01
5.748532345637902274e-01
3.980435902611905163e-01
4.171507592778661566e-01
3.928431940108049747e-01
4.712465268436892840e-01
4.825096822673677344e-01
4.685791958937527979e-01
5.235068269381430994e-01
5.060914264795616235e-01
2.214316189345268970e-01
2.781314109479006147e-01
4.554400963948538328e-01
8.126831050374472287e-01
6.271690932296509757e-01
4.382356525540847536e-01
5.053549142347784073e-01
4.550337021617288369e-01
7.286344920702582106e-01
1.867879127806712225e-01
6.399347539230156867e-01
4.902971338914201560e-01
5.588394049510371220e-01
-2.401917183823529811e-01
4.287340204278932698e-01
3.536951669430293266e-01
5.475117646643239411e-01
4.894680269858833754e-01
4.682620152663958257e-01
2.419266133977921451e-01
5.741156622900572826e-01
6.483212040517307706e-01
5.766968877007636607e-01
4.685791958937527979e-01
2.582977881097116568e-01
5.752624404787491930e-01
4.917561723951783814e-01
5.229301802037593649e-01
-4.375920335318814192e-02
5.789534692259349358e-01
4.664085573937021834e-01
4.595894340744177686e-01
5.429203610263503288e-01
3.043923341167039665e-01
4.798905498085431764e-01
5.295793278312836971e-01
5.611874271487699017e-01
4.538586032332525555e-01
2.583152872762729535e-01
3.842904601678004961e-01
5.523755768352994755e-01
4.333401555660952864e-01
4.432197879302531840e-01
4.831751431030932853e-01
4.362546744692168410e-01
6.409581588993218393e-01
4.911232242326064590e-01
7.769127624516933839e-01
5.498497048920856223e-01
5.771858002103382734e-01
5.737524822147054282e-01
4.360770075388497591e-01
4.799127363749290387e-01
3.709346971319295583e-01
6.399104851281816053e-01
5.036340043415131751e-01
5.832866750466429995e-01
5.452844646580785604e-01
1.019598515522862452e-02
5.677642387662477086e-01
5.067991497068146112e-01
4.781991303707244234e-01
4.398263713190101454e-01
4.773333152379878874e-01
5.174333935452007927e-01
5.707484729858308681e-01
4.314443712801366293e-01
4.320998462471372092e-01
4.238513017515380121e-01
5.790142566301176297e-01
7.672564324247498346e-01
4.675900543612643290e-01
5.525529558773355499e-01
5.672969761834928404e-01
6.312746515135507774e-01
4.895763796607246476e-01
4.144570468945329988e-01
4.830819686083686060e-01
6.089728493976530599e-01
5.601361682832840527e-01
2.799564529410281666e-01
4.984463221475487482e-01
7.194774425509904703e-02
5.045375604336326258e-01
9.474839156908473337e-01
5.274739045672725002e-01
5.547088799615332855e-01
3.089166484056670714e-01
6.226963059233630027e-01
4.744234778625452953e-01
3.533050315029277466e-01
5.893189737934529937e-01
4.474322066970246592e-01
4.412666943880760306e-01
5.154082372001665968e-01
5.300481875307955226e-01
3.648200199863126381e-01
5.362033441525402289e-01
4.868871029412256135e-01
4.543598097087387933e-01
5.327506634728541579e-01
5.108970605351040861e-01
5.116355667093757109e-01
4.303057150503455386e-01
5.478576008830480237e-01
7.065894003570346582e-01
2.002835727768577379e-01
5.507343791540283418e-01
5.563720975841159877e-01
5.602162337105166534e-01
3.959996910052205332e-01
5.145350908228732978e-01
6.125855295579336612e-01
4.035546877392387488e-01
5.438887282745855645e-01
6.116855107492356058e-01
6.439974197633697717e-01
5.179199545364667756e-01
6.239877501592991926e-01
5.220229101264950433e-01
5.078034138184779334e-01
5.703353977208737158e-01
3.748778377542050233e-01
4.847674720407041948e-01
7.125687816804849861e-01
7.050610007836057846e-01
3.857817726126024360e-01
5.365202512532832868e-01
3.838929291681525413e-01
4.150074103284393523e-01
5.528255632458313196e-01
6.041017093845607588e-01
6.532104416484119103e-01
3.535980982538060036e-01
1.132797005294579745e-01
5.143833448574458567e-01
8.442912390993604355e-01
3.968043492505352043e-01
3.645326526565373371e-01
5.059372408801563470e-01
3.574448981563185246e-01
5.998021958504247131e-01
4.995805991750250086e-01
9.086673339457753545e-03
3.584649868827634034e-01
5.136776603575662348e-01
7.335280042103132558e+00
7.380405678853824147e-01
3.628249702379751085e-01
4.173687232666412061e-01
6.010318819440144678e-01
4.535103502310855461e-01
4.573988143345621982e-01
3.746021830525604335e-01
4.213868888509469390e-01
5.227834480922917137e-01
6.981698710613001291e-01
5.551753253737077287e-01
6.045504283720029015e-01
4.641762004775343842e-01
4.908435534805907774e-01
5.790810618137387511e-01
4.398809338741710429e-01
5.638340765255047682e-01
4.458235596489377728e-01
6.436919933750329115e-01
4.154711090385956318e-01
5.461835955106641993e-01
4.835719829747077703e-01
5.433003934144418068e-01
4.989865819352948817e-01
5.500940710804785860e-01
8.303901656254938368e-01
3.546816243045844419e-01
4.717588740887675991e-01
5.813956249899172590e-01
6.504495828648645395e-01
3.664711617371690933e-01
6.148656827674436887e-01
4.238009091282949337e-01
4.265906875110265228e-01
4.861205899424888011e-01
5.752054403591307929e-01
5.352989071850182690e-01
2.412643546896886537e-01
5.760052306365882613e-01
5.175377120835561451e-01
5.272341742612043358e-01
3.003114379055652483e-01
5.079736528132454687e-01
4.677962518578974715e-01
6.466498875170109129e-01
4.676102694611136701e-01
4.091111593438873650e-01
4.780556640302180971e-01
3.153388797355403117e-01
4.467188953638193127e-01
6.485276736714818968e-01
7.059257828990272987e-01
5.422856044606477743e-01
3.863264024528471063e-01
5.185466731549339681e-01
6.058802997189394191e-01
5.868904091169596660e-01
6.293652738021734416e-01
4.121683162779033460e-01
2.471890173728021611e-01
5.174348441501349649e-01
5.966677173908215837e-01
4.919367900270921190e-01
-1.365838174152023798e+00
5.869942032840340662e-01
5.811461541283307053e-01
5.516817073054712806e-01
5.519959641101770398e-01
3.968926048491384639e-01
5.667644941997025398e-01
3.327501924776579689e-01
3.474719238925685905e-01
4.900210271807027840e-01
3.854372882235961861e-01
1.803647575993137520e-01
4.785136485621427349e-01
5.911017422309017277e-01
4.014927022335895157e-01
2.546599843727478940e-01
3.979978450638335663e-01
4.161383895886077711e-01
4.530559118610767433e-01
4.912927650667128776e-01
6.994860344494112647e-01
5.212278508868625204e-01
4.906546211163725357e-01
4.157385446440086674e-01
3.717633323682766888e-01
5.617652398084752585e-01
7.333823230726974618e-01
6.113476111607811792e-01
4.570417202529843959e-01
4.728826599738708558e-01
5.290971060241492774e-01
4.094213741265417261e-01
4.506147624318234124e-01
3.650735624632185927e-01
4.130244514554314295e-01
4.748205608138890699e-01
9.216094901717861720e-01
1.680677133234884935e-01
5.385189892553959856e-01
5.921677186065463783e-01
5.079367858078583930e-01
5.946811532650635446e-01
3.503185180112400321e-01
5.443876012814696796e-01
3.834021063240913296e-01
4.651117728046457733e-01
4.926011155819459142e-01
5.759665162539663319e-01
4.930008056558992657e-01
6.557547630133682137e-01
4.362435601485605829e-01
5.215729340988224383e-01
5.028169310793478841e-01
4.098470864095026811e-01
5.199232040420481704e-01
6.223674921998469944e-01
4.785370317225418058e-01
5.152923066524700557e-01
5.289604166880981229e-01
4.159895228701769310e-01
5.641502852982146488e-01
4.412499348766145135e-01
6.212888595884563658e-01
5.067755425298439143e-01
4.684213378419085916e-01
3.612564496065340802e-01
4.686723591977906000e-01
6.428620106683387014e-01
1.703566574579795379e-01
5.032132711520479473e-01
7.876699724668149161e-01
5.268151325675979324e-01
5.531086401418354725e-01
4.777441115861118526e-01
-3.253036329976868174e-02
5.523128712109200977e-01
5.337909248468166723e-01
4.820414300840621946e-01
5.496593843070697316e-01
6.499353803197751578e-01
3.692575707636967519e-01
4.953247881855142309e-01
2.607739154267690873e-01
4.779430861600151292e-01
3.931591237061403121e-01
4.614048189852135162e-01
8.205257075381432452e-01
5.581062087556756257e-01
4.884767807603375145e-01
4.988045837405305494e-01
4.674636408269698951e-01
-7.444530508101575572e-01
6.701589392221414254e-01
5.851079802670338115e-01
5.184026695860617373e-01
2.557665151704991424e-01
9.461408271423999983e-01
5.661459743332191152e-01
4.509147269907008981e-01
5.180939142037903622e-01
5.320311744887910033e-01
6.264747522250782019e-01
5.022024897944995514e-01
5.209289293516479180e-01
6.410100594574362487e-02
1.164715879246509267e-01
6.522530374777053552e-01
5.834947687190750187e-01
5.876577718991289334e-01
4.992390938209295692e-01
4.049284550518444381e-01
4.578101921091266013e-01
5.306877152219556804e-01
4.490018580126484138e-01
3.300079663556929610e-01
7.710018499265507419e-01
4.747178779105432622e-01
5.832163983967469933e-01
3.878575650701790445e-01
3.106006807940530079e-01
5.155251939326095378e-01
5.396491076074869664e-01
6.707469437004269786e-01
5.397568602772438995e-01
3.743852760440825600e-01
5.127401659577582871e-01
2.046700965637550940e-01
6.801039921076336148e-01
5.248389616344474318e-01
4.717209457726881938e-01
4.723200284886683309e-01
5.227996040930320554e-01
5.705498995777951166e-01
4.959860228170803742e-01
4.602881301174617801e-01
5.343312010662718547e-01
4.864933593583504745e-01
5.361129607182711920e-01
5.403581149029573760e-01
5.910315674314957635e-01
5.802068967080484807e-01
6.236189021720910386e-01
4.498129970464899707e-01
5.525001450936667391e-01
5.743358434997615225e-01
4.558509381396052551e-01
5.272974785692603472e-01
5.313486895355472583e-01
8.497031434186148591e-01
2.950778827882012956e-01
6.253689474664082537e-01
5.350584829843699763e-01
4.092882703045147563e-01
4.134934162780510847e-01
5.906828672261597024e-01
5.494558344203243072e-01
6.172361741470550056e-01
4.760815750824668457e-01
4.211267197461199818e-01
4.634225512959959659e-01
4.539080211322055192e-01
5.655749612521926428e-01
3.464511945100519630e-01
5.422455739206085701e-01
3.773911773571714257e-01
4.884268935730756156e-01
5.187482362068122077e-01
4.036794984095187777e-01
5.918169202907043180e-01
6.506597366956179407e-01
6.571630108121190306e-01
3.786574607666185477e-01
5.300132751440858048e-01
5.521285823072711318e-01
2.872559032587186367e-01
5.608817781774990685e-01
6.598187324593617342e-01
-9.762774372272268186e-01
5.046093657216876860e-01
5.624191382673511264e-01
6.895258860166861847e-01
6.359283214988376010e-01
6.318922950228060831e-01
4.197435375831150006e-01
5.642692861947797844e-01
4.817946009616104197e-01
4.406588289203837716e-01
7.344887459322319012e-01
7.105536897013617903e-01
7.193505193905436634e+00
5.755441964957848100e-01
4.110849721624926789e-01
4.534640076341742154e-01
4.286984016993924396e-01
6.985427962490833309e-01
3.272823886216379985e-01
4.910057459394137624e-01
4.262135120902990071e-01
1.566068776020365094e-01
5.107092013828062882e-01
5.643668694034882360e-01
4.379680151865382731e-01
5.782012061232473243e-01
6.604264503256668251e-01
6.327335215947946789e-01
5.133652891306247357e-01
4.353840916040145892e-01
4.386028496302868951e-01
4.875948186477661594e-01
6.964737342410549648e-01
3.572418853116585136e-01
4.783214964189806961e-01
4.989435131287280334e-01
4.316010745622472777e-01
4.996875022306124237e-01
4.816861660560768366e-01
4.626136478786893047e-01
4.319795839723917785e-01
5.309646986468191665e-01
4.083179225716671024e-01
2.288219565089759933e-01
4.139167726115308144e-01
4.527223027476128259e-01
5.290390552484144360e-01
4.418402348544103186e-01
5.452054708328352151e-01
1.782854583896210698e+01
6.545772868373194164e-01
5.649114723239101465e-01
6.488242037721757560e-01
5.723155806633271059e-01
4.894074757850381263e-01
4.160523868075258758e-01
5.168783303196234913e-01
5.260864130178138920e-01
3.092479815227879292e-01
5.818767374672280113e-01
5.469989554139321752e-01
1.128223949212911581e+00
6.843018645041887282e-01
4.447577819667719590e-01
4.140819992297655183e-01
4.776723201368163196e-01
3.927785275680923394e-01
4.737703526573093238e-01
4.158084427256324433e-01
5.092705034713536083e-01
5.771388452596761809e-01
6.401768408008613465e-01
6.400362584419736489e-01
4.176834142490032931e-01
3.831619978047906550e-01
6.367648805400482059e-01
2.441593541283511581e-01
4.871265642922465444e-01
4.905782560693732197e-01
6.087841432700783484e-01
5.191049724791515496e-01
5.003520401599205192e-01
3.682623160603157864e-01
4.477960744455072861e-01
1.095854725971554533e+00
5.351944724039553458e-01
2.585466877547805686e-01
5.382322774521332009e-01
5.272250418460001642e-01
2.853029314871173283e-01
5.549643220848554659e-01
5.318190808790695945e-01
7.628169676858844728e-01
3.886674272074304159e-01
5.535177238929662735e-01
5.424574427801834853e-01
6.002840758124333709e-01
6.186054200670042524e-01
4.819506144403651882e-01
3.975556550625242713e-01
5.189244323462354203e-01
5.264398939614556294e-01
5.190705824402040980e-01
4.696033061172023571e-01
4.716825072043907552e-01
4.812484537887063984e-01
7.293360700402687913e-01
4.213026973971856770e-01
3.972681163282332784e-01
3.330574780751675568e-01
4.416993502910275260e-01
5.819151033788936278e-01
4.868693145429477398e-01
5.005312417410483494e-01
4.798081975307116331e-01
5.779321082336976723e-01
4.632819776226929642e-01
2.459494584922406746e-01
5.113710099314092705e-01
3.121414295220624968e+00
4.795754999864191293e-01
5.159643892203229498e-01
4.494126067369392241e-01
5.165924709850108210e-01
4.440908553756013899e-01
7.200539693246820194e-01
4.507795907222283405e-01
4.340749136478655457e-01
5.307623270957607664e-01
4.730542381705316046e-01
4.820951420809319599e-01
4.330000418901282511e-01
6.420883985864289656e-01
4.263720426350654513e-01
6.324382206232188608e-01
3.740756712049667643e-01
4.672951772078398625e-01
4.247220087107682618e-01
2.649684572038394914e-01
5.675011524631610182e-01
2.977146700080811059e-01
5.683978848459423361e-01
6.176266944075293752e-01
5.981670113384831566e-01
5.443373988920788831e-01
4.899976518301994433e-01
5.490363709303126560e-01
7.309216853436703021e-01
6.330346603556500362e-01
3.859926825360425195e-01
5.343610106829408402e-01
4.318797683765929762e-01
5.597848472610200687e-01
2.508673123419035145e-01
5.952538344583004903e-01
6.421764161344369892e-01
6.098712979592740835e-01
4.549732796202258234e-01
4.403466062384865931e-01
-3.837331956063628757e-01
4.508099542491570966e-01
4.846067636971353454e-01
5.560442077550302731e-01
5.059778151905088839e-01
5.581881300701672100e-01
4.618648447884219355e-01
4.508050474275588360e-01
5.542024395574511875e-01
7.213824123057636095e-01
1.874976356435850700e-01
4.593220289098635112e-01
4.654687534689083139e-01
6.074968266709688258e-01
5.878110055044634130e-01
5.676810655641113534e-01
7.194921257531174952e-01
4.596883522208318196e-01
3.728540854360271606e-01
5.379175193707809166e-01
4.725179898287454883e-01
5.267409670261662402e-01
5.437437511469428442e-01
4.427836239918468975e-01
1.771451270819853008e+01
5.243673227807076342e-01
5.575906170246470728e-01
3.809865195708684871e-01
4.234531732368186363e-01
5.567457078031436968e-01
4.174409175073443556e-01
4.131556766472137543e-01
5.181967830065656866e-01
6.055027240454403659e-01
5.645428059959900491e-01
4.460172218636663244e-01
4.950120281766578478e-01
4.536407902064392150e-01
5.086555869530889895e-01
5.934976587605352849e-01
5.546319565370205762e-01
3.265725557445067762e-01
4.590426365492288330e-01
5.078146445228016725e-01
4.862482202969192757e-01
5.879746789998719914e-01
7.449264510829106678e-01
4.318473186411788678e-01
3.742707944596802561e-01
4.868544465867027382e-01
5.909906179117004887e-01
5.211647066041698029e-01
5.648216871659882399e-01
6.120785105182366959e-01
5.078701511038511418e-01
5.505620596349860563e-01
4.847857370546600486e-01
5.193152969789729401e-01
4.319198956090292141e-01
5.510312066723305202e-01
5.287613492969228668e-01
5.266128111932162348e-01
4.470321989864520784e-01
5.001222706481958102e-01
4.064156168736349772e-01
4.735804906959554805e-01
5.468343703240473586e-01
5.560468632879919104e-01
3.799234272364646059e-01
4.616599670504596964e-01
5.227751691208403217e-01
4.683942916404714163e-01
3.528670660071854259e-01
6.358757518610396176e-01
5.663648534087614150e-01
4.942187516633541611e-01
9.595545426918480336e-01
4.719473635843972059e-01
3.769393695295715774e-01
4.858273403032821181e-01
5.584725809775670236e-01
5.292902934393237668e-01
5.340808436238676515e-01
3.726743655941707201e-01
5.164486271629723513e-01
3.509690546904752351e-01
7.019568031430720723e-01
4.753252266062855114e-01
5.285023245605539044e-01
4.318955851531997014e-01
5.833794614641235610e-01
6.941690029600032785e-01
5.016391430780087202e-01
3.008811921001270928e-01
4.009597447039857654e-01
7.231927502380588457e-01
4.361036117086221076e-01
2.683978532558746743e-01
4.676754925456114709e-01
5.519733886214017726e-01
1.636670212957072879e-01
9.682901079408195999e-01
4.847480270782039136e-01
6.270558029912129960e-01
7.385807561978969815e-01
5.221715627308385343e-01
5.529337816404790162e-01
2.005649413521904192e-02
5.272034391288330513e-01
4.376998759142555206e-01
4.898780180916109672e-01
7.393754853378642355e-01
6.588557576011124794e-01
5.707244118756935602e-01
5.052748285052492960e-01
5.259118019489220641e-01
4.576290631088150707e-01
5.664804576478684739e-01
5.259319545605009028e-01
6.389749008130913843e-01
6.035523249511107746e-01
4.842862252583852722e-01
6.013385221767637567e-01
1.339369834068126486e-01
3.360925030504101074e-01
5.026689868524850668e-01
5.073502404682930234e-01
7.125620109451442641e-01
5.562175268890667823e-01
4.664228000740269775e-01
4.849770268102846504e-01
4.327005605401705313e-01
5.983618207553216273e-01
3.014799308671062827e-01
5.792606356488404495e-01
6.502871912022377687e-01
4.951518354687889367e-01
5.392054460023547602e-01
2.957231791697055301e-01
5.900033829165752808e-01
4.882234806487356082e-01
2.896197431143662238e-01
5.344518501327161220e-01
4.043938294272679812e-01
4.394400562568089308e-01
6.274321722463528372e-01
5.122834346944156181e-01
5.625785080888118239e-01
4.547421642972240829e-01
4.919304480782111244e-01
-1.657705160701362646e+00
5.652488880980686137e-01
5.516535543789680140e-01
4.718632982874232940e-01
4.135701819500955390e-01
2.990995439386696098e-01
3.427127786929249909e-01
5.272053489439509910e-01
3.736701133067845126e-01
7.454425446814297862e-01
4.975468996942822852e-01
4.395145254413662106e-01
4.688701853098464767e-01
5.879746789998719914e-01
3.424655055859563979e-01
4.807441356697040868e-01
6.558467275705461841e-01
4.176695406024584223e-01
5.245428915770067313e-01
5.378050214077010338e-01
5.408878965667202054e-01
5.781190585265585380e-01
4.949579701155158440e-01
4.869050812499014502e-01
5.127447569294494301e-01
5.436648130360447473e-01
3.753281383429079576e-01
5.191346438447941303e-01
5.385456312636911491e-01
3.830962423463618038e-01
5.130407670793664110e-01
4.750058338712976891e-01
4.964807328925125440e-01
7.058572092383128549e-01
3.190342090507520267e-01
4.628383645298898563e-01
-6.363868249484365691e-01
5.221097291627434522e-01
5.964272749107260019e-01
5.310531330924115334e-01
5.303194603554542974e-01
6.744434659537051902e-01
4.678860621179434243e-01
5.317895601833947383e-01
4.828266394236349623e-01
4.989023430433870976e-01
9.115547982776346370e-01
3.489753907403932431e-01
4.769085749314197487e-01
4.858450017494613249e-01
4.679554292394507709e-01
4.416974502692213589e-01
4.937546066007569845e-01
5.444373675322727868e-01
6.846208193870951808e-01
4.407601890772550601e-01
5.504834699708910373e-01
5.075684733101035739e-01
4.897896716604642764e-01
4.599379989079507292e-01
5.508521360993862137e-01
-6.106483432526834676e-01
8.288125829440010639e-01
5.470991822949750061e-01
5.283286780176968955e-01
5.056557154781293750e-01
4.893260732739226349e-01
5.851179417341282329e-01
3.554771156191912085e-01
5.225510023134876114e-01
5.483784493821508566e-01
4.064509481541920266e-01
4.355831590718031165e-01
9.117237441516827801e-01
4.061792682847019664e-01
3.309680784673793563e-01
1.974220478375125487e-01
5.310086229418277126e-01
5.528162981007979093e-01
4.801190508076277896e-01
4.010249447033281678e-01
8.044178902141807530e-01
4.582109163315720712e-01
4.468182754452854066e-01
4.629504171609253871e-01
5.679149531174443322e-01
5.762866528827672585e-01
5.263336053779482659e-01
5.896752914504097554e-01
4.815125955420664350e-01
4.386093037011334905e-01
4.424763849858804332e-01
4.107619031428954015e-01
5.510121612583516182e-01
5.297131707608330187e-01
6.771031644907489211e-01
5.628348846720837573e-01
-3.435301986684546893e-02
5.653535560776921098e-01
5.591989387895022201e-01
5.762665481611227714e-01
3.675098122011124513e-01
5.414014969227359808e-01
5.164273153899661128e-01
4.890628952560062137e-01
5.808192064474619887e-01
3.971270072396690387e-01
5.520631579353302287e-01
5.627900393978094717e-01
5.325268853440608963e-01
2.893164614191771622e-01
4.343462774375472790e-01
5.051295073087975762e-01
5.316703942198620636e-01
4.782880140754631193e-01
4.631457660885878735e-01
3.941858833744238400e-01
4.449299759511860519e-01
5.247531610285285364e-01
5.739909022062283928e-01
3.564423891074199324e-01
4.821959653569603543e-01
1.939244894254336937e-01
6.583583378066812930e-01
5.077988400434948479e-01
3.086937966553404689e-01
4.097350649031498149e-01
4.398257950651704995e-01
6.590922831705088303e-01
5.091237615498215296e-01
7.591493411842613614e-01
6.892612532857904650e-01
6.213066049672455460e-01
-7.131369354300644003e-01
6.145176368435721903e-01
4.719628512695124845e-01
4.145175987579245991e-01
4.350988484248045074e-01
3.128205245903614151e-01
4.694959392710062462e-01
3.365436910544433169e-01
4.624604268976829635e-01
4.934952441253796507e-01
4.918061818438126953e-01
4.576631322847004579e-01
5.051187032758962525e-01
4.249474287316571952e-01
4.219159224062075109e-01
4.631213840362758960e-01
5.714146610020356398e-01
-1.003198501371428408e+00
4.153878714033996111e-01
4.221195467150774538e-01
6.206886569103505780e-01
7.025305073033575320e-01
4.034753223150353008e-01
3.353109214839243291e-01
5.602327239898950983e-01
5.204098003375794423e-01
5.856576802142243743e-01
5.549806153866799763e-01
5.809803577345769021e-01
4.329530541979621505e-01
6.142669636860456084e-01
6.272231734325621755e-01
5.795845132019014079e-01
5.436291123649230617e-01
4.034960625464060202e-01
1.309495534786180859e-01
5.145788921229810242e-01
1.243234325779200150e-01
2.583652681821827501e-01
5.424291940196035444e-01
3.688311819335117203e-01
4.435512547314341969e-01
4.944378624454409121e-01
4.906161071952251373e-01
6.513035067365853248e-01
5.945711690855854936e-01
1.465052514651319360e-01
6.314662208632785267e-01
3.827619061825283109e-01
5.391684240284537744e-01
4.640579272042613113e-01
5.287832491835882109e-01
4.541707975096692662e-01
4.933592072410107887e-01
6.145387091563502269e-01
4.724069789489880322e-01
2.947085123004637430e-01
5.726882766441385719e-01
5.300780772929625240e-01
6.168183598648105948e-01
6.657049940581154512e-01
7.918322914515990574e-01
2.643801422360509967e-01
5.405850674658130295e-01
6.055450090538805341e-01
4.539822564443936059e-01
2.655122492206956619e-01
2.972794999153749895e+00
5.325283827712903317e-01
5.746915285789909733e-01
5.780475040431124478e-01
4.282413935101562763e-01
7.569901504023064387e-01
5.889060908524277327e-01
5.921265475386623400e-01
5.677472909323634243e-01
5.561689047539332131e-01
4.726298071561770286e-01
5.824077121430984993e-01
4.644579071060856990e-01
6.563578117655347599e-01
3.935846008984902888e-01
5.806810744162639315e-01
5.198910891203398776e-01
4.785030915901525850e-01
5.289825583055220992e-01
5.150054071405967271e-01
1.189058788587786575e+00
4.982650687065799944e-01
1.086475350848170374e+00
6.063553070944863732e-01
-1.500113330185452787e+00
-6.274273702401319541e-01
6.247725261065115721e-01
4.354202531814598265e-01
5.582201312559066375e-01
6.408984520581697542e-01
5.128233157933368425e-01
4.874195224521672976e-01
3.565959169944040719e-01
3.943853400320426750e-01
5.254006111676171598e-01
4.072187907164969145e-01
3.135575310915285629e-01
5.026444847746304179e-01
4.844281547641641206e-01
4.631605147485682861e-01
3.466330402426419655e-01
7.167410600867980541e-01
3.687230585501912739e-01
3.970678596316910558e-01
5.217295353923735446e-01
5.992801870870974046e-01
2.671786017384413792e-01
6.657334558101072330e-01
6.281369145487032402e-01
6.489055432416527269e-01
1.785037984229946861e-01
6.244316296465578509e-01
5.465770798415815479e-01
5.014452454994586805e-01
5.662806146294593335e-01
5.717080896027743053e-01
2.841638583715206390e-01
5.598404513032786411e-01
4.562701910057468391e-01
4.439544885407321617e-01
5.725345164260153830e-01
3.545308909452943302e-01
5.281554644387272957e-01
1.005749816907406391e+00
5.103710325707401241e-01
5.212663653161835331e-01
1.018627914891432562e+00
-2.229922129742493639e-02
9.619440117018457359e-01
3.917462785994441088e-01
2.092125736705975625e-01
5.843471745551919172e-01
6.649694690181215950e-01
5.408281496865278148e-01
6.935421550483970021e-01
3.543928387864986873e-01
2.384515636390881765e-01
5.499844647668763464e-01
5.604817946784599325e-01
5.559168358854487124e-01
4.411953254550265435e-01
4.875305946478018515e-01
5.385323811106282887e-01
3.002374530493344684e-01
4.656449731965701111e-01
3.073523278058984953e-01
5.879746789998719914e-01
4.492995648748374649e-01
4.855224048431265316e-01
3.818830756238297264e-01
7.102108206554069714e-01
5.327277289643010949e-01
5.834847222668986255e-01
5.067858842373762496e-01
4.317572119930025987e-01
3.833255841556031940e-01
3.417188178412211563e-01
5.511354040142711908e-01
2.992528377466813772e-01
3.723979972510571557e-01
5.012641714021449646e-01
4.481537882947417284e-01
4.608505171265422362e-01
4.930509357474132659e-01
3.851347220718151498e-01
5.617904348064199915e-01
4.232011820386505918e-01
7.853659105336904256e-01
5.070266527680992175e-01
5.452752094576176489e-01
3.609439581512465245e-01
4.770389498234072212e-01
4.889011974653439396e-01
4.513462249534828663e-01
5.924682708700342859e-01
5.620418033032194005e-01
5.670662378817636906e-01
5.271099380171995197e-01
4.972815558972262240e-01
4.524202902015803662e-01
5.797343838806411354e-01
2.483444954116481584e-01
4.090387148676060680e-01
4.887688422327835513e-01
6.140118800657186071e-01
2.560174408384244260e-01
5.718264723045024533e-01
3.625296769880307357e-01
5.450574680890800661e-01
4.415665621919839801e-01
5.091428400532548304e-01
4.858567037178179726e-01
4.922137715772293420e-01
6.009325829731010371e-01
3.212373428689931365e-01
3.061157800190280609e-01
7.111710892720641830e-01
4.953433644003445990e-01
6.092475036565336843e-01
4.760732739262660274e-01
5.198228070427374226e-01
5.402561958287713795e-01
6.168412031074439472e-01
7.872579002280716276e-01
4.621909098051601439e-01
6.111177152440181448e-01
6.318809215022981318e-01
4.926850791091754167e-01
4.926090689369536646e-01
4.413978458714334918e-01
6.107892463358517432e-01
5.425957402835879240e-01
5.505035258878765436e-01
5.906849180426743118e-01
4.261775507950117947e-01
5.100146735383763730e-01
5.647943640851886826e-01
3.635418184491964189e-01
1.085536546956123172e-01
7.223879036573692680e-01
4.736729537805472456e-01
3.348178898223742594e-01
5.385866502450141757e-01
4.862924537155316473e-01
5.452241701059478141e-01
4.945823711309582649e-01
6.733962387727370213e-01
5.290493606937216597e-01
4.472186380387430105e-01
4.267932928323910913e-01
4.804184913111191890e-01
5.531314001237173095e-01
4.846265096587607513e-01
2.405742363246755056e-01
3.875579705413494391e-01
5.680143931567173121e-01
4.228045544489024699e-01
6.251759334010114078e-01
4.996529483104177327e-01
5.144137673444095782e-01
2.700340166329660563e-01
4.961771827728620465e-01
5.042924836400807242e-01
5.262605248635431332e-01
5.369950228224045219e-01
4.391618750285540274e-01
5.235029331333532765e-01
5.641981229437140755e-01
5.198341290506850454e-01
5.012933456036681168e-01
5.019285894326352970e-01
3.533584384911988563e-01
4.094929368649831702e-01
6.308774408548492030e-01
1.118099448529731754e+00
5.396875862082948228e-01
4.173535849924436270e-01
4.307358643021603206e-01
4.554229235619449145e-01
2.381165959561018231e-01
6.129137187208032467e-01
1.342446844670264205e-01
4.561671703614457174e-01
5.290850842701626533e-01
3.120596088722222827e-01
5.523128712109200977e-01
5.645484951130184115e-01
3.145861260342056043e-01
6.423846352815196781e-01
4.847497301817516591e-01
5.625396636761857971e-01
4.117604386552154994e-01
4.853580121716690177e-01
4.547007002934318476e-01
5.320706190976439709e-01
5.559566270121771847e-01
5.046055334978793994e-01
4.734297940476246414e-01
4.942762580854926369e-01
6.723676151756129427e-01
5.387781845590335905e-01
4.443093841567809510e-01
5.285119036911022361e-01
6.306821570564946633e-01
4.224632171961384408e-01
6.095371239039089062e-01
4.724421802567748685e-01
5.145515250595786849e-01
5.517821212280396015e-01
5.476894492687909288e-01
4.870172039387212215e-01
6.877999672065568948e-01
6.992497267340399558e-01
7.004053486614483237e-01
5.238981881008111241e-01
5.584375827828410577e-01
5.011655443696597656e-01
5.737834067667366700e-01
5.866594759409357041e-01
5.880870185756721380e-01
6.369159628072889046e-01
4.779949521039358884e-01
1.636066496963080041e-01
5.014640326626081945e-01
4.260485446791970054e-01
4.851600113199228681e-01
6.482267174811696675e-01
4.275477638817163917e-01
5.036832927785688252e-01
5.090324874674901912e-01
5.393296625576085024e-01
3.402379512098510084e-01
5.341402363756577731e-01
4.912801633086089081e-01
4.330075848111885617e-01
5.601356963262109634e-01
2.997243137091298859e-01
4.780282792964798411e-01
5.685941276356980545e-01
5.741262234352549898e-01
2.822890194236140626e-01
5.534871914585747232e-01
6.732627783063716009e-01
2.958390335888771983e-01
6.336009347974079775e-01
2.866088816837407127e-01
5.161385634156807622e-01
2.647840617157156684e-01
5.222159048624425148e-01
1.169096172448285120e+00
3.413951336648389234e-01
4.019668811760183647e-01
3.849513256071576128e-01
3.412151429487094711e-01
5.458202553787812050e-01
5.129372487609535902e-01
4.186568390232418557e-01
4.199689525268306411e-01
3.971682483742517422e-01
3.858407312506708653e-01
2.668064023895437287e-01
6.518748391961757260e-01
6.421104050635455529e-01
6.649623251406521218e-01
7.275590887201480728e-01
8.242314583302373654e-01
6.044603752108327344e-01
4.222093932062135901e-01
6.461931460833570950e-01
4.956347466877763508e-01
5.391320600336343416e-01
1.839264503308833676e-01
6.169998479333317354e-01
4.624857102273862708e-01
1.435253054878948553e-01
4.696275829277869462e-01
5.324857434589270744e-01
5.216274197059893591e-01
6.900303001563419247e-01
4.594725338405433734e-01
5.324843270407237927e-01
4.308130486308200946e-01
4.597315032466346429e-01
4.770841427017961656e-01
8.092101668010712734e-01
5.521165122486106913e-01
4.459929658598832392e-01
4.843676032579020685e-01
2.580028282691533281e-01
5.109539287062326851e-01
3.376387067563944577e-01
6.474315276778334072e-01
4.689683991040977107e-01
4.687719139321036010e-01
5.536911794255624519e-01
5.394978818892106620e-01
5.893898803294173039e-01
4.854408688183656784e-01
5.364322512821969591e-01
4.681971337821702606e-01
5.078338196718951147e-01
7.663711311198347920e-01
4.711661061925592753e-01
4.856505266877282345e-01
5.421626270668314929e-01
4.978431764082932864e-01
4.950018958323097462e-01
5.178676324960678201e-01
5.155603922593784416e-01
5.866276901874024619e-01
5.971672465215190906e-01
5.790537093698319149e-01
4.414293670012897075e-01
5.488571754020916682e-01
4.978289998435705410e-01
4.572564848927254122e-01
4.813572140854136538e-01
5.232462071142426341e-01
3.932629647319015875e-01
6.078268881564939941e-01
5.416160467955177804e-01
5.101347226706104410e-01
5.062885491487425504e-01
7.511786100910443631e-01
4.818306591659596294e-01
8.196039243359151127e-01
4.758638023022824237e-01
4.651387414658318398e-01
4.552505422254469192e-01
4.372688939997770863e-01
4.972490423932736103e-01
4.461811700455020069e-01
5.307492870960232034e-01
5.021861407416120526e-01
4.329439029051824206e-01
4.963472990871935497e-01
6.799820520362668264e-01
6.338578873774750599e-01
4.999054175233520469e-01
4.942440019106321691e-01
4.132005872605651886e-01
5.153366546503421741e-01
7.532526931667031800e-01
5.307598989745128115e-01
4.921820401490284436e-01
4.154267096261209935e-01
5.266126684569758520e-01
5.054606087070701026e-01
4.708189416952767714e-01
5.705972427614852682e-01
2.450550366751588494e-01
6.956523555523614899e-01
6.194693729960779605e-01
5.003174403389886171e-01
4.542968603185586485e-01
5.226148704408570822e-01
4.699527343404509838e-01
3.379568884529047801e-01
5.242329280017272719e-01
5.695162372990296706e-01
5.473667408390785472e-01
5.290988962119589356e-01
6.002993993555282293e-01
5.325530574602770351e-01
5.191740398613469143e-01
5.775568776071141608e-01
2.521972443087582283e-01
8.152050096157713588e-01
4.414438719340456618e-01
4.659223140987741596e-01
5.840679888803016473e-01
5.789398430590820821e-01
6.015130248756439535e-01
4.974688392548868299e-01
4.618881878966307197e-01
4.541400185484846252e-01
5.499935524564134592e-01
4.565327861044759516e-01
5.129669946162986882e-01
6.259595775122772654e-01
5.435271350516861499e-01
6.083342934157807136e-01
5.507962560009699304e-01
6.610096890032983730e-01
3.550996133026998458e-01
4.591491000554291380e-01
5.353479838876920027e-01
3.690210597176930007e-01
4.201929172488420017e-01
5.237214305553977711e-01
4.659418579138777661e-01
5.281707366752115274e-01
5.104557388781447713e-01
5.798087134412032162e-01
5.127240424311004796e-01
5.169494660348236126e-01
4.644263994235000581e-01
4.741492126380580929e-01
5.198586688751741791e-01
5.239348921239893597e-01
3.857412412111780320e-01
6.028845990162321478e-01
5.132948704373411219e-01
4.104247538943089357e-01
5.850150992898504043e-01
3.213567150459262778e-01
1.011473895032204195e+00
2.105134825184079017e-01
4.685291074237740161e-01
6.029164901004742116e-01
4.570290170087792925e-01
5.250100610594156114e-01
4.471728573410901908e-01
5.230890864596349221e-01
5.524886152117337579e-01
5.571662659560751019e-01
4.649011397648836197e-01
6.005255670491296272e-01
3.862607735542141763e-01
6.072655398960764561e-01
5.036712926403602575e-01
6.036326435351628827e-01
8.611676372047978312e-01
5.882580907787897662e-01
5.614462524510944741e-01
5.868718873861381580e-01
2.257196376480770927e-01
4.002946730007928555e-01
7.585456470510830718e-01
4.676355102846039280e-01
4.175094682128517309e-01
4.257547346938514998e-01
5.282070600774610991e-01
6.555511241919145249e-01
6.465796275597235354e-01
5.316621302435761143e-01
5.307094244193640842e-01
5.907050110632279250e-01
5.494843246367526746e-01
5.190395161286962544e-01
3.287273767133636060e-01
6.351901155487084116e-01
5.014594915301752165e-01
4.210461593125571222e-01
5.606111874771745329e-01
5.839181483583659737e-01
5.341531141454376463e-01
4.344558394154479641e-01
4.338214183156250403e-01
5.825978928130856049e-01
6.186571783643478595e-01
4.433448311843340983e-01
4.349601539945878725e-01
4.263525347508095309e-01
6.716187363907087926e-01
4.192096039984916644e-01
3.143511025899844435e-01
5.501848921855945207e-01
2.825940594807774819e-01
5.152869803506643365e-01
4.856944775594150832e-01
1.362674008752530197e-01
5.736066010292413253e-01
4.637944924088007737e-01
4.891857803606289856e-01
4.663080304686401112e-01
5.514298448441217193e-01
5.029845935756573905e-01
5.484273119756086778e-01
4.640503372243429125e-01
5.411574474604160523e-01
4.870184373296264080e-01
6.059756708737613629e-01
6.121491557436755659e-01
5.969182116785806125e-01
8.554363858608152182e-02
5.524825203462696566e-01
5.459778149485088328e-01
4.667625962015881091e-01
6.813671557205405183e-01
4.209059563765744083e-01
2.123683365712344950e-01
4.268344862390490158e-01
4.540816080080162798e-01
1.464107393659405676e-01
6.210970652689210558e-01
5.226389021960948789e-01
5.381359837456219930e-01
4.767211605891624182e-01
3.914335176267901284e-01
4.660771584268698642e-01
1.991290821360426622e-01
2.978050006290138274e-01
3.997218784849755902e-01
4.501853205632853072e-01
3.784082888280930201e-01
2.946714306454080168e-01
4.567413006006725840e-01
5.647638364866960359e-01
-1.273652027235704642e-01
4.327847738950406642e-01
4.702203221111774245e-01
4.206564012776842776e-01
5.302807285278555716e-01
4.688272796453718527e-01
8.670968257284719094e-01
5.826810216891746830e-01
3.799200708224416689e-01
5.370876378585813793e-01
5.031589927591326727e-01
7.955490179472597678e-02
4.718147798001458004e-01
4.583901185088996022e-01
2.291733247473778656e-01
6.131978247701438400e-01
5.590081330801660586e-01
3.795071884906077719e-01
4.510493598785388913e-01
3.715413812432766805e-01
6.945120177511796555e-01
4.905700629199251650e-01
5.319243404407784093e-01
4.986884494300747317e-01
5.154066409795962089e-01
3.989434271951152189e-01
5.393296625576085024e-01
2.806596491570559349e-01
4.391153407099620543e-01
3.701254996593162927e-01
4.147373481102295534e-01
5.404057619929737433e-01
4.935331259810550875e-01
5.199170730144085928e-01
4.862302261136725590e-01
5.882201733797205456e-01
2.959814636094396656e-01
6.916404836840985837e-01
5.653717192386656931e-01
3.798086892033425421e-01
8.002130763951006420e-01
5.628418093992281213e-01
5.455800246847213320e-01
6.847344576195805166e-01
4.217251232728336241e-01
5.831736096578626904e-01
5.306040334809705161e-01
2.990320210091211850e-01
4.863004515810501194e-01
5.659559797498768807e-01
4.896055344333694603e-01
3.863263665346755582e-01
5.386891496261199119e-01
2.918496537551922287e+00
5.099307335231096916e-01
3.745827355168379058e-01
5.632599381993327325e-01
4.476187170702813356e-01
8.310214830132446329e-01
4.786374347588319145e-01
5.494383320468192444e-01
4.455990689292724793e-01
4.353084374737577478e-01
3.564258643221844824e-01
6.830603054439741140e-01
5.396746116435348073e-01
6.469853975449427752e-01
4.441718497879806327e-01
6.716875420449160972e-01
4.904216743903830333e-01
4.216214704973582639e-01
5.190781760804354938e-01
4.724501401770457298e-01
4.748420206366320562e-01
4.631660406111662853e-01
6.298474048578746043e-01
4.973548177440815787e-01
5.629928487400397419e-01
4.299617398043991678e-01
4.858694762406521317e-01
4.430212379941125822e-01
7.016979462063018813e-01
5.384014752894694666e-01
4.057101839344626759e-01
5.524088552068715519e-01
4.648791256798173177e-01
4.348060737645947915e-01
5.576108374479121776e-01
1.856683718108120551e-01
6.598420425092076380e-01
5.513269170117190976e-01
6.338747528356420968e-01
4.738899606568795497e-01
5.610576819553418915e-01
5.075269848842810516e-01
4.724712606413557503e-01
4.884668088426599164e-01
4.873458401868910883e-01
6.330560765508874699e-01
4.819716640620184123e-01
4.618007964006088928e-01
6.324255430645389087e-01
4.515478452150477606e-01
4.748930935011396737e-01
5.121186426000705616e-01
5.733716677174288678e-01
4.862731254572122963e-01
4.859487650670600845e-01
6.370021835123872433e-01
5.294378575635935169e-01
5.000968356742820919e-01
4.591301609032841791e-01
5.121767751255679180e-01
7.865741570978629360e-01
3.170906863674567422e-01
4.850175904304016572e-01
3.951591744861618349e-01
5.607149860287836685e-01
5.812049697412721150e-01
7.446709661592468832e-01
4.521462658098684417e-01
5.438930677107655098e-01
5.383232534557403914e-01
5.155057345087058485e-01
5.777203806903258299e-01
4.581141022661899820e-01
5.388267393765840962e-01
3.703322584370183357e-01
6.625609884364203062e-01
5.359040004870846419e-01
4.561141334338500442e-01
5.769065157485724349e-01
6.473557418911597416e-01
5.048821001464762759e-01
4.143941312279138534e-01
4.079792576354820954e-01
5.532857570271768610e-01
5.129142440786534918e-01
5.665688473783973000e-01
3.888035367936265585e-01
4.575240687231907910e-01
3.522889385698235176e-01
3.097834960721436715e-01
5.806341432983623818e-01
5.779048346030923877e-01
5.387825432199786491e-01
4.935951539021301571e-01
4.813584407312543334e-01
7.185304980491650229e-01
5.830302140461686156e-01
4.276104236154644744e-01
5.035459105406877578e-01
5.653414142497289463e-01
6.123707795823170041e-01
4.823133000709947660e-01
5.516756757014432688e-01
6.050822621894667019e-01
4.532718217865872035e-01
5.403284335014894024e-01
4.977000955992024744e-01
4.988340362285463292e-01
5.215367552508400895e-01
6.508154069893378191e-01
5.364690101964590951e-01
5.684146276530643860e-01
2.250553404764839560e-01
4.427475301694794863e-01
4.893682203008440368e-01
5.622723022139761717e-01
5.259812390932234738e-01
6.676178647124584309e-01
5.865695396045510490e-01
6.301927496162788023e-01
5.093686681995739374e-01
3.810131618555785415e-01
6.811462431115636873e-01
5.210783073080128558e-01
3.841411042334316739e-01
4.975682059157499060e-01
4.723621295104336038e-01
5.180457355182204182e-01
5.142298964923864846e-01
4.058126011314316939e-01
6.089699213135105760e-01
5.383930824152872302e-02
4.844254132991798190e-01
6.855395228656642193e-01
5.556314299878888363e-01
4.019166904269459439e-01
6.532902577217909457e-01
4.899582487447793344e-01
4.869709405569375149e-01
5.181899947869069711e-01
5.368496687924559918e-01
5.695993983964358076e-01
5.236590532929229491e-01
5.765113738947341693e-01
1.018025408210944338e+00
4.772740211787605547e-01
6.349974723794435949e-01
5.235083444224077898e-01
5.479250354341659301e-01
6.033263438102157705e-01
4.538586426538346874e-01
5.979791268513476865e-01
5.052209678326893272e-01
5.196398200622084351e-01
5.308644237267332588e-01
5.394765952365483397e-01
5.101618494856804409e-01
5.461920549135392822e-01
6.684841461143260499e-01
4.533083989369881550e-01
3.615573388781301856e-01
4.550125299708088766e-01
3.726367474819948789e-01
-7.161708323957230969e-03
5.232376935354072778e-01
4.160095282641420589e-01
5.392929660351092336e-01
6.162770436161026932e-01
4.468584570696984004e-01
4.509311629103787133e-01
3.103646543669793534e-01
6.752928380644968032e-01
4.996771051458916424e-01
4.084952191352666517e-01
6.484971294559804811e-01
4.858274699908040617e-01
5.757364957279751394e-01
3.898927464652194863e-01
3.701024409455696551e-01
6.061487396367938318e-01
3.658023122453253895e-01
5.606991275248754958e-01
7.511652713719298990e-01
5.374358504083033283e-01
5.830903608871698118e-01
3.803721278409974982e-01
4.735775605541520661e-01
3.428301842920946640e-01
4.641445411646306640e-01
5.872839323745854268e-01
4.784198784482444622e-01
5.022413889052396163e-01
4.045420975689173471e-01
4.192801214752355787e-01
4.607209842930187760e-01
6.637223262647027333e-01
4.512679589373093103e-01
4.835924697186889110e-01
7.088537075044808455e-01
4.048589912304493832e-01
5.392336088699780650e-01
6.367250002528639374e-01
4.548159056015795287e-01
3.981037034358226312e-01
5.262823865820636104e-01
9.066386006302707967e-01
5.093220096219818194e-01
7.534402427392866697e-01
4.833015369688523633e-01
5.352989071850182690e-01
4.813417853754830000e-01
1.958457099652436695e-01
5.150727106927832644e-01
7.447081217517994567e-01
4.031449352577994860e-01
5.260016671310815406e-01
5.519959641101770398e-01
6.902374795771111238e-01
5.310105221721865831e-01
4.598492554190846682e-01
6.084270845708721343e-01
4.164785254098711809e-01
4.090541043364246399e-01
3.709436834629734059e-01
5.170688948558412878e-01
4.978453857451938802e-01
5.594940497618459130e-01
5.897036611183616994e-01
2.142258766182454921e-01
4.666602404836132645e-01
4.504372505266472371e-01
4.944969226679210017e-01
5.786543930575208661e-01
2.144310223336530208e-01
6.485031152007340038e-01
4.512545081629432131e-01
4.866255254031730537e-01
2.534712109077771891e-01
2.870386593922611973e-01
7.291866671942506262e-01
5.133249453855847078e-01
4.397773152045460487e-01
5.596600495424506327e-01
6.258323301227229907e-01
4.906978960969159420e-01
4.958100192519571681e-01
4.871983024643587457e-01
8.153080269360936105e-01
5.598623281259642592e-01
6.348727687088054905e-01
4.704466204582362088e-01
3.002092797569057003e-01
4.852012905526176811e-01
7.025917864592632345e-01
2.638827120664791193e-01
8.220128148667318335e-01
5.648683375234339055e-01
5.523128712109200977e-01
4.853648008607497344e-01
5.237963257923063942e-01
5.186720906196542469e-01
5.618522879981394658e-01
5.243555969636857217e-01
5.287602694598327879e-01
4.524950211267553257e-01
5.089809276922179215e-01
4.529764625493491459e-01
5.570782460837803152e-01
4.671614683305331250e-01
4.339101530332883927e-01
4.319656829284446720e-01
5.551338414222581896e-01
5.110817657557965576e-01
4.748060207256895593e-01
4.809846582638236390e-01
5.921653238961135379e-01
1.728971192283211278e-01
6.104887790500745925e-01
6.108267327503988930e-01
5.260470247948757505e-01
4.857716844770113562e-01
5.431786426259560541e-01
5.832695578141948722e-01
4.524805589265125660e-01
4.978290598564937830e-01
3.863160119930142411e-01
5.171720326726505501e-01
1.295688832620277564e-01
5.510024476708377250e-01
5.780926992477855020e-01
7.084110874100715272e-01
6.154454837562889358e-01
3.969763926028018197e-01
4.506813234851956285e-01
5.772753629601631298e-01
5.364666954889110162e-01
6.727531800432804410e-01
6.356761325899527026e-01
4.554269482141988790e-01
5.184995291508550652e-01
4.142911024347363802e-01
5.368104836595144480e-01
3.160239211619089161e-01
4.570584427710067121e-01
2.918570458242517041e-01
4.540540278339259550e-01
3.508882807337630472e-01
4.844928510216794937e-01
4.952351274386589397e-01
5.248865448294340874e-01
5.637281172409680519e-01
4.204026542958170243e-01
7.276171196913543415e-01
4.337289089028387723e-01
5.260548370882179858e-01
5.663206994146496864e-01
5.532825155359881730e-01
4.418204632330175463e-01
6.184537388044276662e-01
4.091026426007812189e-01
3.524716799003287382e-01
4.079918874665919848e-01
5.019129259295889156e-01
5.843694450325563894e-01
3.937524033341008312e-01
4.508825310740615100e-01
4.153670263231714066e-01
4.103055444467858526e-01
4.443742799117599840e-01
5.244821118127357407e-01
3.759802870277079712e-01
4.482748517582473835e-01
5.758599515017266413e-01
4.695467672347121701e-01
5.190369094732261157e-01
5.598007643541093037e-01
5.261125872131440229e-01
5.446485206845144145e-01
4.813804335410697410e-01
3.275761493988099682e-01
6.015669679612014598e-01
4.948337801782063394e-01
5.273991773805041250e-01
5.176314245696151950e-01
5.285744585624229108e-01
4.524708260559521245e-01
6.139792748398958944e-01
4.440656475847547524e-01
2.610813680888119936e-01
5.114748892746426856e-01
4.908853758346982232e+01
5.315877914918025748e-01
1.523676662957099692e+00
4.499904699251754403e-01
5.562400147179630272e-01
4.946409433610665096e-01
5.215599276110777227e-01
4.064419501725428652e-01
7.101400539136857315e-01
4.392719787217408967e-01
4.779295116214040129e-01
4.327175423597516279e-01
5.258300494671521719e-01
6.998389594757070675e-01
4.920511253670535323e-01
5.109329988132673694e-01
5.131922244174496051e-01
5.679463939356259594e-01
-2.600614848606586649e-01
6.647142972722006049e-02
5.949234112193627633e-01
5.315589526870977410e-01
3.752547502870511309e-01
5.783052697254834618e-01
-1.740589057466817913e+00
4.689124973390442208e-01
6.531630027014775353e-01
5.181969283661254089e-01
4.046228360023443882e-01
5.645987191848721443e-01
3.216149890920024651e-02
4.751533605395060755e-01
4.338764550915962803e-01
3.379997342234385416e-01
5.313271570595514692e-01
4.310720313117148428e-01
5.611986522430969515e-01
5.211248533935664007e-01
5.637495745979725914e-01
1.072079136037476843e+00
7.002524944656413064e-01
5.414551490017326385e-01
5.130252354932518521e-01
4.997485473213063578e-01
5.053283621891491162e-01
3.370308078801007023e-01
5.352344755514647501e-01
4.453044629744478122e-01
7.248717305894550877e-01
5.749697898570540477e-01
5.262898025120104073e-01
5.471448185153311439e-01
5.400135663981611156e-01
5.790716602476519981e-01
4.941654547669507846e-01
4.677062967956137074e-01
4.628064584842908058e-01
4.490382485551282499e-01
4.706357808430131628e-01
4.586563144423826399e-01
5.361085379745044177e-01
5.167266020740431953e-01
5.456133205792215168e-01
4.314762735784972714e-01
3.921885299077715326e-01
6.549154795610109270e-01
3.877104083690488534e-01
3.198867198604660178e-01
5.343930318587967188e-01
5.134999142075342693e-01
6.762166432309208997e-01
5.243673227807076342e-01
5.795560532157970624e-01
4.567175218141591997e-01
4.594672397969342681e-01
1.145380232077602284e-01
3.176463467183637257e-01
5.507271404824175542e-01
5.129116866293599308e-01
3.750207526536882829e-01
5.177540683781736153e-01
7.215153276307476604e-01
3.942424763718959113e-01
5.281801988122171165e-01
5.683022419470380449e-01
7.117236128089841074e-01
5.098607868973668023e-01
4.708114162369906874e-01
5.175226705832364216e-01
5.603049743482401146e-01
9.004743287458215617e-01
5.900179637048613701e-01
7.246974666138289445e-01
5.669211512566935118e-01
4.011259425943130563e-01
4.847938685175973150e-01
3.690770325753911507e-01
5.783136371678063714e-01
3.316636468486906519e-01
5.050215044606654047e-01
5.377481445950136330e-01
5.609051672327602933e-01
5.395801458213864699e-01
5.800201922921810471e-01
5.926849596909167239e-01
4.560609912474181127e-01
6.619317564097193518e-01
4.194488269461703056e-01
4.618266902540570928e-01
6.953649580036587174e-01
5.326225785418496894e-01
5.375027151874477438e-01
7.323382154435371660e-01
5.312294119869191977e-01
5.614462524510944741e-01
4.771402803979770679e-01
5.612682392911515494e-01
3.218090365149618992e-01
5.046755515175540552e-01
6.309784811603593724e-01
5.294227687573490604e-01
4.595554964699418155e-01
4.874215721142620694e-01
6.979748723040672953e-01
5.375226459184321293e-01
4.411393672977455549e-01
6.902658034462744174e-01
7.072808600540159141e-01
6.066671244005871211e-01
6.105202370325649719e-01
5.646331259172218120e-01
5.090670877445389042e-01
5.122333708260450313e-01
4.369430631015907562e-01
5.556758432173262152e-01
7.278384180290168315e-01
6.354026644233424781e-01
7.180883111922323758e-01
4.537744046520966745e-01
5.526182739357133888e-01
5.183462479183366112e-01
4.903782724653721337e-01
5.203453145286042192e-01
4.983803343506110206e-01
5.535425264735946982e-01
5.771034372777527066e-01
6.924174614368084901e-01
3.999318092119867885e-01
5.522266356857196135e-01
2.943762139146001156e-01
5.687626909001530784e-01
5.428933627969164677e-01
4.463229531368552161e-01
6.619166415088960642e-01
3.921345071151294825e-01
7.695272609837738864e-01
1.746062234125213664e+01
5.988059275840942330e-01
4.356517536929069845e-01
4.699445416831196654e-01
5.365004064210945334e-01
6.298618732379938079e-01
5.348688110741605106e-01
5.421805478947940848e-01
4.876168542499541569e-01
3.783307985910118743e-01
5.273533315280106715e-01
4.660973349184878156e-01
5.044464979684675221e-01
6.483064164450283995e-01
3.091165751352474289e-01
5.371953165826314214e-01
4.969795200996376949e-01
5.635414694166466232e-01
4.416974691761468286e-01
8.429070106717705402e-01
9.744628262657764051e-01
5.867288648697991382e-01
3.985252450608187114e-01
5.663477376109713468e-01
4.390231962493313378e-01
5.313296749771243555e-01
4.970711186019373118e-01
5.692336660513458435e-01
5.024403914330869414e-01
5.132477388042049338e-01
7.181014839327454213e-01
4.317410994391805978e-01
3.896074640501116515e-01
5.293985226365471863e-01
3.628683355855135684e-01
6.493499032087162171e-01
5.268997558722784413e-01
5.240584428168140185e-01
4.825019374343687550e-01
3.424628026897080235e-01
3.938706158603884067e-01
1.786463007408308767e-01
3.115403395449524160e-01
4.859878218227034474e-01
4.971007447770084964e-01
4.137256539243846509e-01
5.245853533715368888e-01
5.323202078047607477e-01
5.201837730129649229e-01
4.423030809327575530e-01
2.479538936412721273e-01
2.320576390425211355e-01
5.101438964502974516e-01
3.966958936820005333e-01
4.334149256461226063e-01
4.798466385518111998e-01
5.085869792752862883e-01
4.539391172230896609e-01
4.528663839792907986e-01
4.139693289142305499e-01
4.763605634831262203e-01
4.179183712482296698e-01
4.601573224604040835e-01
3.896057763649625194e-01
4.248583373234479654e-01
3.341803027111539537e-01
1.340043483544105518e-01
-5.176187923826274656e-02
5.465762208004941725e-01
6.807823629896572193e-01
5.363568933245497217e-01
5.618822268788083996e-01
5.221055201501905163e-01
7.000511737937112899e-01
3.681360027294357518e-01
5.367476275355919091e-01
5.651022014005269156e-01
6.775005118136269155e-01
4.989356277410674223e-01
3.519836059517916227e-01
5.548746181192070193e-01
6.025825255500435462e-01
4.932842505162418067e-01
5.252282744188873087e-01
6.846290638078829094e-01
5.074800521085169880e-01
1.929957013665361032e+01
5.662681928314792223e-01
7.108389591487663806e-01
3.858763035413116382e-01
3.662341200254795037e-01
4.257465944432036742e-01
3.682497432435585805e-01
5.099691660076429711e-01
5.288005341477701737e-01
3.844802315936948212e-01
5.177247541144989196e-01
5.336638984575398093e-01
4.780041407672280251e-01
6.057238719107532754e-01
7.152570228426886612e-01
4.274005258039687005e-01
4.896513496741881077e-01
1.804775489982592129e-01
7.474250099007044845e-01
5.481170504032103485e-01
5.719442151767223370e-01
4.741900155177348197e-01
4.634030130957448312e-01
8.640334584111419858e+00
5.078701511038511418e-01
3.982340490693059287e-01
5.875688170506759844e-01
6.513011804530640658e-01
3.931463917289667598e-01
6.568490664694232040e-01
-3.653570586515718088e-01
4.882021266737264775e-01
5.029525644490737690e-01
5.360652568531043549e-01
5.723600543524670625e-01
4.195544686453336891e-01
6.201256627974750524e-01
5.369704426636059402e-01
5.909375762972504109e-01
6.519655174853892232e-01
1.067133407801727163e+00
2.331637840781909665e-01
5.383574489253506457e-01
5.479629175154683285e-01
4.549776595997103712e-01
5.562833898714242276e-01
5.871431789087364628e-01
7.950438827386221430e-01
4.138935118235282373e-01
5.149829977746060994e-01
4.019978255380500243e-01
4.472009808524209373e-01
5.014449934442440915e-01
4.760136116625890423e-01
3.580773516752686070e-01
4.251104529428675893e-01
5.109503209285635172e-01
3.935395918880579269e-01
4.777497982266396548e-01
2.910637199374415673e-01
4.272621359116735018e-01
5.750295583964417645e-01
4.583912671074525380e-01
1.504529544988970069e-01
4.948168945415111764e-01
5.304706555292342252e-01
4.983115801223271246e-01
4.595565955094088606e-01
4.131042459574701953e-01
6.171949815077819590e-01
5.112048139848867079e-01
5.509902965414950060e-01
6.322557250691999142e-01
4.531652034235278403e-01
2.780664772479157221e-01
6.669008677904815219e-01
5.140317486110307366e-01
3.531818203253367372e-01
5.529675166827235921e-01
4.172074577589685029e-01
4.573001392070995541e-01
6.395893963374486013e-01
5.805361341979274892e-01
3.757870136278805284e-01
6.243664425848879374e-01
4.044093433561228856e-01
5.640226615862447002e-01
5.571081932247311519e-01
6.955192954050152254e-01
5.929594547078043121e-01
1.267449010108283147e+00
5.773448131609199008e-01
1.086945136385924160e+00
5.631234234748326850e-01
6.759053728619296431e-01
5.004093419502517737e-01
3.439659446489110595e-01
4.102038954872682663e-01
4.546670383279782790e-01
9.709109213718931930e-02
5.620559584013995469e-01
5.026932828227861361e-01
4.059508747960413610e-01
5.379930283722597073e-01
5.808400913058442416e-01
-1.278307568576965703e-01
5.951669121057628908e-01
2.443531535199457982e-01
4.512480835559957715e-01
4.986768267417012734e-01
1.243782400851081577e-01
4.932102340737290480e-01
4.707122412057500593e-01
6.152824461331992678e-01
5.801744736487521870e-01
5.044882470407912045e-01
4.922534107512017698e-01
3.592929213040848002e-01
6.406895306501679821e-01
5.166423543496804216e-01
4.336714447500965020e-01
4.889645944446320835e-01
4.817591923506592266e-01
4.906881095221942712e-01
4.759389214682407387e-01
5.135511896663021991e-01
5.575527610199912942e-01
4.707415012908786611e-01
8.636348049781712444e-01
3.307488280460217922e-01
4.785931954854415471e-01
4.961205622944371285e-01
4.011393347763793082e-01
4.977194164829668033e-01
5.144868751552414965e-01
4.738234429277577986e-01
5.060548317540402019e-01
6.295828680306218006e-01
4.847853228527221336e-01
5.245196216444212300e-01
4.301270148813973182e-01
3.984196692718204313e-01
2.971144191789967248e-01
3.657852780366283585e-01
3.477919213261803089e-01
5.245256536983994300e-01
4.468736131462141548e-01
4.035922263508975316e-01
3.246766184946469624e-01
4.104583307582864715e-01
4.646902688665748848e-01
4.664054922029721717e-01
3.089063303515444225e+00
4.550258898863240309e-01
5.374114989809556375e-01
4.767938497855595537e-01
6.323935555753474880e-01
6.068921119790386953e-01
6.842733215160305971e-01
5.208603911113478535e-01
6.574524774421022233e-01
5.332789742903998320e-01
4.638449192105153496e-01
4.622053567131401697e-01
5.480280793186247390e-01
9.216908891759044709e-01
6.929699816141241531e-01
5.392378826131803971e-01
4.184973872465519995e-01
4.692975590050271761e-01
5.535091345020584086e-01
6.460564279365461626e-01
5.616252543933335506e-01
4.400148548019106598e-01
3.415230824163218992e-01
6.695222970185846778e-01
5.314222624697044761e-01
5.549130228215987115e-01
5.182736637855294148e-01
4.281890168957312448e-01
4.796257821913471608e-01
5.280619820772823880e-01
3.801027289453152713e-01
4.597914069947872107e-01
5.523179710564893874e-01
7.403695804366663413e-01
4.810688987278592399e-01
1.306500353098121459e-01
6.964446326981190705e-01
6.623564976991753728e-01
5.550010293111522497e-01
5.139627868996748949e-01
3.614753057801390890e-01
4.183198549972921843e-01
3.572761164580984250e-01
5.026229668550433738e-01
5.722259674771943416e-01
5.296754685457767398e-01
4.208001744528633847e-01
4.151244266030815200e-01
6.067134593717375957e-01
3.554597008772349964e-01
5.810388064720952705e-01
4.298113790597721251e-01
4.008245770065481661e-01
6.416576522091973489e-01
6.353602217912978078e-01
4.665785056568755862e-01
4.622179740246533663e-01
4.235239855955417743e-01
5.722059287770870917e-01
-6.241659588016480742e-02
4.465760638992029574e-01
4.766127559179391127e-01
4.825879716330825908e-01
3.597632612192116497e-01
6.920070829363580422e-01
-2.757158041791927805e-01
4.969364672026771457e-01
4.115914250390149132e-01
4.932320073161473029e-01
5.840886646466305621e-01
4.058752560410984200e-01
5.800837885207827949e-01
4.771745063627761407e-01
5.254446223451493259e-01
5.879746789998719914e-01
4.816641941240460967e-01
7.868322852603545359e-01
7.095929679757116970e-01
4.210378024645079487e-01
4.687553975549838547e-01
3.741644041695685874e-01
5.795898025750528815e-01
4.412107558192848722e-01
4.203966271472788785e-01
6.097195724974023845e-01
3.796763727787144105e-01
4.225362088497415236e-01
-5.735394340218734344e-02
4.135978028737946621e-01
5.041198865902133397e-01
9.598345319682071164e-01
7.141778391752807709e-01
2.901032787243340572e-01
6.724246977162153804e-01
2.192064093568463212e-01
6.950039457351930849e-01
6.102665943406864191e-01
5.291615247125307508e-01
4.819508901291868486e-01
4.382849392931884580e-01
3.034819698209015204e+00
3.092849636030708393e-01
3.766492663973587951e-01
5.622965037658651521e-01
1.778709308104133058e+01
5.527599425079792184e-01
3.741187570603871637e-01
4.721427090242723557e-01
5.737170251315631964e-01
5.321349226024513213e-01
5.384271905486791576e-01
4.352476601449024596e-01
3.479972265679203147e-01
5.687267953616711447e-01
3.646036852903810077e-01
5.109759127031240356e-01
2.354714734009301369e-01
5.742694518948691096e-01
4.964750487212070129e-01
5.508642994332055842e-01
6.570231706805740313e-01
-7.352095065442883215e-02
5.404045930605033687e-01
5.832695578141948722e-01
4.615363294340112943e-01
5.936336583406919276e-01
4.140013669580656086e-01
4.965375869361324246e-01
3.747167688639282956e-01
3.459599649979668290e-01
4.865810604638168835e-01
4.816368693332626072e-01
7.085216951611865710e+00
5.863335623724025281e-01
4.140104068133846349e-01
4.587421668561763588e-01
4.675638301885300940e-01
3.576129965761417062e-01
6.407393955354012682e-01
5.850344419834303533e-01
4.513029968237702860e-01
4.361589296596932175e-01
6.623653681864404286e-01
5.884106410402865084e-01
4.486912143062705693e-01
4.185280832337966439e-01
3.902469013144007071e-01
4.616907003626642414e-01
3.900930304712539876e-01
5.514203884731649907e-01
4.878576823669643625e-01
3.119797336918158637e-01
4.914668072338542748e-01
2.595668898452587192e-01
4.665620978525852891e-01
6.372523719222342731e-01
5.340812646974323341e-01
5.108222007800896636e-01
5.786579719460466231e-01
3.762835029049695912e-01
5.359416741840145049e-01
2.405020872429075030e-01
6.177362465685464210e-01
4.660102382922500786e-01
3.871934966738649897e-01
6.131310436956933785e-01
5.496508893086193837e-01
1.604451983236246937e-01
6.347649306966408611e-01
3.523070410774217232e-01
6.623048559446561567e-01
5.653902699624319128e-01
3.854172371637571981e-01
1.861989719032088042e-01
4.539262580568578787e-01
5.451173121262895549e-01
2.385217363511905886e-01
7.447648911271446126e-01
3.849294289933293811e-01
5.043765011134179188e-01
9.230947242970855005e-01
4.011819990184860019e-01
5.511725440093662165e-01
4.900256704203364566e-01
3.810457992260193327e-01
6.396158448864264212e-01
3.658605143330920795e-01
5.235847680157141859e-01
5.239632651739839497e-01
4.451884202505299593e-01
4.052768320555236725e-01
5.773133439134517930e-01
5.446034599508733365e-01
3.513036482927401338e-01
3.973369886172902210e-01
6.756060878439703599e-01
5.427739011605021702e-01
3.751393694225709785e-01
4.917743017219297075e-01
8.726553762341621168e-01
6.181341642544496695e-01
5.743972290340024767e-01
5.158014290852621642e-01
5.511057248783274298e-01
3.894875959793279163e-01
4.661539086872628079e-01
3.741083762676418734e-01
4.723790070075338243e-01
4.619814720734687352e-01
4.876506470525732717e-01
5.290934558219925199e-01
5.421586547648985510e-01
8.392002358132962803e-01
5.454678386719284955e-01
5.174462183724390929e-01
4.647526718172717564e-01
3.293961372222924400e+00
4.983422902387493192e-01
6.011692512798900712e-01
5.017124394559410172e-01
4.631912878223731767e-01
5.255558201560972531e-01
5.404731538378499955e-01
6.151241469094075320e-01
1.457931681022948400e-01
4.224795513525163582e-01
4.631208044231531207e-01
4.637776368385640446e-01
6.517790441895514597e-01
5.629928487400397419e-01
4.695201359745819203e-01
4.941550414832032723e-01
4.924665558246061892e-01
5.529999020014607636e-01
4.829246848439137652e-01
5.015200975558226082e-01
4.340334982615390857e-01
6.057992289816866993e-01
6.161271047275150847e-01
3.851940853999381020e-01
6.232968632557880362e-01
6.945117492573176232e-01
5.181536579226113659e-01
3.850496148154926024e-01
6.517572651023770813e-01
7.475455424643510094e-01
4.824091608044360768e-01
5.523128712109200977e-01
4.849066834218025979e-01
4.140044321913577408e-01
6.949577354484131053e-01
3.246922720185728140e-01
5.467243997257521526e-01
5.003980125667004675e-01
4.169780492862545374e-01
5.611889773568531359e-01
4.799727278192649216e-01
4.092553646909125042e-01
4.935299354903071034e-01
6.034064967591524775e-01
1.610852214385694037e-01
5.523128712109200977e-01
7.719916272409282909e-01
5.167949989015311330e-01
4.965418058458508921e-01
5.817873824401388339e-01
4.814776420262960044e-01
4.471772306391685881e-01
4.921231774492533795e-01
6.161845414927457076e-01
4.631895804149324114e-01
6.239117629600121617e-01
5.656374000988453332e-01
4.253027563742183825e-01
3.238763367752879874e-01
2.793776205524722278e-01
5.057815949784667531e-01
4.577453181704734808e-01
2.601364273104846414e-01
5.807614951665220904e-01
8.834353781397367156e-01
3.285051525366165515e-01
4.849450873148958285e-01
5.095016077979274138e-01
4.699797579887267096e-01
5.112747633269786318e-01
4.649672384566067573e-01
4.912332151397418856e-01
4.632197948503372631e-01
5.779620148597742757e-01
4.091472902870806894e-01
-3.047143353405716293e-01
5.713521549043214520e-01
5.844435870039086378e-01
4.425364155294952972e-01
2.823043398044044472e-01
4.497231232253082189e-01
6.461734458414682969e-01
4.845572478428358809e-01
5.475175033796971791e-01
6.024177670120932637e-01
3.988457503702989015e-01
5.741156622900572826e-01
7.380576115894726952e-01
6.327391694501444119e-01
5.677128519639291770e-01
4.807103283445461339e-01
4.571562017119108479e-01
5.641606596035182442e-01
4.490040951621430132e-01
5.506754295849546343e-01
4.604212698533298731e-01
4.875744684581630461e-01
4.809441663647684440e-01
5.131102025991572946e-01
3.850781557667756760e-01
7.123242074685040004e-01
4.701478920930067806e-01
1.173969486212455282e-01
4.872312770509250601e-01
1.156142464282649274e-01
5.012295136236502024e-01
4.661481273751436061e-01
3.448149908822796261e-01
2.096090634259266672e-01
5.561094026429410642e-01
4.522874492513777045e-01
4.728192164945749232e-01
4.670809499512050822e-01
3.333670911349421728e-01
1.496615647293360329e-01
7.333011400894793308e-01
5.003093647205373307e-01
5.389557552083780179e-01
5.789082242666977463e-01
5.638207513460903320e-01
6.128797296920688309e-01
3.423148467615622526e+00
5.178002098734284520e-01
3.764863614627636523e-01
4.848471421188648711e-01
5.926221657511332452e-01
4.759371806714354225e-01
4.313198238801806417e-01
5.020544953305327018e-01
3.913915117025558166e-01
7.275782813369211510e-01
4.389654564794379654e-01
3.948508556242466550e-01
5.458099191025066466e-01
4.749810560271197080e-01
2.373797105148244546e-01
5.156473768263373225e-01
3.584523441220763273e-01
7.711035007737390146e-01
5.476605677182702081e-01
4.412767738408515106e-01
3.821723354649493865e-01
3.772737622271062352e-01
5.194802328972858430e-01
4.009131554677063947e-01
5.559048753851529856e-01
-9.765723461014494955e-01
3.263451044464406037e-01
5.059565189777738281e-01
3.654309251198981090e-01
4.631878013493918589e-01
3.930219955582313074e-01
4.678668156925994692e-01
5.403997899409973549e-01
6.509372848653063315e-01
5.519450445836632246e-01
5.360725429837716050e-01
2.519459583088751176e-01
2.861708591789237643e-01
5.053335934363344384e-01
4.879802691408507975e-01
5.850840902258469534e-01
4.279317266670439879e-01
1.760083178402908644e+01
5.329686065974628129e-01
5.460142867463744221e-01
4.728786859455374469e-01
5.499006507385345577e-01
-6.171008653464024052e-01
8.471084919616302944e-01
6.882353091940455192e-01
5.295533738272381052e-01
3.209777489347214741e-01
6.053997028782663881e-01
5.225582557151531304e-01
5.102697185342780495e-01
5.063849456190561149e-01
4.242621668101690946e-01
1.258407491517936627e-01
5.499452191548780400e-01
5.046826540726380150e-01
6.234379615186006474e-01
4.947702706318202193e-01
3.220652758399405458e-01
4.632091986996896282e-01
3.455971595491861836e-01
4.628042800429229553e-01
5.351445129759033748e-01
-7.229619213583299286e-01
5.543253857585528355e-01
4.967934763286839805e-01
7.092865067412443825e-01
4.704319061760247611e-01
4.316655672394664189e-01
5.925604292787092220e-01
5.091471608523070458e-01
4.798359511277802691e-01
5.369821450331473400e-01
5.528437486868502670e-01
5.200485049308821717e-01
4.038485476815285580e-01
5.188945053544821162e-01
4.416951887330584636e-01
5.320134383542185486e-01
4.650220453274971910e-01
4.804796488966922574e-01
4.838471921155917954e-01
5.647414579438678750e-01
5.614462524510944741e-01
5.386097330179323572e-01
5.759598395480800548e-01
3.291122169573960088e-01
5.137011746456761063e-01
5.368714032178412143e-01
5.498946569231295545e-01
4.536153783937943440e-01
8.571706479169611370e+00
4.618469464734353824e-01
5.193749253691393175e-01
4.305461688108629392e-01
6.695585170374985795e-01
5.520629180320729690e-01
6.197605004890531788e-01
4.766886346454909940e-01
4.838839972758725572e-01
4.937709440838249364e-01
5.599498531019411196e-01
5.673054453969333943e-01
6.251345869820185142e-01
5.659518648363544013e-01
2.514808497778622809e-01
3.199320904427836343e+00
5.274364285762747073e-01
5.379483238551807656e-01
6.926303844971590795e-01
6.857806568728181951e-01
3.806736021440659257e-01
4.912020675379255019e-01
1.971762833530741332e-01
3.773772789521533944e-01
3.627719920587106350e-01
4.299381547778808321e-01
5.500100411060424577e-01
5.294391432134285536e-01
5.962351668277648953e-01
6.739390240544073096e-01
4.796073469584475890e-01
5.142128806948504938e-01
1.206243561811637610e+00
4.404959822145202986e-01
6.479084112335784518e-01
7.982475408539829731e-02
5.618351223308741815e-01
4.741845831933619859e-01
5.619325910749949360e-01
6.363416161472157384e-01
5.280192255693223480e-01
4.900885376824626327e-01
4.175613417914460501e-01
2.835063802749669959e-01
2.488272834640705422e-01
4.318613895152661475e-01
5.821852879312825468e-01
5.015573372842756505e-01
8.542806142375687362e-01
6.710735719365549246e-01
5.242554686772753492e-01
4.769195930679869799e-01
7.609034698920080775e-01
8.826261092046052692e-01
5.443626944522199640e-01
5.127191799994025301e-01
3.663603978265159711e-01
4.410162028031595627e-01
4.823383152780600924e-01
5.669868963503252868e-01
3.317516178555250939e-01
4.208691265182880059e-01
5.229489376978390114e-01
6.576484598748132404e-01
5.240088761476963120e-01
6.185771664115286006e-01
5.176465315650234933e-01
3.321192093779799515e-01
4.366476348066992141e-01
6.022077008219476335e-01
5.440644959110022549e-01
4.560693523028801488e-01
6.335814184000704286e-01
5.311509993602953061e-01
3.597864337774571708e-01
4.607564131721139655e-01
5.741156622900572826e-01
4.517196000210941254e-01
5.372654783180396132e-01
3.824651477143314326e-01
7.112539280491603222e-01
3.168212858876426341e-01
4.672816453248000435e-01
4.892356216468218277e-01
-1.735238334020990258e+00
5.288639969948636388e-01
8.394228827527125958e-01
4.084584564559847197e-01
5.575706849372219498e-01
3.949124873559765603e-01
4.510313989640167831e-01
4.523064917970603949e-01
5.192594750733992015e-01
3.958308895274044725e-01
5.205571988679187356e-01
5.095594592350094487e-01
6.454667824642488227e-01
5.513186350143048919e-01
5.059655047054170129e-01
4.528233430333705734e-01
-4.402237139444157288e-01
5.758992424757557460e-01
5.376708741476181608e-01
4.159356625550887920e-01
3.604845433572568814e-01
4.912032189902044710e-01
4.994175394823029968e-01
4.432354925329209383e-01
6.530127622927155429e-01
5.201483982441647003e-01
4.472912626989729024e-01
5.329136987814976356e-01
4.854025048228761130e-01
5.600818582551772007e-01
4.962487191403764930e-01
3.890750920776439026e-01
4.273224966905819211e-01
5.824770484599618436e-01
1.033230795971019411e+00
3.006136758130353859e-01
5.521957925367753095e-01
4.116169479800524944e-01
7.396958821966052033e-01
5.510060466436689230e-01
6.107670816955937942e-01
6.739316180878951457e-01
4.378690814235702278e-01
4.690043983072279543e-01
5.792464954169352920e-01
5.311610576091286839e-01
5.447322280423643193e-01
5.469306734014138804e-01
4.205377782698274114e-01
5.408124423976636841e-01
3.466380325333704576e-02
5.051936239330167000e-01
4.639524606577283827e-01
5.297289591694644972e-01
4.523878541719582591e-01
6.364560903078613219e-01
4.711855362232218458e-01
5.090761855978659378e-01
4.782007588809990550e-01
4.768438364198750445e-01
4.393786109108330784e-01
5.346481105681534229e-01
1.874877020900432845e-01
5.526471519140817579e-01
6.313113453747787318e-01
4.336807459582445734e-01
5.368745764217378591e-01
4.645872303831281580e-01
4.925992764723281514e-01
5.071690030758654322e-01
4.712610745908142329e-01
5.935488420157476464e-01
6.110231778023780258e-01
6.526338410569274551e-01
5.295948815988567038e-01
7.165352122787119749e-01
4.798934895142647483e-01
5.329680890813801586e-01
2.661906564486977156e-01
3.246088021242406474e-01
7.619344684617905816e-01
5.697712969069679279e-01
5.482464716147567030e-01
-3.249758820910744195e-01
4.154877782674601394e-01
4.950027813431849277e-01
5.579316664361005929e-01
2.950555154242758271e-01
4.135621775640459519e-01
5.672142046780270785e-01
4.722649699223951947e-01
4.674191165032265949e-01
5.379049211122389762e-01
5.343844616444521911e-01
5.979386037363143558e-01
4.752760040062485869e-01
3.427168577510875669e-01
5.234068215390701440e-01
4.594470136287410744e-01
4.945403601375930602e-01
4.856374589440300982e-01
4.123284424407179238e-01
5.084086135209987534e-01
5.112873081600352032e-01
4.956611801004157103e-01
5.277483501636406338e-01
6.302740719305282013e-01
5.351890024396247503e-01
5.188287615564133315e-01
5.117467452711883524e-01
5.574249715774270975e-01
5.434187467921286485e-01
5.551246330845401866e-01
5.606987658278935749e-01
5.661294892635598819e-01
5.371685382676433251e-01
-2.340724644658042364e-01
5.034544909037746985e-01
7.531730750548388809e-01
5.449382405792269068e-01
4.642033972845434620e-01
5.362072783999629610e-01
6.591031478704152402e-01
4.808430463711878544e-01
4.518605188293478570e-01
-2.375574792025801241e+00
4.689399449653275376e-01
5.055981253684908028e-01
4.958541998746359147e-01
5.005852172329949834e-01
6.398620775834239494e-01
1.027895845481396009e+00
5.630479259713430107e-01
5.432505802784922677e-01
5.836735656489978608e-01
5.059731957475274156e-01
4.344569501265181932e-01
4.572600939603269077e-01
6.609228352357198188e-01
2.932863729155973931e-01
3.297786307926966476e-01
7.905926385221675456e-01
5.497355021954575260e-01
5.733703252965004493e-01
2.026274285542442044e-01
3.082753214808626185e-01
5.259408154110870592e-01
5.762183960550668615e-01
5.536194191812945364e-01
6.605294092786928584e-01
4.152256955044952846e-01
5.578976822239309907e-01
1.812396879781363046e-01
4.355712520395970122e-01
-1.764715329981803249e+00
4.895657678374417676e-01
4.933165403539404581e-01
6.508656537269261744e-01
-9.995316008761624404e-01
4.609096724960334290e-01
5.019110960813245592e-01
4.182210382934072879e-01
5.751448246339947445e-01
4.838178625763539520e-01
5.283045241229280542e-01
6.569745815328709160e-01
5.214280557855012210e-01
3.978595203169316141e-01
5.203192794358038054e-01
3.895749467768838681e-01
5.403979246445904661e-01
4.337172373584729512e-01
5.563423768668271929e-01
3.161214059507869156e-01
3.353620227874734017e-01
4.745280573786753164e-01
5.230640671531685548e-01
3.727247342688447262e-01
4.617812848576409723e-01
4.914320704217423064e-01
5.019317768378742661e-01
5.842175161605983602e-01
3.421042956266076573e-01
5.383958615981639939e-01
6.165939328269044450e-01
4.019089803668976502e-01
4.345047451834990748e-01
5.271023051460521636e-01
5.617676999574521268e-01
5.158543783867857169e-01
2.835126122952234540e-01
4.354608023619883639e-01
3.799985552667684008e-01
7.261239470149898345e-01
5.879746789998719914e-01
4.764275361519003660e-01
4.908943486830144565e+01
4.621032834241510234e-01
6.735411450142139156e-01
4.712841988618411970e-01
5.151433379793934897e-01
3.743738862831937908e-01
4.309330897639726543e-01
6.136790247520353958e-01
2.112267693915350630e-01
8.003438317101589927e-01
5.312825349207974668e-01
3.401731492301052762e-01
4.911427059662007988e-01
5.894853469205368901e-01
7.689685779720896175e-01
5.317874924043801688e-01
2.736938084969928187e-01
4.096315253687454194e-01
1.388151814699922104e+00
5.290988962119589356e-01
4.835000887906350520e-01
4.848305462292885060e-01
-4.910584835190996422e-01
5.372392358478992325e-01
5.550203414907192156e-01
8.240823884904713292e-01
3.633883867776104282e-01
4.851139846182713211e-01
3.254732967329596049e-01
4.501624952828890414e-01
5.455489796786450185e-01
5.277830042756717077e-01
5.848622912436578503e-01
4.517404869960064406e-01
1.116046957244120952e+00
1.140636345500882998e+00
4.985351220583619236e-01
5.126303165037094933e-01
7.189616150779367665e-01
-2.189988311035104829e+00
4.844747809982536402e-01
6.067658688201461592e-01
5.305600519306024054e-01
3.686344608798842182e-01
4.882650987811735788e-01
6.432182017226225623e-01
6.834663323686873682e-01
4.526509511615844916e-01
3.841168509912803453e-01
7.114755286855584115e-01
5.292024617863398950e-01
5.732821525045171951e-01
5.721203711485326471e-01
5.674821156011614631e-01
6.219360988008841851e-01
4.733011234224046571e-01
5.336175797498756701e-01
-6.773490458486800536e-01
5.011014815230948605e-01
3.057352398766803869e-01
4.774484124043675282e-01
5.115431823297633684e-01
4.926544306121339867e-01
6.418886105635221995e-01
6.458506235995656874e-01
5.765665421403725066e-01
5.098744842469876692e-01
6.313853370859919822e-01
6.466804109195606332e-01
3.636366613873404097e-01
6.233434199353354854e-01
6.824496707528900918e-01
4.984847368900185427e-01
4.763445337066309349e-01
5.148088962208032804e-01
5.763569968499010487e-01
4.744609523299256892e-01
4.161708005381230535e-01
5.510826050109121077e-01
1.778634803957927224e-01
5.561563698475624484e-01
3.630904843079876265e-01
5.620548688839515084e-01
3.745394263924484157e-01
3.554136381649487531e-01
3.711034454829139628e-01
7.533436252510692377e-01
5.074450985114160595e-01
5.641508982167782182e-01
4.939680067802025842e-01
6.435652296390367288e-01
5.686239514130305706e-01
6.471788530056148403e-01
2.502074436162541327e-01
6.115916826405454199e-01
5.455704642141365746e-01
4.819759583389403024e-01
5.551316187671643254e-01
4.149435587885313970e-01
6.320786264521237596e-01
5.135068430887830271e-01
5.285937612035330746e-01
4.877730613651368174e-01
3.902903181667652932e-01
8.196759623611409307e-01
6.347425200088397945e-01
5.337902911910573645e-01
4.452609315535492329e-01
4.836693596461497102e-01
3.541489261470306960e-01
4.583306531571764708e-01
5.456847398345374689e-01
5.426706640143624805e-01
4.193323420049837602e-01
5.188068103123218977e-01
4.492417906983977027e-01
5.206484980342023228e-01
8.752523699963895565e-01
5.589587712936892050e-01
3.683394545087079197e-01
4.581929872648853874e-01
8.085131221754648934e-01
4.322628075032541872e-01
6.079728409602328520e-01
4.461469311631726109e-01
-1.446196178582412617e-01
4.441461154509029341e-01
6.656536632088464467e-01
4.587295314563900606e-01
5.929748194384677484e-01
6.278767306395905967e-01
6.560271567724931252e-01
4.420454838072336301e-01
5.069295578014001435e-01
4.965907285378451386e-01
9.861658030619979698e-01
5.791834505407901235e-01
4.214346902436204578e-01
5.517616202344093335e-01
5.351139828029646273e-01
7.132143188527072519e-01
5.337811127093603503e-01
4.231853363478104701e-01
3.806245335190235890e-01
7.172564672612233849e-01
4.946940700884997488e-01
3.345808750742873539e-01
5.463480318295936833e-01
6.693751193009880307e-01
4.465539022979279626e-01
4.443791097682804891e-01
5.276054167195627365e-01
5.143622155567354470e-01
4.655764730747614655e-01
3.385646927802527517e-01
7.226720467027989425e-01
3.963327993278483174e-01
7.116655396671262013e-01
4.910417203393274699e-01
5.086992670948500272e-01
4.894954390687154544e-01
5.493938329354165484e-01
3.965286109774378009e-01
4.317005298717265238e-01
4.800226557084787959e-01
5.386450468265358005e-01
5.715750003422324088e-01
6.409090063548070759e-01
5.007323269793558795e-01
5.896331377686184760e-01
3.586208882411832666e-01
6.243130233148673769e-01
5.202842441767669968e-01
5.484251906214993033e-01
6.340684632609255855e-01
4.580251300127172187e-01
5.055720171345712277e-01
4.318370963948903185e-01
5.271706525918944397e-01
4.721137356672476248e-01
4.810772837337666252e-01
4.130826834343861442e-01
6.967389747425742907e-01
7.307632881308819828e-01
7.159741502060454899e-01
3.641784099134550701e-01
5.912248728118126850e-01
3.611517197008667912e-01
5.035585690151571647e-01
2.039713615895288878e-01
4.075885265384224798e-01
5.250921257608164305e-01
4.548330994535947913e-01
5.025465342083453857e-01
2.318854956220457175e-01
6.562236886883466846e-01
4.397175724623850201e-01
4.240304552580198560e-01
4.704847663025691351e-01
6.835953688964686581e-01
4.934437425637563934e-01
4.961582379706693247e-01
6.276068647127776012e-01
5.656414169659071955e-01
5.653578692573525410e-01
4.246653470009609799e-01
1.464674802652135899e+00
4.537667620659258660e-01
3.227746928994554287e-01
4.357693321055104430e-01
5.769939609271171888e-01
4.708266490676792926e-01
4.923179553399232855e-01
4.441616943580592447e-01
4.027133777267823955e-01
5.242143420738101245e-01
4.647791793410687711e-01
4.234469349850237263e-01
5.100094253230442742e-01
5.037866359239283609e-01
5.449824975736807797e-01
4.052255153949683719e-01
5.527574973923506940e-01
4.640017434515409933e-01
4.033348005185928287e-01
4.318164037369473518e-01
5.705161158641339769e-01
5.660177794547291974e-01
8.202266902636299317e-01
4.892396913483878507e-01
6.113045489477513250e-01
5.041715876988598355e-01
4.380477412521461278e-01
5.934762840546350393e-01
5.430262913373169464e-01
4.265697826871251985e-01
3.727618953000987889e-01
4.106541025932528011e-01
4.996952303562697817e-01
7.815116236899292135e-01
3.916683124901542690e-01
5.667945648773902168e-01
6.738596142544609480e-01
5.632904297091173573e-01
5.959336606824465754e-01
5.570783705397419627e-01
7.024409013010725067e-01
5.655401821291807796e-01
6.968078777640827060e-01
5.242527098082122583e-01
4.234340197259953142e-01
1.986647857946465257e-01
7.387701834290023584e-01
5.115492735416178327e-01
6.082022309571816221e-01
6.025797601623937849e-01
3.260564712987543134e-01
5.466405736011463734e-01
3.289890280815104262e-01
5.966656859343271169e-01
3.967996408293586463e-01
2.039766749193323292e-01
4.042578345538015983e-01
4.022518662733782224e-01
4.235177195661379290e-01
5.217033937352845152e-01
1.944116301660435420e-01
4.285671061912403323e-01
6.385604405392122374e-01
3.070990188356004791e-01
5.872867464742334009e-01
5.574859940151237758e-01
4.399585743112148228e-01
4.320709509835961581e-01
6.800927269048225865e-01
5.762695378281257330e-01
5.727136092672523437e-01
6.340188326425704179e-01
6.076070122519059424e-01
5.676449500183143870e-01
5.433852593395905872e-01
4.792253846672965278e-01
5.122986776021805078e-01
5.852211141643821612e-01
5.874596628156193434e-01
5.567552988758210919e-01
5.172266800631956096e-01
4.908657415359239384e-01
3.755682854516657621e-01
4.097816428383210807e-01
5.101388050048921707e-01
4.851900149168969500e-01
5.629152479392705022e-01
5.045145416237474256e-01
5.119223259234343404e-01
2.887816081032938409e-01
4.946431423130747129e-01
5.587834995651792536e-01
4.402709910908023105e-01
3.957333722446023105e-01
4.828208250216259878e-01
5.041088616918754095e-01
4.992497635221265773e-01
4.400342827920266653e-01
5.346360112943917553e-01
4.833600181822564901e-01
5.352052817874665136e-01
4.899900838008164894e-01
5.506754295849546343e-01
5.440625916519042926e-01
5.018918020360294552e-01
3.910587852358113903e-01
6.745750410767337168e-01
7.288453259465191847e-01
6.025861758688321190e-01
4.773050997789592964e-01
2.595127152036003637e-01
5.826257685002368403e-01
5.680590738462234501e-01
6.845132197864461920e-01
5.038246004744567630e-01
2.397616284784860607e-01
4.530752357998542590e-01
6.090330476052105979e-01
3.494850422947589075e-01
5.360293635349157038e-01
3.469176646775120609e-01
5.571724682570103893e-01
5.492159110773302544e-01
7.011962964450799696e-01
5.580223288811619886e-01
3.929982246535528856e-01
4.411529211567705722e-01
4.891353696445915333e-01
4.688846670722428001e-01
6.897070205481772298e-01
5.673664412257896084e-01
6.468062458028458472e-01
5.931202364792872439e-01
5.271803207287171222e-01
3.313316390505396392e-01
5.559497665324196758e-01
4.935658280638419160e-01
4.282212812261776413e-01
5.136803054458261020e-01
5.544146551261944778e-01
5.571904127053234346e-01
4.093810765603130841e-01
5.193990083755779530e-01
6.691285812359569762e-01
7.154981517535383695e-01
3.098555483291433599e-01
5.481695926690342002e-01
5.741156622900572826e-01
1.295789854133345409e-01
3.772025114272441471e-01
6.555492633763455590e-01
4.456886525880693339e-01
5.456550983539978361e-01
4.990111281769236684e-01
2.228722134764621610e-01
4.886926129407994090e-01
6.250648119452724139e-01
3.613479062322478286e-01
3.358319478071121189e-01
6.268637695654136754e-01
3.150946127559310916e-01
4.760896807689364851e-01
4.916381784292685464e-01
6.689766932738793193e-01
4.397652822979401521e-01
6.316451382716312679e-01
3.911297256723982319e-01
4.668443943518059691e-01
5.802912618963821378e-01
4.956300967740679408e-01
5.312030651042551899e-01
5.392792904238652429e-01
5.340406009575359159e-01
5.050653474789157382e-01
5.069247394166269682e-01
4.502086990065353178e-01
5.246849394526847954e-01
4.384569114256235411e-01
5.459161110925356830e-01
-5.711034179854593273e-02
5.030827601888965273e-01
4.330424236881745825e-01
-1.159132792654655963e+00
6.050195294045185301e-01
4.426064137048154601e-01
5.280674288536747474e-01
4.822746994779679719e-01
4.792715239203084177e-01
5.253609974783400860e-01
6.155039186832573783e-01
2.384106830647393094e-01
4.880162562742123566e-01
4.673244852672265304e-01
6.583889573620511637e-01
5.040531389252980166e-01
3.393061380319703502e-01
6.522286919570742247e-01
4.165644523697755730e-01
5.610718803288421430e-01
4.018128911901425737e-01
5.475242753460797251e-01
-1.728856400516642911e+00
6.401066509749401279e-01
6.801773417859197091e-01
7.278024923998618334e-01
5.980505681988278477e-01
4.414702070737721029e-01
4.775653047219493574e-01
4.813128744008761117e-01
7.244263686458055629e-01
5.942827923796668577e-01
8.340141199666448735e-01
7.817666852016983414e-01
5.380075243337261170e-01
7.309461440363666185e+00
4.557244658419781769e-01
4.635876337024481542e-01
4.876467752732241423e-01
4.191943147777091316e-01
4.227577693624571253e-01
4.222151398205239436e-01
5.469911001440851406e-01
6.406224051925435425e-01
5.562206109645516650e-01
3.875180425063338707e-01
4.382104430819409036e-01
5.184046172758153270e-01
4.554425156540596875e-01
5.403235583594602209e-01
4.883781080438143185e-01
5.348967502891011083e-01
6.028865419557366545e-01
4.818336993059887385e-01
5.596255578298556799e-01
3.739017623529753420e-01
5.329135222865066801e-01
4.464680193694313681e-01
5.593141184822220113e-01
5.899087189760336969e-01
4.479939465790144792e-01
5.447013646782428165e-01
5.071584914067013283e-01
5.825550577520719475e-01
4.039874721931039914e-01
3.793709602226908451e-01
5.160411843534350451e-01
1.776642066190603775e-01
4.775565099382399481e-01
4.910145765686346198e-01
3.396024750688177440e-01
5.589429756881849620e-01
1.520863469584082528e-01
5.741510205061709504e-01
3.323718396631542560e-01
6.210904970766001343e-01
6.281030703107822744e-01
5.123439424370048734e-01
4.282024703466839055e-01
3.569315888911089862e-01
3.139781159978297098e-01
9.951827651679312492e-02
6.135178291843431664e-01
5.109676877679703022e-01
4.210789276760374955e-01
5.050070415487593056e-01
5.472046522776872202e-01
2.368609513967135094e-01
4.823045699825437849e-01
5.213157032822988146e-01
5.329819206516023256e-01
5.875258854241561801e-01
6.075321147270569266e-01
5.583463012767390099e-01
5.893124483613196851e-01
4.583714757115718852e-01
1.019390870282483652e+00
5.285187493535105085e-01
4.614389270359733342e-01
2.124280905010102471e-01
4.778282879940972672e-01
5.561167827148044696e-01
5.680932431969990537e-01
4.597957880223214056e-01
6.882487936559672503e-01
3.572789025276388863e-01
5.572866380989933699e-01
4.581829333805466087e-01
1.809684529337051151e-01
6.632963733168113496e-01
4.853726972250335669e-01
4.397720456238370934e-01
4.841433491875904993e-01
4.871791238389580059e-01
5.356759632173921926e-01
6.354086805749160627e-01
8.021999878531554939e-02
5.292927093933867955e-01
5.265744187922775099e-01
4.496818248809666962e-01
3.510741161682850997e-01
5.980549207515917232e-01
5.280529497016608342e-01
4.352818559623566341e-01
4.951537611347122669e-01
5.592069459414127364e-01
7.636659901087132774e-01
6.653069043167596508e-01
1.477228702706860630e-01
5.497922775133288198e-01
4.674909826347259933e-01
4.782105090961185634e-01
6.589906207717080022e-01
5.698816594959844606e-01
-1.306218989391697283e-01
5.180612885095028375e-01
3.562391074414489878e-01
5.486788800994831794e-01
6.008139452164399374e-01
5.939879447331007922e-01
5.239395728572079358e-01
4.819214651691953732e-01
5.267782957686000245e-01
5.562071974076027159e-01
3.290824361900491213e-01
5.484701907707120183e-01
4.524176520374344479e-01
-9.214921733422147543e-02
5.296895821539184812e-01
4.554017677094910899e-01
5.707095937052905077e-01
6.148974586827378186e-01
3.354774219909840149e-01
4.746299146092683996e-01
4.799130040082523752e-01
3.751698052689516061e-01
6.313096471906166629e-01
5.063642375980277333e-01
5.033932235304676706e-01
4.352187946967555066e-01
2.440360896662239487e-01
5.937530612934944774e-01
4.878650436342258923e-01
3.274811964502554740e-01
7.157737118586698921e-01
2.270793602927172472e-01
6.481077033620501471e-01
6.016635050539775875e-01
4.349575462960977301e-01
9.920645027251884240e-01
2.927834172412593916e-01
4.406992435518548579e-01
5.540421202490681818e-01
7.002805225134450806e-01
5.709807630641908771e-01
5.674105148386880959e-01
5.319928223937596679e-01
4.346875682374955474e-01
3.098253857512255904e-01
7.507991677115334606e-02
3.853599425418157698e-01
-3.185393334646016705e-01
3.906908525964690182e-01
4.710241918235777980e-01
7.290125568062152395e-01
2.637064344252897929e-01
4.808670467422813122e-01
3.753613149143586458e-01
4.449497869049582333e-01
4.440803588513365652e-01
4.744730263979036744e-01
4.710080940123946291e-01
5.378392527897233322e-01
5.579299520022806824e-01
2.936323370910335351e-01
5.547599889581826815e-01
4.759351418713047566e-01
4.660049534942659055e-01
4.207733339752576240e-01
4.663457345086094996e-01
4.115238545295332173e-01
-8.768386549093787341e-02
5.858256856005368274e-01
4.727058091961553604e-02
4.723253537579844008e-01
4.532202173676532220e-01
4.984100380954221698e-01
5.879281920352192881e-01
4.947174537369140035e-01
5.653535560776921098e-01
3.205582360826128574e-01
2.632617332271217081e-01
5.740329322867833151e-01
5.203568783361124384e-01
7.031395943543259364e-01
4.005973541132219484e-01
4.903075506194357058e-01
5.646188113615302484e-01
5.053598445809341921e-01
9.799489538728464177e-01
4.887253442509724155e-01
7.146821901080708805e-01
3.435265623504725752e-01
6.635658182045038878e-01
3.421329279107871435e-01
5.053589767976751634e-01
4.860539233757402711e-01
5.349942032183652163e-01
4.667900779269978928e-01
4.572480954647871187e-01
5.061174614871178923e-01
-1.047687161513614768e-01
8.669964412386783892e-02
5.038800472927377205e-01
-7.584607722266525388e-03
5.262229781273211060e-01
4.768321099476504621e-01
4.410853618654972386e-01
5.985746999924733691e-01
6.930096389783201305e-01
5.738381852127640848e-01
4.829493771613210806e-01
2.914101572883600055e-01
4.946903877157579066e-01
2.081371980802929900e-01
7.478834448524569467e-01
5.073367703624388492e-01
5.316020131456300479e-01
5.324427576261345774e-01
4.525363207517658082e-01
5.502576672078662856e-01
5.561654851714581405e-01
4.857721581028193736e-01
5.713057078462463467e-01
3.850015213782098100e-01
4.827816668411269441e-01
2.971818242650728359e-01
5.190216361644036658e-01
5.328514737926319800e-01
3.656991034258436635e-01
4.940536576892654019e-01
6.280119298534068140e-01
5.190514922404156906e-01
6.456560909723674246e-01
6.265565784346366351e-01
3.600708741921604394e-01
4.112054921295119070e-01
7.292593238922794319e-01
4.839750817161724283e-01
8.825388425747299204e-01
5.296761113492886031e-01
4.236977491219857117e-01
7.445143732728222163e-01
4.081878050775505362e-01
3.680174625825125556e-01
7.000359151713501094e-01
5.164936376591433564e-01
6.202505799835478228e-01
5.334501151610119285e-01
6.301434041523045204e-01
4.791583404739614416e-01
5.649991949005990222e-01
4.810937247473129896e-01
5.806391072224257321e-01
5.031919215137419243e-01
5.076563718901645483e-01
6.353575360791334781e-01
5.180795925995241857e-01
5.574813965928679949e-01
3.486447917179901212e-01
8.844281525760760987e-01
4.799718322509660684e-01
5.065102005583732581e-01
6.993922733739006414e-01
9.895278632605337688e-01
3.686835947841728967e-01
5.728320519976195513e-01
4.988375470800239797e-01
5.300867654650482930e-01
6.694898319690169020e-01
1.108772425992214927e-01
5.837740220926569412e-01
6.178734089778892269e-01
3.930176770948226039e-01
4.852523050661551873e-01
4.827855022982308619e-01
6.030308025519297566e-01
3.647885394006074034e-01
6.173065753773546716e-01
4.589176374045008111e-01
8.049326614607781316e-01
4.431946022277676867e-01
6.179670646090796859e-01
4.985072620409548017e-01
6.842725869186084831e-01
5.010795844288942202e-01
6.475990057701721536e-01
4.344612829095288453e-01
3.171257626692559062e-01
4.857707909782945088e-01
5.232321746978318977e-01
4.427932705685013182e-01
5.382946816386312561e-01
3.335899984295799259e-01
4.653521068864853172e-01
6.922822973532573032e-01
8.931166298440795792e-01
5.798845778006410656e-01
5.178887648751315798e-01
5.113288315929425121e-01
5.306120161651645128e-01
4.326139855843592619e-01
6.215137375613730697e-01
4.081726760309565827e-01
4.455084010534856587e-01
3.911347978646119716e-01
3.777671968314986750e-01
6.162879859185987907e-01
4.147646526180811533e-01
5.799304962560776211e-01
5.741156622900572826e-01
4.083087391030981173e-01
1.819874896236130013e+01
5.482133804523348086e-01
1.528846103047991067e-01
4.649090217321760754e-01
4.654604750953780234e-01
5.751581628222912634e-01
3.966992839501312651e-01
5.322535443105610442e-01
4.694861725623477589e-01
2.280015136660031028e-01
5.525304930188643660e-01
5.306299228018500624e-01
4.768967986106715240e-01
6.094618124039508089e-01
4.115271883642797612e-01
4.902694778653406971e-01
5.556903428719851545e-01
3.589031768016090473e-01
5.221275761308327157e-01
5.481880582301418281e-01
4.825727679117833846e-01
2.096235287459717045e-01
4.511843287285885462e-01
4.873893342462485290e-01
2.445985275404758130e-01
6.631223779065062995e-01
4.066724877081597800e-01
4.497175903810862185e-01
1.781258036184923121e-01
4.698546870734510716e-01
4.513640669332209532e-01
3.179843941410302466e-01
6.243425864871594566e-01
3.940903990966294068e-01
6.850920163387188566e-01
4.812514870275401702e-01
5.130623082566490023e-01
4.610693725627698081e-01
-1.636794915209679235e+00
4.765454978402634545e-01
5.556117954056144503e-01
5.525021584544270725e-01
4.810999847826867848e-01
6.257257507801372576e-01
6.590908457702262524e-01
4.444372758863773254e-01
6.052757593479762832e-01
4.434222546944374121e-01
5.752992061861775808e-01
4.405669624980156351e-01
6.051141606089674996e-01
5.502232744929446140e-01
5.089375602176878788e-01
5.644250743198946374e-01
5.851436761151292965e-01
5.300610471787156053e-01
4.635568242564161445e-01
4.368074759423961617e-01
5.905154638580759618e-01
3.691193925820527300e-01
4.026870954379317968e-01
3.627604163937672710e-01
5.782518528015098136e-01
5.706897891496633957e-01
5.513800402617770047e-01
4.154023840526620548e-01
4.191047213443990782e-01
6.051449969719653321e-01
4.302356773131538747e-01
4.755787059033187436e-01
5.357234923190754561e-01
5.551964506633512153e-01
7.799407409123199075e-01
5.254486352575077346e-01
5.008457906430480167e-01
5.474507040248903778e-01
5.301424652109378854e-01
2.514785923818490532e-01
4.801094026965423422e-01
5.316691677187562748e-01
4.802135617545464363e-01
3.448672233783451890e-01
7.142963190241461424e-01
5.118927906635226677e-01
5.097011100319669419e-01
5.516205298655619815e-01
9.817154420680892501e-01
6.920721517668959599e-01
5.581027885974583214e-01
7.107099949269835015e-01
8.578900629616218465e-01
2.924832545610714374e-01
5.094652702174925496e-01
5.690443399479090392e-01
4.023730377304214900e-01
5.067666531411842978e-01
5.324979179820737984e-01
5.971895799186801579e-01
5.580608813428076243e-01
2.118173465110403386e-01
3.240617840114916048e-01
4.397607538562515739e-01
5.505163054630570763e-01
4.877206690865879546e-01
2.465140810798596427e-01
5.083920840244886552e-01
5.879746789998719914e-01
4.125231458476632529e-01
3.471581299739547877e-01
5.572813614581095809e-01
5.174791578596187325e-01
4.707938645191742100e-01
5.334085916607677058e-01
4.005802250145351073e-01
5.710886925097460320e-01
5.196329921664111229e-01
4.718467410278818219e-01
5.300059577187721249e-01
5.098782596578260717e-01
4.703425827741373189e-01
2.521534482870419480e-01
4.522985746831252318e-01
5.342668186736099223e-01
3.879955584705657712e-01
4.917958024748991241e-01
3.238419319016864195e-01
6.157534664950440328e-01
5.175944060616151088e-01
5.551810773055254611e-01
4.264720496543640826e-01
5.341827374248048210e-01
7.405192085625077469e-01
5.106166643880528655e-01
4.486665802576441653e-01
5.216248164679301302e-01
5.876427938282051677e-01
4.683193928525075100e-01
5.182273107198740458e-01
5.310181810861192009e-01
5.701115081649796856e-01
5.162946817647895426e-01
6.142027003121733886e-01
5.980854285836189055e-01
7.286883290492508491e-01
3.688099321105284822e-01
4.833254955053459812e-01
6.420816212666924372e-01
3.607592527870802646e-01
5.596475266543250449e-01
2.642875546525003672e-01
5.760052306365882613e-01
5.791599515145704480e-01
6.235979401405143951e-01
5.697062185087217179e-01
4.898885750180150267e-01
9.704628946682480883e-01
4.143132517747174504e-01
5.042673228357230641e-01
5.538960602208343742e-01
2.845465961189551085e-01
4.691838670743150863e-01
4.216565839867845167e-01
5.723450176369517806e-01
3.006709499961721099e-01
6.094338391141845834e-01
5.680872930495393103e-01
4.786407357234203075e-01
5.300533344415454540e-01
5.662494243663893645e-01
5.302549604241874048e-01
5.312345776409038711e-01
1.998792002597319095e-01
5.361947350017607361e-01
4.014391596707714838e-01
5.597613585359588750e-01
2.793465084471887239e-01
5.902587848438308749e-01
4.691951319457914882e-01
4.099754384592968481e-01
5.522887800446840689e-01
4.334933144191650545e-01
5.709494180092938853e-01
5.572609252422251469e-01
4.084215250834493660e-01
4.906294051925437771e-01
4.118130678097740027e-01
4.721118912899687214e-01
8.596881657223456319e-01
6.113143184418179388e-01
4.201468532197608630e-01
3.967144677583045453e-01
5.145597808344611890e-01
4.792581834800542229e-01
2.917912384826065741e-01
9.541453125088745768e-01
4.705339451266254969e-01
7.385735725787887507e-01
4.757320465586679648e-01
4.817892752351453090e-01
5.526693431274042334e-01
4.611835831921834439e-01
7.960184079324881257e-01
5.084759076706029113e-01
4.864291664408636473e-01
5.349481469483803320e-01
5.329241636928969683e-01
4.003854191632935100e-01
6.528214476718230408e-01
5.056227329612960064e-01
6.381736963209495572e-01
5.506416527539912398e-01
5.393352827510580205e-01
4.933671903050888541e-01
5.972384781739382698e-01
5.063012709077524542e-01
4.232382149050121778e-01
6.334183456497672893e-01
5.956859680795039136e-01
5.814976364592659985e-01
5.910205260422860540e-01
5.312468697049480548e-01
4.856696012953535257e-01
6.474360745547447227e-01
4.836028035731572139e-01
4.044433061634895576e-01
4.044185427753461681e-01
5.966898720599101980e-01
5.538798326526762628e-01
6.284272917903918065e-01
5.577576965932512509e-01
4.108090394423984937e-01
2.414660196974160455e-01
7.030937396606674605e-01
7.074406375574460171e-01
5.752199012236992592e-01
5.416157886605702521e-01
3.957903280112549105e-01
4.789723443938956882e-01
5.234376189530156598e-01
4.726070244644008378e-01
5.097316271443660396e-01
6.461326841589798420e-01
5.698049189990123109e-01
6.197393492434268847e-01
7.243180273558109672e-01
5.117829303688415932e-01
4.153915201793701439e-01
5.289538992954895269e-01
6.048423961190863007e-01
5.583138330996708643e-01
5.625947978636207658e-01
4.958546349114780205e-01
4.236612395328209768e-01
5.282388836516146435e-01
6.693250037998988988e-01
5.470116547957348807e-01
3.844740353831258006e-01
4.668502378808495612e-01
5.218464790589656399e-01
5.214917918251347206e-01
4.811281573612093410e-01
4.231858826842450627e-01
5.480539747077799451e-01
5.414327062169507210e-01
4.682265419780873295e-01
4.677895419541328592e-01
5.093333857269394249e-01
5.622600184433435011e-01
4.595071563197148379e-01
4.360737652682752374e-01
4.691125846932089893e-01
4.551946008389027853e-01
5.248912796731612929e-01
5.471343052177615185e-01
4.517253659583798653e-01
3.175990038015239492e-01
5.033345640107461660e-01
7.220691718277423288e-01
4.672114460688798210e-01
4.560434465953226990e-01
5.812579877316045307e-01
5.009520397429118033e-01
5.051338093134010165e-01
4.976643400520729954e-01
5.243627943993709462e-01
4.225477708852776737e-01
4.235232739790867895e-01
5.458832738529949546e-01
5.587021161410401504e-01
3.976528355663660474e-01
4.327220992114774734e-01
4.925501654507462579e-01
5.767037786788682396e-01
4.593541041457778751e-01
5.375199223423153816e-01
6.353529408919191823e-01
5.157743429366493659e-01
4.528482435698164554e-01
5.920225820606259681e-01
4.461916181603363674e-01
4.269392632822227029e-01
5.517272193140485559e-01
4.925943201872204358e-01
5.428677316838887990e-01
4.849224020758780007e-01
4.964816980482705810e-01
3.914852865515665026e-01
4.215413150980265033e-01
5.311555613092026062e-01
4.320914113609480856e-01
5.773491496977175563e-01
4.605016857330646030e-01
5.123284081911300136e-01
4.844791089182204913e-01
3.839878538474445491e-01
4.765272657288193714e-01
2.534220298849713671e-01
4.815488476750898195e-01
8.156495924660073227e-01
3.782922021022767645e-01
6.288108688426423676e-01
6.502571090394559938e-01
2.523966403852055951e-01
5.998470478871108513e-01
5.631176169323610647e-01
4.895576769891690216e-01
4.892938626015148063e-01
4.901101296904107341e-01
4.025573413479616169e-01
2.951047613516075141e-01
4.765345485891075983e-01
6.954144095529835035e-01
4.675994879234970925e-01
4.810688987278592399e-01
4.689164528161506307e-01
5.905201115227426412e-01
6.244642292695188335e-01
1.950274116531238722e-01
4.944928441412888009e-01
5.308572838702744212e-01
7.339011652505400551e-01
4.151499954785882740e-01
7.312004954241696497e-01
7.025287561374493617e-01
5.455694741351986288e-01
4.270299362288659806e-01
5.836870355345770145e-01
4.600653635688033982e-01
5.005100426638222633e-01
5.980881500905012027e-01
4.335920629043574781e-01
5.653956600339031802e-01
3.906367787342795439e-01
3.611178218441268850e-01
4.746294363425783702e-01
5.570129007870322502e-01
5.287769346261214087e-01
4.150512476380442961e-01
4.326338519735961063e-01
3.952383771562109072e-01
4.845962722225696795e-01
4.944319524432045920e-01
3.939949840365253864e-01
4.793295711001028803e-01
4.502617036804015260e-01
5.156739958827095682e-01
3.043803917825241845e-01
5.468666912257693635e-01
5.468783664124887700e-01
5.465772678670320905e-01
5.686806774214483440e-01
4.933415525328813667e-01
6.250516851050992306e-01
-2.107892210121227183e-01
6.950132827441564132e-01
7.323657904548375175e-01
4.685803911367479868e-01
5.275452404900876635e-01
5.433771309956264561e-01
6.471384607888963636e-01
4.737352670930963239e-01
4.614108964035974481e-01
5.818068312749158366e-01
5.476969811476876115e-01
4.799812887287344121e-01
5.544981996088044207e-01
5.382527320797670933e-01
2.542670032930487434e-01
3.011655592808931026e+00
4.996861906023505884e-01
5.407616823984952026e-01
6.026781920516399715e-01
4.192234929777893804e-01
5.306328163249363072e-01
4.681629123668539227e-01
5.410952657963821189e-01
7.025765490738281049e-02
3.407108743792597316e-01
1.500537425177572437e-01
5.398473955396371204e-01
3.504093454811205710e-01
3.469279445547592822e-01
5.665108224660274638e-01
4.753755664464036079e-01
5.356149726297064761e-01
5.347487312196499420e-01
4.971010898947713641e-01
9.173386633025696346e-01
5.105040309863212444e-01
4.131400544012067688e-01
4.736488895472084071e-01
4.121585458369914634e-01
3.934883548856862312e-01
4.396775210083165852e-01
5.260754037459496324e-01
5.931358576502911983e-01
5.412763654984715789e-01
4.889384001563616411e-01
5.237055822104103031e-01
5.916674719013638173e-01
8.644546594710014631e+00
2.791253038493567429e-01
4.288325913121105448e-01
7.205427736902830782e-01
5.977352379321967391e-01
3.965322118335091184e-01
6.751121427702739819e-01
6.675361839306664935e-01
5.008630705348862122e-01
2.557318334833537654e-01
3.471698509649905895e-01
5.239352285609651938e-01
5.884471889659443899e-01
5.639415317229065083e-01
4.328921963328087319e-01
4.163393023310865138e-01
4.749187112829714175e-01
3.480116296724764524e-01
-2.429290028810942581e-01
1.521041382978291223e-01
4.739922145008718668e-01
3.394899262154079111e-01
2.895493661259742613e-01
1.075542150255657470e+00
7.735133210956064431e-01
-6.279656569292476620e-01
4.921718734855961008e-01
7.432901656826446102e-01
4.419896545359644491e-01
4.311172759392911669e-01
4.513246236568128067e-01
5.383023577136890614e-01
4.863434049599016928e-01
4.585400701981027227e-01
4.485424448550156540e-01
3.779854049398905791e-01
2.547116823473113967e-01
6.620425897019964756e-01
4.561347034467823636e-01
6.012301247094036238e-01
4.683888837707212982e-01
5.548946095707915083e-01
4.873192411537827229e-01
8.476481976470320312e-01
5.431669611699052602e-01
4.225444869821869953e-01
5.216116335321377973e-01
2.403794142191697514e-01
3.645833318966770764e-01
6.347670661894236899e-01
7.211486470523262859e-01
5.614649727241254329e-01
2.745349904994312529e-01
5.584244517929912721e-01
3.000995454767422799e-01
5.775211110618593269e-01
5.045183886085709002e-01
5.658026628945861392e-01
4.631365464499113127e-01
1.033915867039254088e+00
6.449526406463632622e-01
6.134225813289619911e-01
5.689304136404075285e-01
4.843853589056413278e-01
5.803590973006957920e-01
5.758150353618725070e-01
5.173809064754996134e-01
4.916585575063658342e-01
5.377999004564408825e-01
5.425045568627653303e-01
5.381593951913390406e-01
5.729692421169982897e-01
4.752786130791718522e-01
4.323463957815716352e-01
5.913022451970539883e-01
3.558524852943995564e-01
1.766198158344167435e-01
6.777708463851203069e-01
5.507283920197211247e-01
5.823753049764924805e-01
5.366655691308968024e-01
4.664132025073164933e-01
5.946244007114985797e-01
5.158611625702019809e-01
5.422196792767036699e-01
6.971895047592040484e-01
4.641390009834420183e-01
6.016239946161885399e-01
4.157603518213731641e-01
4.923287422993254947e-01
4.296798557513881178e-01
5.078918476076309529e-01
6.219303061272227762e-01
5.715470672945471842e-01
-7.961322882746924012e-01
8.875436033802853730e-01
3.542511475751828343e-01
5.218393285771893986e-01
5.443024398422167121e-01
4.253907890533716318e-01
4.914885261041334608e-01
6.184868411655357612e-01
4.054089845443142326e-01
1.605715184624888214e-01
4.222096526209130340e-01
5.652244752891520951e-01
4.858078106255296902e-01
4.114179834957893411e-01
4.751398408796753681e-01
4.830819686083686060e-01
7.124458974298975011e-01
6.305645742850627400e-01
5.281820858295518395e-01
5.579600727279813155e-01
2.629305816131662921e-01
3.902536614602644671e-01
4.702492641595441558e-01
4.199279667246775816e-01
5.169726761200709175e-01
5.528244325361916234e-01
5.140928208904201879e-01
4.929984281371373456e-01
4.525419629000593247e-01
5.319476140447751966e-01
5.167224643978767240e-01
4.913611764564254636e-01
2.721738487628842518e-01
5.671588532039345543e-01
4.534161529824923820e-01
5.524094041767552143e-01
2.357470224543565807e-01
5.556314796638632814e-01
5.835061683874612770e-01
6.423290753067342207e-01
8.399441442470919617e-01
6.254892221776559014e-01
4.781768988660118347e-01
3.297336643301078674e-01
5.713807775255907995e-01
4.289418365906824682e-01
2.761140941198947929e-01
7.234308788107353116e-01
4.187227308304593554e-01
5.546765409898010146e-01
5.023189827826713971e-01
3.976966308669985239e-01
5.655269312316190122e-01
6.650263120042672060e-01
3.802046714070429489e-01
4.738389767719654033e-01
6.490762608792786104e-01
5.921196364798126943e-01
5.080768748592878747e-01
3.919402657552817915e-01
4.047240138994688263e-01
4.033126086292183610e-01
4.820358942261678270e-01
5.992824754973679058e-01
6.951098040997116811e-01
9.307532974783871982e-01
3.873155533583516608e-01
4.682379861515917341e-01
5.109557911482490722e-01
3.558042904748364710e-01
6.172384339783469898e-01
4.170112444407368946e-01
5.324413011098373394e-01
5.357395023122308864e-01
4.241719868896111079e-01
4.994667291259575204e-01
4.254788574616541474e-01
4.566105732737869016e-01
5.914516366800108838e-01
4.579972719443004547e-01
5.881129825616630002e-01
4.269891487374686267e-01
7.703260086305281362e-01
5.794873625715797338e-01
4.808872208419537886e-01
4.170299569491222602e-01
5.672539880396489931e-01
5.910459235198615158e-01
4.995337336917642923e-01
4.909450513744551547e-01
3.626799410751555541e-01
6.632746294815126120e-01
4.133747353359931709e-01
6.281077541438337963e-01
4.922184408045287562e-01
7.284050948212051901e-01
7.438027849909127909e-01
4.655558354855136027e-01
4.910017628474364626e-01
5.863157376570182766e-01
4.425932959464578542e-01
4.613130145033554896e-01
4.765670703886634163e-01
2.674745185285116733e-01
5.022702867244546177e-01
5.377455877061427802e-01
5.047767666138764930e-01
6.053980872277260339e-01
5.251482279887244031e-01
4.707275309317587308e-01
4.964602660870259254e-01
3.300779972221905556e-01
5.437784879176936759e-01
5.480821431243997344e-01
4.704396176985616851e-01
5.888970887924207531e-01
5.623587060902580648e-01
4.640748877279675111e-01
6.218275237756980545e-01
4.466546144653169570e-01
5.268983178427560921e-01
5.076466336620817366e-01
7.916774223842145686e-01
5.253071312272966642e-01
6.058829937735891180e-01
4.913881411770048002e-01
5.471560310609788758e-01
8.775911020768758508e-01
5.152947669663280328e-01
5.740202567088246166e-01
4.532745967389356645e-01
5.466463483201456919e-01
7.142253431448384315e-01
4.928199553009945388e-01
3.923363824998480354e-01
3.926398305528309152e-01
5.149153010344980075e-01
6.238066523066773117e-01
4.724913298016721330e-01
5.656842345030489438e-01
5.046723871667219141e-01
6.123681265350934266e-01
5.372027859573156316e-01
3.284584657623288995e-01
5.069295578014001435e-01
5.057361009506846639e-01
6.545251381990035977e-01
5.666055383377145427e-01
4.915242700442462587e-01
8.384889551846569367e-02
-1.370590685133890929e+00
5.494367462200715480e-01
3.857015847397043395e-01
4.710965630919356495e-01
4.780361441965700342e-01
3.706250201854224269e-01
4.045521376274082148e-01
2.990066521939145350e-01
-1.111234637375226653e+00
5.713714772803782926e-01
4.598001531068390824e-01
6.323128219447990972e-01
5.310531330924115334e-01
5.405630347523101564e-01
5.686704707954507443e-01
6.902231919473165167e-01
5.721888289588488163e-01
4.971002883054887467e-01
4.689987332441333256e-01
5.502016992411483676e-01
5.308122639795183062e-01
5.296997471818225556e-01
4.797303098419433698e-01
4.400791321861219352e-01
7.232542971565942835e-01
5.520671081276264935e-01
4.742343667969347587e-01
4.591325645001073097e-01
4.494798924806325813e-01
5.725928057208933275e-01
2.698620691878225175e-01
5.851892942103391615e-01
7.284581362431820084e-01
1.764732304604645086e-01
4.842711334827261571e-01
5.712299622749806849e-01
5.730457173353800115e-01
5.541609556060014263e-01
5.295394125239795136e-01
3.528049122543724242e-02
4.668879744066517512e-01
6.258709107523261483e-01
5.532857570271768610e-01
7.554041184177443524e-01
4.764128290646980624e-01
4.190782745144333021e-01
6.403737044056979633e-01
4.878681205507209850e-01
6.188746330222492098e-01
5.103186341167400553e-01
5.329235135372155652e-01
4.578442730112896042e-01
4.630999852742448408e-01
3.203400723904715752e-01
3.993594153177056905e-01
5.480250041799259453e-01
3.194585767051199010e-01
5.002749490363260776e-01
4.696529646294828053e-01
4.912096367685607756e-01
5.384162519652241352e-01
4.880188629126277489e-01
4.768342002876987396e-01
5.854769105487744874e-01
4.322988323242663578e-01
6.583239791987852696e-01
5.300470840170727893e-01
4.036612978951942265e-01
4.563960304101660759e-01
6.296120010093768649e-01
4.114674539144765886e-01
5.957828558248959849e-01
2.853692384324802434e-01
3.627594059648888147e-01
4.619677250217547049e-01
4.382554661234545623e-01
5.733767157613638421e-01
6.632135615485448277e-01
3.368608934194348148e-01
4.884271247486400847e-01
5.558187471428844839e-01
4.083292125121329441e-01
5.473347971178047500e-01
4.346433098853655363e-01
5.749948420224024748e-01
7.412797519508359523e-01
5.085848514192476966e-01
4.998243723017374296e-01
2.987624291163286094e-01
5.488808075999476177e-01
5.246905278323926725e-01
6.286984939021483809e-01
6.206831248625240827e-01
5.532857570271768610e-01
4.768973725040910328e-01
5.499492132275254352e-01
5.306644818111944106e-01
4.931191954303033587e-01
6.328176491843544582e-01
5.205832174532557532e-01
6.317776081266458510e-01
5.149805092361485759e-01
5.562849143886504644e-01
6.409175794814495619e-01
4.950082314539239192e-01
3.498971253706055218e-01
5.588382897125128146e-01
5.249446711624481399e-01
4.008151539681510944e-01
5.807516690272680471e-01
3.998846548650164534e-01
8.033309606093224087e-01
4.233371971000738920e-01
5.712336883755219086e-01
3.627663884915164338e-01
7.506077342106302064e-01
4.705818002048339777e-01
5.529286181008001844e-01
6.231630827381960946e-01
4.113553306065700355e-01
4.596356053708339773e-01
5.093220096219818194e-01
5.169908019246808317e-01
7.865219993025401868e-01
7.329456602973573043e-01
5.056890127561418646e-01
1.186499410261046661e+00
5.296674908692896588e-01
5.708855499441496395e-01
5.648050300288167680e-01
1.018222256836013973e+00
5.307926867016213857e-01
5.544703823924272967e-01
4.381078519716625208e-01
4.621335522891405478e-01
6.439394514594499741e-01
5.123909585401138500e-01
6.100411333651045709e-01
2.364823831607630045e-01
5.823438569504694184e-01
4.130741683449341006e-01
4.744897837889802683e-01
3.170589618301070001e+00
-1.888904385217439863e+00
4.966571629121674936e-01
5.125459868077778536e-01
2.444372984670946658e-01
5.661653649915440178e-01
5.182908941745423270e-01
7.690601061266740812e-01
4.886465220274420762e-01
4.929555974410114727e-01
5.027156606418906604e-01
5.342919757795751012e-01
5.597699522974985964e-01
1.757196090176137204e+01
5.367143254328285984e-01
3.261470987776472485e-01
7.125375485076911319e-01
3.136587110745895912e-01
3.499974173077791684e-01
4.087095800492409614e-01
3.076416720182477138e-01
5.120913686525481179e-01
5.551681578614071633e-01
5.085263208437557081e-01
4.734450794470839718e-01
4.409289941847303052e-01
5.308368185030898356e-01
5.835548478567492703e-01
5.814826688442659153e-01
5.123594944079618019e-01
5.580302806531638460e-01
5.984713600326467819e-01
5.083609629498073712e-01
5.300059577187721249e-01
5.203673024041145512e-01
6.945618811331023545e-01
4.937312669531825904e-01
5.667050069489337760e-01
2.318940383538127814e-01
5.382322774521332009e-01
4.403160385975711799e-01
5.524429629233854611e-01
2.268287394647099109e-01
3.852784001347428489e-01
5.452164077630734518e-01
5.141732235025840980e-01
4.043377159710981328e-01
5.445805510259040805e-01
4.628948924474783344e-01
4.480811349233197460e-01
5.293148529078487430e-01
4.681422017804066638e-01
6.313695726048700330e-01
5.794374387964726925e-01
5.298825344624502609e-01
7.027489130315426324e-01
5.045549699041498304e-01
5.255708687207619745e-01
5.898566163932144057e-01
1.326861228774158796e+00
4.429051360169371510e-01
2.910526180493160364e-01
5.356398343885812041e-01
3.320594451230491906e-01
4.738798202949433547e-01
4.556801675240461091e-01
4.318726213408371484e-01
4.045956183532047890e-01
4.629563342519658065e-01
5.010719820872453489e-01
3.186872950608282684e-01
4.624369529580625304e-01
5.127892087413894462e-01
5.700790999221380106e-01
5.436664856606093776e-01
4.545635311306983617e-01
5.268997558722784413e-01
5.573704218456791981e-01
5.537943090142898317e-01
5.317497683424167176e-01
3.891792169591151707e-01
5.457840152480638585e-01
6.887245814253009080e-01
3.986117851994567807e-01
4.534834164824191882e-01
4.914255895570180943e-01
5.736224620220938819e-01
5.157905338358460545e-01
4.669901091186797193e-01
5.532857570271768610e-01
7.025685701473879385e-01
4.985853141849636017e-01
4.662623193291406398e-01
5.809062164760950830e-01
6.319683190309440812e-01
4.742915110213288821e-01
5.244736296718143231e-01
5.507131984844462202e-01
4.523900615167877337e-01
5.886232695440432039e-01
5.085107955547332192e-01
4.611664079311160735e-01
5.844667088167274649e-01
4.969868134767745360e-01
5.150817644103226067e-01
5.172655273936760389e-01
5.198873115898842157e-01
4.408029377373159918e-01
5.816346523705967497e-01
4.515500967031019774e-01
5.560170712063741139e-01
6.342992159071635383e-01
4.550077349658646075e-01
1.917957344404326581e-01
4.104140805791352542e-01
5.542188367074321054e-01
5.759598395480800548e-01
6.750165637244909256e-01
3.822643067961171148e-01
5.223532894866430576e-01
5.384913381287721457e-01
3.753385863971533953e-01
4.470559564650128936e-01
4.858031883098695158e-01
6.654372330548160575e-01
5.147976163059353460e-01
6.371533832437877853e-01
6.114528338711895383e-01
5.344730676331945762e-01
5.190038362299613794e-01
4.961584765336872205e-01
5.665381248338546838e-01
4.687590897673431511e-01
4.948607006958227750e-01
-3.996606228103807140e-02
6.673716894122814214e-01
-3.198640224023443501e-01
5.666766625955731440e-01
4.262046491756890654e-01
4.663105664624593305e-01
5.446203522774643035e-01
3.886386473620846438e-01
5.359524087525059377e-01
3.908187355442016009e-01
5.285368324163317588e-01
5.726764393202894432e-01
3.609786698269174532e-01
5.580196477868143434e-01
5.693633228926757717e-01
5.293578479512746071e-01
6.016078876590723601e-01
4.799456214544318144e-01
8.464749189373641514e-01
5.172762950095497470e-01
5.294484443565498077e-01
-8.577606282936481863e-01
5.567637725677203608e-01
1.870893591903474984e-01
5.816859759000471142e-01
5.440644959110022549e-01
7.415090814611841052e-01
6.141534771438892371e-01
5.663937161629647443e-01
5.791430801081355328e-01
7.201245821551718329e-01
6.007224702302131902e-01
5.575316762437069196e-01
5.881475410105474477e-01
4.870989243077358255e-01
4.003088999990117580e-01
-2.191227102349828648e+00
6.210473310543959125e-01
4.652140444370735373e-01
5.121781781592622540e-01
3.449751396232464962e-01
5.751307071038638252e-01
3.807040310913859527e-01
5.726748506568207775e-01
6.864897182959395217e-01
4.576874358706076173e-01
4.688901384867910638e-01
5.434574709316165597e-01
4.205327636258847090e-01
6.893577946665603307e-01
6.734945721190859214e-01
6.324045365167660915e-01
6.223542352850176540e-01
5.435564354172424117e-01
3.689990316731914799e-01
3.658976145351819365e-01
4.663391983329172596e-01
5.128912384333530472e-01
5.738244819594975343e-01
5.524395357931168871e-01
4.987133458247826612e-01
3.477494541688294083e-01
5.187282107315640545e-01
5.800905831727954931e-01
-1.942579097709995040e+00
3.900926913770242366e-01
-1.717603238672072097e+00
6.059659557960177523e-01
3.609600034090791332e-01
5.370460063680123630e-01
5.376004359882994299e-01
3.307696692299660901e-01
5.386011096849417923e-01
5.313368656755026453e-01
5.576359383510429701e-01
5.073808190584846445e-01
5.480595184146626053e-01
4.823060078724358268e-01
5.794873625715797338e-01
1.026134101361703799e+00
4.921519184473778785e-01
6.055617474414148882e-01
5.431416832187633270e-01
4.998460885796169872e-01
2.832395878084909557e-01
4.497269258224120825e-01
6.464069006708911269e-01
5.780680142807090860e-01
4.885929881536104635e-01
-4.193310829879735163e-02
4.396800694993882042e-01
5.895580246610051534e-01
4.539986034819242233e-01
6.574272296251916503e-02
6.871270117796948185e-01
4.220267550148815161e-01
5.681412696916045002e-01
6.391522142510949189e-01
5.294411944108251555e-01
5.135951962095786083e-01
6.720437485690060608e-01
6.270219658585278744e-01
5.903210770655735740e-01
5.494621645885662264e-01
3.502739047267654504e-01
3.502226615393996823e-01
1.900106347079642266e-01
6.054245666892719147e-01
2.841570351138631989e-01
5.611727453765079643e-01
4.591947836477315859e-01
5.374114989809556375e-01
2.992511863530369909e-01
4.893701232391613476e-01
4.058348024745385696e-01
5.592941833675446617e-01
3.898709277740809998e-01
4.684899291909643826e-01
4.988576779276811535e-01
3.825339250724310580e-01
5.757047725826892615e-01
4.794078892400757130e-01
4.591434325349824652e-01
4.897303502014148657e-01
2.011389611566680169e-01
4.283497062284398194e-01
4.260517598106649539e-01
5.558000542350473028e-01
7.437526071323637966e-01
5.866855929122093416e-01
5.086070044466083351e-01
4.027343941281275042e-01
4.135156282162103514e-01
7.145022642355233211e-01
4.649800598342976321e-01
5.386380800464503071e-01
2.140043560062288297e-01
4.332377651280431841e-01
5.192379413416888800e-01
5.199361560141733118e-01
2.688892585121385181e-01
5.216755037392266647e-01
5.932557609945123822e-01
7.492414205417193829e-01
5.250985151072862234e-01
4.996771172103821046e-01
4.705673261891431536e-01
5.028140271175723930e-01
5.061466495062139082e-01
7.319409200921517256e-01
5.705094261753116403e-01
5.265079912893469993e-01
3.868284943887301819e-01
4.173864656475061996e-01
3.600503033490646820e-01
5.179031170818700902e-01
5.353565881522844849e-01
2.718902017321486730e-01
5.731480180478866204e-01
5.289683713381779784e-01
4.384048576268173569e-01
5.331133100705105488e-01
5.737678303040683048e-01
5.728983491036360176e-01
5.418192942247709309e-01
4.735063634365864194e-01
5.030873828512376633e-01
5.697894105744170101e-01
5.317895601833947383e-01
4.279090433052864517e-01
6.909488222139944513e-01
4.568719401435040184e-01
7.099220193770884313e-01
7.010404715220992511e-01
4.057239549807966639e-01
6.284828205399576317e-01
3.635659188070582970e-01
2.649398653539528081e-01
4.606907982989512651e-01
5.143429679450682857e-01
4.410300396837398829e-01
4.572480482644997735e-01
6.948899669817520941e-01
4.034195648267229206e-01
9.010381827231622731e-01
5.377360904863275337e-01
5.077411468588379773e-01
2.055165393945681263e-01
5.827969951198405107e-01
2.835251381189997644e-01
5.430793629517915999e-01
4.470573887226645948e-01
5.275998277593029195e-01
2.373242114119997748e-01
4.721313272366101654e-01
8.118063657381082709e-01
4.789972111923482823e-01
4.499414695215808169e-01
6.629097645672147321e-01
4.913302198266680798e-01
9.634799923171728508e-01
5.223301341177383206e-01
4.437029122826641192e-01
8.770036281967454883e+00
5.518077666862745145e-01
4.739672787591487357e-01
5.467613011459712125e-01
4.192013408223145832e-01
4.505064830893089622e-01
5.464329299154121466e-01
5.029237922693912122e-01
4.527450218974571894e-01
6.361718994306799768e-01
6.675191346401557757e-01
5.159681902593593605e-01
5.983642865275628359e-02
5.576854952076965022e-01
5.569408034606091462e-01
7.876647041176306763e-01
5.832032292953326369e-01
4.307884086800271017e-01
4.114957459176954990e-01
4.130164430376677132e-01
5.052819167688948898e-01
4.458658616958736109e-01
6.278756452678589950e-01
4.182156142337996041e-01
5.872867464742334009e-01
5.234314881384749540e-01
4.682983311839372664e-01
6.233878355287063577e-01
4.548488049524688215e-01
5.702431910039006402e-01
5.101000813818826751e-01
4.739548523405667790e-01
4.555997924146456546e-01
5.037707283866154073e-01
3.651682492193640828e-01
5.352239500435350683e-01
2.753294005600592231e-01
5.493597063749897647e-01
7.079661423365594120e-01
5.124188940334060138e-01
4.904734430484261609e-01
5.533624864431515578e-01
4.175263226963384922e-01
4.424506845812215539e-01
6.214498615269603565e-01
5.984429785990750261e-01
5.315565097137463502e-01
6.057080239403302979e-01
5.081616374198436592e-01
4.421363530971250677e-01
5.458038756954125548e-01
5.112380741870561351e-01
4.921321904957998705e-01
5.722883912673887297e-01
4.944769941516828360e-01
4.908583523030331519e-01
4.808815903176043571e-01
4.638942462886154194e-01
5.497702708850783493e-01
5.862722264998506683e-01
5.311610576091286839e-01
6.032327273182984673e-01
1.079189020469849269e-01
5.314061161894688690e-01
6.328431943419997596e-01
3.751570839696459214e-01
6.003308056125262748e-01
4.929529620547932756e-01
6.887730430777664337e-01
6.552404761446417591e-01
3.839980349091897116e-01
4.556605077145168825e-01
5.109082226624346301e-01
6.517638907029610351e-01
4.063413914030823415e-01
6.518774402723712669e-01
4.065035869700301951e-01
6.106397230838146450e-01
5.142600552201863628e-01
5.767719089133358512e-01
6.527004007864904978e-01
5.265811052933017100e-01
4.446880496367918711e-01
4.738699613726183868e-01
5.041775520978218905e-01
5.003033419326589071e-01
3.688129965898737095e-01
3.326843271397447732e-01
4.138748891887971681e-01
9.175700355674566433e-01
6.796456014391665246e-01
5.005217650478064328e-01
3.853028959051137958e-01
5.254702964768335205e-01
4.502016627726521669e-01
4.460494684865353721e-01
3.605865510076344815e-01
4.698512669291610155e-01
4.274190271766417082e-01
1.841541290598643632e-01
5.541742215156327811e-01
5.995453006751522151e-01
4.810362812816797451e-01
4.422331181588190496e-01
7.853285773693435834e-01
1.755725989255902397e-01
4.853821094867734054e-01
5.111540398763574355e-01
4.781462683441385919e-01
5.555335375152160582e-01
7.523825005297063440e-01
4.844321640845336563e-01
4.523407370824056861e-01
6.093994175570298655e-01
6.620831517436945868e-01
4.229904861203822586e-01
4.474584883720137407e-01
5.523128712109200977e-01
5.039645897849716061e-01
4.838705699888184997e-01
6.284266279332031413e-01
5.007213805250280148e-01
2.381636120089110076e-01
6.102965563209522548e-01
3.680850404351770910e-01
3.741112280538233525e-01
3.089856658173969484e-01
5.551246330845401866e-01
5.029328211044297170e-01
4.929949291663507371e-01
5.708445154878756256e-01
4.313533719650602394e-01
5.052971003638195846e-01
4.838383788473937797e-01
5.014019111730501077e-01
4.649479851440915801e-01
4.950539584097670143e-01
3.798780393048439841e-01
-3.293154861790762583e-02
4.407571308337591143e-01
5.339300475726406203e-01
5.086555869530889895e-01
4.345586540311049961e-01
4.418742653097382789e-01
5.256344915686308461e-01
4.657394389913531163e-01
4.936105006838478193e-01
3.613426456575156709e-01
6.457497536665003646e-02
8.118382174042587662e-01
5.300459361348244247e-01
4.799087984775832205e-01
4.996559195768953132e-01
4.961241475558311742e-01
5.347347557085184722e-01
3.867003251580649059e-01
1.041507629046668076e-02
5.587166189910652836e-01
5.992107189740278894e-01
5.523128712109200977e-01
5.061461222684686678e-01
2.187812494152346354e-01
5.483397384790835716e-01
5.077217278995472816e-01
4.388256001360681946e-01
1.716382334342605176e-01
4.822641708962054907e-01
6.275618101506917901e-01
5.421866287837097120e-01
4.919265807661111767e-01
4.676994859765611912e-01
4.492169271564221966e-01
6.016347728121330674e-01
6.758826908070766359e-01
5.819626132892480319e-01
5.230487488374193639e-01
6.243829380615725233e-01
5.316949721112241845e-01
-5.725969428712718995e-02
5.313251886704356552e-01
6.121247497180162256e-01
3.041135633307123776e-01
3.815446471331779277e-01
4.134922636080612945e-01
5.136259323229935836e-01
5.570512093841262224e-01
5.279538972432502586e-01
4.714937709491682227e-01
3.951313267800939943e-01
4.336933028314985950e-01
4.338792552910304412e-01
5.107041304919966995e-01
6.539468536346537686e-01
5.648466846937308938e-01
4.798521668230638637e-01
6.745298719293150169e-01
4.226386020997463522e-01
5.563877679553353994e-01
1.273448877169947036e-01
4.759922556701898233e-01
3.635153910370527153e-01
4.720955847401612226e-01
5.877295300606483197e-01
4.638704074308442893e-01
5.833872091660319281e-01
5.563868428554380463e-01
6.438519679117392647e-01
4.329618951687336237e-01
6.071962566296664754e-01
1.500651357894131066e-01
4.985872823958928390e-01
6.082811033695755265e-01
5.744169885436476441e-01
4.764555405001147936e-01
4.610591471061023516e-01
6.057188635140797750e-01
6.239963455793509084e-01
6.044619477889188186e-01
4.768651353612402555e-01
4.271070982237543112e-02
5.112048139848867079e-01
4.205509040906305618e-01
4.561375357827268662e-01
4.862443966226440706e-01
6.241206249944830642e-01
5.827130784143093045e-01
4.322266505328781205e-01
-7.218673376485627013e-01
6.629380030988331063e-01
3.872985139836768176e-01
4.816433008345745725e-01
4.289491622222671441e-01
4.514730287084866567e-01
5.112395742405981824e-01
6.152948238528463953e-01
4.674830986958329326e-01
4.916902257677538413e-01
5.761063406731333769e-01
6.443282644603767206e-01
4.753744499244474953e-01
6.155164964667705352e-01
3.007157861690603062e-01
4.886446719287718121e-01
5.036602915391382579e-02
5.309067726921692376e-01
3.631871550789000369e-01
4.583738280725361269e-01
4.625337302774610859e-01
4.534345019196639459e-01
4.943141399733710362e-01
3.619165239790075317e-01
5.106917925406655456e-01
5.879746789998719914e-01
5.635414694166466232e-01
4.910165793022408520e-01
4.798715771044183009e-01
4.358060265275879308e-01
4.264904279374865936e-01
5.772494832012009525e-01
7.223886122282049405e-01
5.474067976728377305e-01
6.759373968196593641e-01
5.953321408289018457e-01
5.173345508603267584e-01
5.903302167329086414e-01
4.386377995069702940e-01
4.627381351515099661e-01
5.497118272328551658e-01
3.394666184510037876e-01
4.727886022623935536e-01
1.354124539180703579e-01
5.637885827346305057e-01
1.932839310429273483e-01
5.118941130632975733e-01
6.228457115124560461e-01
4.108577364999082548e-01
4.950750575100857365e-01
4.843185725429087207e-01
7.621806423732673252e-01
4.862193640640549153e-01
5.541812925080612517e-01
-1.665757499938047337e+00
4.824196458137035570e-01
3.295817342581322529e-01
4.858059683786132288e-01
5.759356546841521984e-01
5.100236593415301556e-01
5.495180477206869085e-01
4.970697563081437065e-01
3.529682910501729109e-01
5.286613703025326849e-01
5.786829492149970777e-01
5.003116285763701265e-01
4.307078421409160085e-01
1.733852115211615974e-01
4.595853157287020374e-01
5.241850083067506327e-01
4.118109774149013580e-01
4.746595116313167551e-01
7.290738382708339405e-01
4.304931311482960710e-01
4.779788389175640972e-01
3.521557983091703203e-01
4.352361098442342757e-01
5.182791842544116623e-01
5.878042474365123837e-01
4.017072184027565274e-01
4.498890198173045585e-01
3.877551387326877985e-01
3.776230729097324601e-01
4.489442684119972493e-01
-1.410499648913746906e+00
2.794089604769499080e-01
2.960533544706701603e-01
5.094338685229351515e-01
5.016336802195514588e-01
-2.211337213126457757e-01
3.102046124044182673e-01
6.072470531799359916e-01
4.441069296736047667e-01
5.420040173545290774e-01
5.041828517854533009e-01
4.450421773186358787e-01
3.090576116253387351e-01
4.032051320873227818e-01
4.603726730754544305e-01
5.716132806780577225e-01
2.633192221190247539e-01
4.693292941867054924e-01
5.005115761984946232e-01
4.636693081601294120e-01
1.207918744968196956e+00
6.571110878241244180e-01
3.880406928097906438e-01
7.580611232770753105e-01
3.974031672700475415e-01
5.289448086524403125e-01
7.176431031563753615e-01
6.002495083264842712e-01
5.523128712109200977e-01
4.624613539418320762e-01
-7.507619303662189936e-02
6.044867649797163178e-01
4.453404772041221205e-01
5.883212246372988563e-01
5.688169986851143722e-01
4.843868378968166355e-01
4.831519051983141910e-01
3.771952596153648751e-01
5.679001952560340793e-01
4.905156244332841142e-01
3.657690946097250095e-01
4.309027588460244695e-01
4.384991863606023665e-01
4.919523082452791352e-01
7.185947198356202881e-01
4.857033756005391667e-01
5.453789080021597124e-01
3.543229281480493875e-01
4.906817522004427445e-01
5.731553385023099301e-01
4.295134616760233337e-01
3.683471618651333324e-01
5.258705103152599980e-01
5.084828243321737329e-01
5.822173546590170279e-01
5.240919300665451974e-01
5.232950602065554735e-01
4.263786241000048216e-01
5.843565744384859872e-01
6.060843362518512079e-01
5.248871854380179336e-01
3.918132024590897378e-01
5.716963339860048343e-01
3.695601020809715087e-01
4.178897870308770357e-01
5.871161819736182563e-01
4.244006866660621213e-01
4.167491520302286090e-01
4.395104611046328213e-01
5.903492699559536039e-01
4.866912361211575000e-01
4.980959859401795642e-01
5.629121672193587722e-01
5.575052593515033017e-01
7.756548043419760896e-01
5.604968919053777698e-01
5.539771664820052344e-01
4.355785424553953455e-01
5.030873709095519120e-01
2.496194679246694359e-01
4.614872151578565118e-01
4.706587279496856624e-01
5.392844289068000618e-01
4.835175928545976110e-01
4.506050945661695395e-01
1.998124978339134439e-01
5.314052091632597286e-01
4.222630827341004034e-01
5.523128712109200977e-01
6.328244746404301235e-01
5.421500087505682908e-01
4.041219893429874310e-01
5.237201138108805720e-01
4.545386710213948911e-01
5.353729266288805855e-01
5.913555062696519427e-01
4.933947068241252287e-01
4.309865212456602257e-01
3.265732154853270286e-01
4.804134164052699663e-01
4.502628594775297532e-01
4.702834699164671894e-01
5.621698804362300628e-01
7.179533597584796256e-01
9.263410099058257963e-01
5.687530516052883289e-01
4.746011603296460546e-01
4.845477871992179275e-01
7.362938752592135261e-01
4.734644166260962850e-01
4.831829120541897837e-01
6.035938717590828562e-01
4.549101239003152108e-01
5.430175070196543441e-01
4.555080891195711912e-01
4.835363781731399913e-01
4.338635137555277299e-01
4.417371880429796782e-01
4.374059887441109629e-01
7.633507150030653943e-01
5.626584303511140694e-01
2.983765742081525008e-01
5.596511376907458146e-01
4.378144607107443131e-01
4.759298692794692864e-01
4.568130137051675810e-01
5.684648584109409652e-01
4.308466171944851930e-01
3.393200048824521198e-01
5.081481126337176191e-01
6.026491616050708711e-01
5.787949480821587001e-01
5.469607740737449930e-01
3.676440366738258914e-01
6.293652738021734416e-01
5.900400379089667524e-01
6.500959025504329247e-01
4.265189076847728522e-01
3.033166680286645822e-01
4.669835017254791443e-01
-2.388700479574980967e-02
5.106199890920698481e-01
5.898199468991630612e-01
7.085726133399418147e-01
4.830038128140562437e-01
5.865887613379690974e-02
4.212668024632896802e-01
4.036215864563444944e-01
4.650494409230323534e-01
4.632221338721926318e-01
5.166494775946859352e-01
4.887465603674187031e-01
6.041897186359025396e-01
4.491449491904486724e-01
5.276788061375178307e-01
2.565519526547643259e-01
6.622623227709132365e-01
4.466863159402998940e-01
5.633864391627946278e-01
6.392885942775718977e-01
3.961768237727665287e-01
4.564431841403623347e-01
5.315462208243852960e-01
5.234842388782283695e-01
4.867518383233752632e-01
5.238978166693986083e-01
3.678864775621752958e-01
3.015023475991001622e-01
5.370416380411291435e-01
6.030531995397513390e-01
3.509855202965481147e-01
5.707603377125362032e-01
4.236369966220105976e-01
6.014424043044200863e-01
6.460240579616244316e-01
4.313736910431936744e-01
4.745191063498493955e-01
5.576302056136096530e-01
4.357653596698625731e-01
3.677877211748157293e-01
6.769599431919373078e-01
4.068961918561208035e-01
3.563611502188663849e-01
2.355017426861057694e-01
8.728187991237906784e-01
7.721985182376608914e-02
5.510422441043759667e-01
6.738353372572279953e-01
4.582335187705206536e-01
4.625629927189490731e-01
5.375272014241986307e-01
-4.483543254692477081e-02
5.705523974754049821e-01
4.047922389215974359e-01
4.960828001396906384e-01
2.678482164116923747e-01
5.579186427068005827e-01
3.846892973203899224e-01
5.564502584243966599e-01
3.991404887428321446e-01
-2.238088316150839974e-01
5.556903428719851545e-01
5.057534916803626546e-01
4.782183203076739719e-01
5.399424657625607749e-01
5.116388102347491085e-01
4.153892476842623305e-01
7.287449154480322155e-01
4.387204352857183021e-01
5.355345163438148814e-01
6.398615810553835992e-01
4.873216036731335410e-01
5.661430895190476820e-01
4.633675749480319905e-01
2.996992961753406348e-01
3.585087704958725419e-01
6.174192289313469306e-01
5.088846952294575621e-01
4.394085635806641577e-01
4.758563215908836463e-01
5.423306742396294400e-01
5.103208368120295546e-01
5.037667491379190787e-01
4.596348866330286498e-01
5.316633212791264107e-01
7.265257180904987955e+00
4.873967831055454614e-01
3.712246530831630337e-02
3.097472467246539241e-01
3.472231494309162558e-01
4.098442388728321673e-01
5.333720086797826276e-01
5.337670222617549864e-01
2.947013977071905599e-01
5.008670997452200346e-01
2.849894374799114560e-01
5.203019568616156221e-01
5.567621156310049724e-01
4.688267295125740919e-01
4.784771634144647789e-01
5.479270965135936144e-01
5.761196826258333514e-01
1.074411948083994428e+00
5.421293885361864184e-01
5.523128712109200977e-01
5.780771776960167418e-01
4.099907389024056159e-01
3.995605027509949725e-01
5.994490998519751424e-01
4.822965327591308138e-01
4.885476742438298881e-01
4.630979927053276990e-01
9.590571009688944049e-01
2.814881348758884183e-01
5.845667848926850985e-01
4.579978284318919624e-01
3.031437282366343244e-01
5.890732413365640241e-01
5.885386594460564336e-01
6.298114833131251977e-01
4.379917917119901527e-01
5.449959713285986718e-01
5.312109200705623646e-01
3.309839198081395706e-01
5.515476850829336142e-01
6.917636292356112548e+00
4.239175458703046129e-01
3.578929559764873480e-01
4.397596499810511594e-01
5.694938933748781018e-01
5.206445590965050885e-01
4.424531666760861404e-01
5.337736265846785289e-01
4.347986641965977395e-01
5.197362070215733043e-01
5.748388495818402832e-01
3.584366972458336020e-01
6.296927922153935375e-01
5.931838681195292784e-01
5.784574891083237302e-01
5.236554402770928762e-01
5.388672429208924974e-01
4.784581208899498228e-01
4.182623500694546137e-01
3.837219816212161239e-01
4.911528825497346040e-01
2.376150405012718569e-01
4.897111943927335287e-01
7.904566432851813929e-01
5.381381158205177373e-01
4.922789419969106905e-01
5.016102328156869516e-01
6.120116504661676782e-01
3.534471395535834226e-01
5.258595559897679683e-01
6.200577437052091634e-01
4.673813379756446840e-01
4.017387666288582126e-01
5.423514326666447616e-01
4.928572348674910009e-01
4.017779401531433869e-01
5.824490574372765961e-01
5.004590188600301914e-01
6.672762270979718524e-01
6.355700517376079439e-01
5.511010247913401550e-01
7.193034667253092040e-01
4.255509756565806767e-01
4.264541339915258189e-01
4.599511895454992394e-01
3.907542690118445683e-01
4.707488539822390905e-01
6.639720869697388617e-01
4.434017971639278577e-01
6.214740689197937318e-01
3.890744740941060043e-01
4.146935523371629295e-01
4.057262162902105507e-01
4.530000956477148732e-01
3.457397072281613304e-01
5.749966072282306495e-01
5.359376595071690952e-01
5.342538748827734274e-01
3.524912043725952904e-01
4.936388456997544694e-01
5.754637287495133480e-01
3.595827277400674982e-01
6.931038431722318371e-01
6.230878282370952981e-01
4.894984463641418593e-01
6.884828432407065213e-01
4.796431824673583200e-01
4.959116673685617371e-01
5.364784449156764223e-01
5.263110356888444086e-01
5.173006902513164196e-01
3.988867449369551954e-01
2.406925667001388047e-01
3.551658213781161422e-01
3.906349352342358139e-01
3.980628127670121086e-01
4.915958158553031532e-01
-3.143452269945921224e-02
7.206405199923041627e-01
4.632682677555728379e-01
7.245393330246957531e-01
5.177106152766006719e-01
3.436694673491654806e-01
6.690623093792883447e-01
4.863114520398217344e-01
4.736825885030345740e-01
3.590016793245919824e-01
7.373944279975319649e-01
5.249865761795385888e-01
5.525781457902679827e-01
4.521314380051960069e-01
7.358868738595385206e-02
6.661488728602222853e-01
2.678144102159594198e-01
4.060363227006357212e-01
5.547899783702199272e-01
4.993889578332773027e-01
4.489465640620619591e-01
6.802187309720335584e-01
5.996017568134474063e-01
6.852663746041316450e-01
4.946456982751659681e-01
5.958859665595411803e-01
5.752542704654534100e-01
4.847461642770842238e-01
3.923166077060375456e-01
3.379383528621933697e-01
5.544981996088044207e-01
6.124953586258271576e-01
3.699978197004507030e-01
5.252248197811236752e-01
5.425218997835133949e-01
5.481255363543302561e-01
5.154546346944562929e-01
5.346876252032108923e-01
4.754962502275199565e-01
5.253281637987853303e-01
5.561693364796079786e-01
5.296885524426723224e-01
3.389172438020648381e-01
3.316642179401645407e-01
-2.291021126829532184e-01
4.281232661553823760e-01
4.690104099049395292e-01
5.140368975138476237e-01
2.930820918317825208e-01
6.263354441195612132e-01
5.426530460861962446e-01
6.027965131837312862e-01
7.468146176413851256e-01
5.186041499160982671e-01
5.632592264810946103e-01
5.056044974704653194e-01
5.743708349449868633e-01
4.580913109137282335e-01
5.879746789998719914e-01
6.619102430650687374e-01
4.574662975270246124e-01
-8.464693825694342699e-01
5.212573676529522748e-01
5.811440859803951309e-01
5.010156075497605999e-01
3.016398185580793090e-01
4.144312249831172412e-01
3.668487716561847911e-01
5.277275369802061356e-01
2.728314728447275295e-01
4.870972640839412171e-01
4.423142158707019655e-01
6.190026418635098393e-01
2.281977708328180032e-01
5.382037135016255469e-01
6.449262780076875368e-01
4.918261772028786893e-01
4.770841494264662086e-01
3.662496732662702814e-01
5.889743182662979804e-01
5.450076643889287809e-01
4.957317010520758127e-01
-4.941875266271186784e-01
3.539332108357285400e-01
5.215923582796248015e-01
4.795862865961107446e-01
5.704582405923268595e-01
5.176514579610698163e-01
4.977696374091178932e-01
1.793534851449683776e-01
7.047012220682992156e-01
3.540718327789086350e-01
3.534119598970518195e-01
7.061673442697119496e-01
3.329064323721185881e-01
3.258537615718313796e-01
2.357254477384713720e-01
4.488811927467479812e-01
5.738522963322933990e-01
4.902220619665559886e-01
4.315760585457047438e-01
8.717655544895586139e-01
5.281241799064194664e-01
1.604767259522720535e-01
5.651841793724642349e-01
5.996276699163850532e-01
3.806961644391255173e-01
4.620690734770440122e-01
7.074884832571322058e-01
6.459314421003097273e-01
4.879703206327094533e-01
6.008443109262262549e-01
5.086555869530889895e-01
7.467289916646252523e-01
5.520878000725180090e-01
6.782195532935456628e-01
6.533255902580288321e-01
4.333994864988326423e-01
4.173199512621960650e-01
4.748308566465363478e-01
4.061911668783066420e-01
2.618226915378107922e-01
5.975459299895963250e-01
4.754730504383580247e-01
3.991760141582634258e-01
3.988158093060700238e-01
2.757375239345236095e-01
5.114527776520743085e-01
5.519963619523103882e-01
5.533565125415879082e-01
4.392443720226203441e-01
5.353301096020568473e-01
5.192432815933246681e-01
5.529141880286739807e-01
5.182844359113977228e-01
4.141779774194822572e-01
6.573575875132602331e-01
5.824298013824065201e-01
4.639400886556913073e-01
4.602452179147842881e-01
4.849603805180739968e-01
9.543462355974755007e-02
4.858104760541362976e-01
5.479426647102948467e-01
5.211029424740436511e-01
4.167844112475802554e-01
4.665917832796909193e-01
5.965900730436881627e-01
5.521165122486106913e-01
5.181011359929319493e-01
4.595411539239654952e-01
6.119788840265745211e-01
5.639340937084771355e-01
4.176417518247929062e-01
3.206771697755425587e-01
3.909389020187755137e-01
4.571473303624481455e-01
5.022005562690704528e-01
4.845691500799679252e-01
5.702759523221740956e-01
3.707249168458043309e-01
5.828632461503935325e-01
5.752199012236992592e-01
6.155322284484663342e-01
5.438061547089025893e-01
4.323711723850081623e-01
3.856204654353138639e-01
4.640826001631331299e-01
1.313900050844255506e-02
4.006239581647784154e-01
5.384912291914488724e-01
5.521165122486106913e-01
5.513843046468038800e-01
5.149703332052086857e-01
2.280406585246356477e-01
5.629206195339740981e-01
4.580894334081054287e-01
6.823537520582994009e-01
5.348535732622503591e-01
5.755129068708160212e-01
6.690688887527209694e-01
7.143605658143231674e-01
3.676093002295772738e-01
5.093839948452818511e-01
5.803516435348001767e-01
3.925337866194657521e-01
4.827534966498346347e-01
6.685098209766572319e-01
6.204832376072978439e-01
4.295221478048290020e-01
5.314292751682433424e-01
3.440908470904099903e-01
5.053542867040272668e-01
5.215954778955672611e-01
6.076841709665635749e-01
6.049019213459129185e-01
5.023156998003437401e-01
4.757317820118514007e-01
4.639226816595372060e-01
4.562491746600840781e-01
5.316051068391466350e-01
5.217259840017552941e-01
5.272341742612043358e-01
4.595645325802545367e-01
5.518204200653975544e-01
4.723621295104336038e-01
7.432498017015507497e-01
6.373692610770188560e-01
5.229055128421022935e-01
5.053562396910202814e-01
5.729399291949935913e-01
5.160324062255184918e-01
3.925303511639104959e-01
2.189570801783596588e-01
4.911275964992262710e-01
3.662918046841233122e-01
4.990149763395358429e-01
5.339009825447421642e-01
4.437642851410640299e-01
5.330354459445729720e-01
6.629704892240034786e-01
5.059587596471061266e-01
6.672169013024966677e-01
5.610149230627533568e-01
5.019493925256824918e-01
6.001925790822173479e-01
5.030262958339142276e-01
2.219795500908485486e-01
5.022238884286687188e-01
5.847421483515498064e-01
4.750014601016517291e-01
5.838480807273438433e-01
3.718882669632418980e-01
3.481082140972371897e-01
4.205401960709489462e-01
5.731351865742192464e-01
5.245757487827595877e-01
4.908293272456427658e-01
4.711497622312614819e-01
2.797105032109255540e-01
6.090630934895497894e-01
4.834570410591493839e-01
6.338916952788901105e-01
6.026167544217581051e-01
4.125491616802842154e-01
5.043765248755864850e-01
3.827484143422967833e-01
5.528143603733386424e-01
5.714197394119726603e-01
4.061962457750433186e-01
5.173152873500219684e-01
5.919126631863129706e-01
5.128283841020971900e-01
5.239218236928934180e-01
4.778139058057797040e-01
6.041892553790269016e-01
5.848708147404427793e-01
5.374513307319329636e-01
5.440224176718605476e-01
2.247452807365125371e-01
3.091557208885320485e-01
6.149790468059864734e-01
4.833534494876736143e-01
4.657813150104995747e-01
4.301008937770208207e-01
5.473606957504845161e-01
5.041244263040943752e-01
6.138777738599678901e-01
6.752635851021345781e-01
8.888493762160114553e-01
6.871428606530822769e-01
2.764335515006660637e-01
6.282339329392319094e-01
4.779754984155876740e-01
5.280380269198111653e-01
7.001251706475456471e-01
4.674171249976991072e-01
1.328295324347861517e-01
5.425499200797517796e-01
4.352336209253448440e-01
3.754517696057362852e-01
6.822857417339914798e-01
6.280421601924977004e-01
4.575692256171201566e-01
3.844700186452321700e-01
4.631663370192948825e-01
5.295876905334200302e-01
7.032253604236811118e-01
5.789517753758364194e-01
5.566304723957403722e-01
4.854063552814636973e-01
5.221005150281187168e-01
4.421777596285716982e-01
3.332223628961958894e-01
5.476263997501880088e-01
1.977342458119899504e-01
7.407917784270541262e-01
4.935409045332867506e-01
6.780237460917826198e-01
5.333212747597616543e-01
4.298437264858023243e-01
3.670904228543057646e-01
4.029099765152369672e-01
6.252005337833166365e-01
5.533838012433450748e-01
5.955682469129151002e-01
5.614462524510944741e-01
5.627427615702043084e-01
6.159229821381342340e-01
3.546862023410902731e-01
5.761890899816564104e-01
7.296652232089346768e-01
3.436180527726280243e-01
4.434834800507947983e-01
5.306176891351159775e-01
1.771518904458513788e+01
4.933060527617896818e-01
4.655468007606376468e-01
6.149725307778736161e-01
5.111048063655510010e-01
5.877303228527694934e-01
5.767484393046045099e-01
5.548359692505214769e-01
2.546518700161088944e-01
5.019001504337630148e-01
4.207282670349035136e-01
1.057936886675938659e+00
5.522345233486651850e-01
4.809187045697584928e-01
4.802103406850083411e-01
4.829456673140811729e-01
4.859125688195128911e-01
9.003342881629062822e-01
5.398438072997429060e-01
5.022986598678361725e-01
5.144137673444095782e-01
3.394004326156929707e-01
5.374619584750813805e-01
4.964603564591626994e-01
5.202020655591648168e-01
5.094653177923680332e-01
4.736699522354371195e-01
5.152750173685267665e-01
4.537898642997606480e-01
5.006894412790120485e-01
5.287104536975286706e-01
4.274201371029651697e-01
5.121851498533331881e-01
5.518418753827774026e-01
3.819005921967091322e-01
6.348668130568538848e-01
1.103576325801744334e-01
5.919821738196223704e-01
5.988844711147610633e-01
5.300498979920146292e-01
2.410563922598774056e-01
5.044967700829574575e-01
5.400905109013864891e-01
7.410285738650429499e-01
4.510321043163866839e-01
2.881578338263278138e-01
4.870669506269867943e-01
6.102552925906153947e-01
5.094768572554301267e-01
5.005773634640671155e-01
-9.050605663549346957e-04
3.823805636689421861e-01
