-1.826779694556829270e+01
-3.894475601238896356e+00
-1.890855137766256178e+01
-4.628060293020531901e+00
-3.341463645150401618e+00
-9.954206587240955528e+00
-1.515428932709295218e+01
-4.299684617031584111e+00
-1.184786995083825545e+01
-4.369737821834004166e+00
-1.175988169938061390e+01
-1.888983929236385606e+01
-2.846652109263233310e+00
-2.342863742583624731e+00
-9.020334972721148148e+00
-1.237952621525083075e+01
-8.395416837794847709e+00
-1.305290140000093224e+01
-1.572116519161393988e+01
-5.662352988117071995e+00
-4.552919287977694296e+00
-1.247086264877179396e+01
-7.112301469851854741e+00
-1.151329014988927035e+01
-1.707222416124285758e+01
-1.136145308603011195e+01
-1.694393279965544608e+01
-4.003176533298906214e+00
-2.041997470727600295e+00
-1.395060357890135805e+01
-7.142503963134017475e+00
-2.393608345108046542e+00
-2.160711354304713083e+01
-1.350883211799821204e+01
-1.269200152845282936e+01
-7.403610146989774599e+00
-7.514766500029711693e+00
-1.337053578882924043e+01
-1.000098785562992454e+01
-1.107440110373577546e+01
-1.279692543303195862e+01
-2.484030640533561041e+01
-1.602594967051429364e+01
-1.237797820578027697e+01
-9.331011031608824169e+00
-3.515051547673737176e+00
-8.964471313637650596e+00
-1.591725090221818917e+01
-4.240738959015365239e+00
-1.307892244379338642e+01
-1.543226047388739097e+01
-8.471850363715926591e+00
-1.189717040282031668e+01
-1.350735345315339409e+01
-1.351593223692939993e+01
-1.101868922287022912e+01
-1.450172209174520610e+01
-1.402069771312369362e+01
-1.406187834397003122e+01
-1.355285884601066471e+01
-1.503952397047824441e+01
-1.335036660998001246e+01
-3.836124887762733415e+00
-1.370552604571073729e+01
-1.413877452068303242e+01
-1.543924899142082197e+01
-1.077921274266234164e+01
-1.769829118097820597e+01
-1.222344613686485104e+01
-6.621792111023649952e+00
-1.672515174599481114e+01
-4.077533624699320569e+00
-9.481008950587732187e+00
-1.374530594980991083e+01
-1.011251134879490543e+01
-4.146152802650212799e+00
-2.119080971979670380e+01
-6.607945064847696948e+00
-5.198793737637749324e+00
-1.664203877970929923e+01
-1.472173348804926540e+01
-1.173655024988599038e+01
-1.445189269340135318e+01
-1.028108737758821256e+01
-1.562585214914308018e+01
-6.649656646278123695e+00
-1.404430024928114307e+01
-7.182076138685944855e+00
-7.424882137339186450e+00
-2.586574573350809203e+00
-1.377822388118834951e+01
-7.402724719572452372e+00
-4.001980036959677633e+00
-9.853627419817280852e+00
-1.147831866585836913e+01
-1.113288064641497321e+01
-1.306376335480875106e+01
-1.264584784014218144e+01
-1.120567488177427506e+01
-1.577732058761380785e+01
-7.730183433379600011e+00
-2.807968106081518034e+00
-1.388783262202691482e+01
-1.356790185357126077e+01
-2.494899860452975293e+00
-6.975812193786484094e+00
-1.191823255184650066e+01
-3.993623976781892626e+00
-1.354703844541579905e+01
-9.151558200864110759e+00
-3.380839576623679843e+00
-1.388714282937633548e+01
-4.896694995838529074e+00
-6.310491504861640344e+00
-1.358393589168770355e+01
-9.883961775178383036e+00
-1.237459287556922050e+01
-2.705530510889507134e+00
-1.122058069927916790e+01
-4.462972745229718541e+00
-2.334575083500846659e+01
-1.271108796286395126e+01
-1.371760709895707997e+01
-1.339762710825016789e+01
-5.118639098241975383e+00
-3.811409128946076752e+00
-1.256226028874783118e+01
-2.758593788669453595e+00
-7.444444217623268578e+00
-1.164440482278524414e+01
-5.736806026515182566e+00
-6.882756326292545168e+01
-1.853659300449621128e+01
-1.364347027378491006e+01
-1.513032622098005220e+01
-1.111374394167919633e+01
-7.660671099958292096e+00
-2.976427605052835990e+00
-2.629605284978064006e+00
-1.575282456395890485e+01
-1.381375284525421776e+01
-3.008530706633729235e+00
-7.640659876324974675e+00
-2.414738004809352745e+01
-1.329663341576034696e+01
-4.004704950375484351e+00
-1.584777828304856229e+01
-1.318693500819220787e+01
-1.563021143468442631e+01
-1.403485046406471959e+01
-1.338515858949313930e+01
-1.343188882644872351e+01
-1.360410863304216100e+01
-3.754184092660855399e+00
-1.310865091925032644e+01
-1.834502805135398518e+01
-1.128757100348214237e+01
-1.582120297744382142e+01
-1.089966691029905910e+01
-1.785993061619740274e+01
-1.906571532922025014e+01
-1.130279396156569227e+01
-1.356733907901868186e+01
-9.836740040225485870e+00
-1.422840293496384945e+01
-1.204814801420692660e+01
-4.380100688855393720e+00
-1.339157893945075806e+01
-1.163365872729298367e+01
-1.885680384467891546e+00
-1.039320137013276302e+01
-3.286302323229823408e+00
-3.886142226482003803e+00
-1.089819753584133366e+01
-1.589440297337547925e+01
-1.196610041532279034e+01
-7.514268703520326831e+00
-1.479257042761395091e+01
-2.567634891266755925e+00
-1.879133489391149681e+01
-1.295167350552102548e+01
-3.214143372986923541e+00
-1.417407968487923142e+01
-3.294063723504812469e+00
-1.428197430376322785e+01
-3.565067216864200805e+00
-2.348533383267469965e+00
-5.849929795468712612e+00
-1.521658759245984527e+01
-3.018521350443243545e+00
-2.754517354036499555e+00
-1.909033886824076376e+01
-1.587677946746120483e+01
-1.286186594562507501e+01
-9.160145813702945006e+00
-1.757491894866121029e+01
-1.608495194010649598e+01
-7.327657318306363798e+00
-1.358766720743122924e+01
-1.181453090240249360e+01
-4.258305371682799212e+00
-1.365757553465313201e+01
-1.363280302274966438e+01
-8.803153921157392148e+00
-1.223912808209011871e+01
-1.307683565824045857e+01
-1.681300634637745262e+01
-1.657753806710951849e+01
-9.584947310703126888e+00
-1.850590306250687433e+01
-3.519216328044794562e+00
-1.334747270847996070e+01
-7.398579762717668373e+00
-2.313575857364650901e+01
-1.328912236459662388e+01
-8.974750276884256195e+00
-1.174274726441486294e+01
-1.295230779394418619e+01
-3.287601406782493019e+00
-1.293902135238835349e+01
-3.216972148047796409e+00
-1.766225143018462518e+01
-9.116692231794566226e+00
-1.192242378573454076e+01
-2.845204417485006854e+00
-1.352106163489874469e+01
-7.400281880851640182e+00
-1.582525087687916177e+01
-1.237692944734961742e+01
-1.508517598402740134e+01
-5.535377913301752884e+00
-1.207641695791008907e+01
-8.454525172194387039e+00
-1.346513608982366428e+01
-1.356862306089809600e+01
-2.601260996555684546e+00
-1.329046302928160550e+01
-1.200973138219733372e+01
-1.371743526030073568e+01
-1.799893876980464569e+01
-3.826036541548639036e+00
-1.262250515558425690e+01
-2.174893937076813444e+01
-1.738225995313728589e+01
-1.505418989810691244e+01
-1.695939902152203160e+01
-1.663175444531834302e+01
-2.713882731543564297e+00
-1.367003730207278700e+01
-1.529976987092410745e+01
-1.397317970677781851e+01
-1.317841717142106184e+01
-1.075652527071736309e+01
-1.284307959825992818e+01
-8.335507633376877834e+01
-7.128974257396447634e+00
-1.348035514571358640e+01
-7.674605963403240416e+00
-1.027404218117162316e+01
-1.325455408052297379e+01
-1.167988037421421765e+01
-1.187582401864576198e+01
-1.347513210662714123e+01
-1.334642258976523799e+01
-1.375747366836461794e+01
-1.281458759295947658e+01
-8.253822535665447546e+00
-1.120175504464882899e+01
-1.303150463202126552e+01
-1.461969248958426348e+01
-9.992226944834495583e+00
-1.355133313729466060e+01
-4.529948430074855814e+00
-1.370730875929840487e+01
-3.033714106202270777e+00
-1.182718475538801073e+01
-1.195907420973331270e+01
-1.379439431976293129e+01
-1.360558883688982057e+01
-5.067454271138873700e+00
-1.132786169776730034e+01
-1.343656135333614010e+01
-1.359212768935602611e+01
-1.293067911534369152e+01
-1.366901914467850965e+01
-1.277297652166887154e+01
-1.133532338500810788e+01
-7.623855184885374392e+00
-1.421194450786672725e+01
-9.746146012882315190e+00
-1.176417739329604117e+01
-1.561261016852005667e+01
-1.376430633777322221e+01
-1.351027665235617548e+01
-1.739233773716902931e+01
-5.086260481821266666e+00
-1.357319783410610903e+01
-2.423609590202818964e+00
-4.157890871816763756e+00
-4.620770072225285574e+00
-4.665948128212382251e+00
-1.023309295409032593e+01
-1.397327057245589721e+01
-1.370786749649222358e+01
-4.995330832893581707e+00
-1.369672955857485519e+01
-1.276330012779657430e+01
-1.363643647193321229e+01
-1.182210531897597150e+01
-1.769829118097820597e+01
-1.089643322745002152e+01
-1.715607697867089954e+01
-4.335862633280656908e+00
-1.123432949391951219e+01
-1.205137923727741978e+01
-1.291415848876639139e+01
-1.184047447540668863e+01
-1.463680155653558579e+01
-7.576102787791208826e+00
-1.038377622195546301e+01
-1.489752843169774899e+01
-1.422973507543939675e+01
-1.567135548766918873e+01
-1.055938098631663102e+01
-1.507958455022091648e+01
-7.859396554708610871e+00
-3.687784973335230809e+00
-1.425277175550181141e+01
-1.132639740641287140e+01
-1.023309295409032593e+01
-1.406991790544943122e+01
-1.212451263642066124e+01
-1.346290334195983185e+01
-1.301842533847385042e+01
-1.369731128323617675e+01
-1.364481174217897497e+01
-1.860589388261280419e+01
-4.480289341887693233e+00
-1.617373827803806563e+01
-4.483458445399016945e+00
-1.267269821986441691e+01
-8.440634210005679705e+00
-3.367699655682385274e+00
-1.375412622745577984e+01
-1.990671996372350705e+00
-7.042788497188778862e+00
-1.391914651578862738e+01
-2.016401821329893096e+01
-2.348558543298650747e+01
-1.277925840598232377e+01
-3.644248621671199118e+00
-4.630985621168885125e+00
-3.902540324730965793e+00
-4.355438649077830071e+00
-1.183682786636795115e+01
-1.410258888445729042e+01
-8.339953814588819014e+00
-1.088678206808413051e+01
-1.316202041320864424e+01
-1.380023048182381373e+01
-2.306242924989004806e+01
-1.195853015975565192e+01
-1.396609111697365080e+01
-5.256769860115643844e+00
-2.894884016534474469e+00
-1.358225485122227028e+01
-3.862701937929554408e+00
-2.061490450423366205e+00
-1.943590317755061392e+01
-9.171967211858206070e+00
-2.230088383647676586e+00
-1.239367328561266923e+01
-1.341353049996529379e+01
-1.313007272324451868e+01
-4.021981771520731108e+00
-1.626883034258902327e+01
-1.306721280370388527e+01
-1.634098369720684119e+01
-1.660840594517127755e+01
-1.177816318362721404e+01
-1.829482632578450563e+01
-5.778611758640986196e+00
-2.618713012869361645e+00
-1.180272395527740592e+01
-1.443228177077265606e+01
-8.984547577206470237e+00
-1.232603915098243696e+01
-1.380814311237712744e+01
-1.397513627645332335e+01
-1.603747379667364825e+01
-9.756080890559706731e+00
-1.031877280716293654e+01
-3.777455416511791952e+00
-2.008028076168714193e+01
-1.324416173794197249e+01
-4.081715059348232089e+00
-1.368158076308201743e+01
-1.310527492279858031e+01
-1.303447135433532544e+01
-1.258769459340400587e+01
-1.382649132095983369e+01
-1.908258903859870870e+01
-1.386450650628148829e+01
-1.332153172998655499e+01
-1.582891951354464588e+01
-7.037629842309721440e+00
-1.006109909358042032e+01
-9.590025249713400868e+00
-6.111614365978271124e+00
-1.112328902829109367e+01
-1.047298290782809005e+01
-1.058811254705622318e+01
-1.383458446286671162e+01
-1.272583272997598947e+01
-1.385902548631546161e+01
-2.880597547396043900e+00
-1.218328417133488273e+01
-7.659697493853149020e+00
-1.369133459034111056e+01
-1.484632431479638193e+01
-1.431569913196891441e+01
-1.195208092337570527e+01
-3.240028146337619042e+00
-1.374808182805208823e+01
-8.691657730878127097e+00
-3.271520340092523238e+00
-1.008529130067102386e+01
-1.355133313729466060e+01
-1.891381114048420642e+01
-1.098661038929681411e+01
-2.452279468351235447e+00
-1.359356325088777240e+01
-1.276151452786458940e+01
-2.630052302979239975e+00
-1.366528384247510175e+01
-1.040782079723046571e+01
-3.538087605496437416e+00
-1.098157683629998438e+01
-4.896472294196638764e+00
-1.484728344486804019e+01
-8.049063816995740694e+00
-1.111193408079218337e+01
-2.440342176475859493e+00
-1.685082656393694478e+01
-1.472838876745521297e+01
-3.302679573205968389e+00
-1.291234586589534672e+01
-1.315982485167385541e+01
-1.256267367114297606e+01
-1.385803240158201710e+01
-8.679594385269984613e+00
-1.711284265137530980e+01
-1.452095656854469752e+01
-4.038474191562764659e+00
-1.006209158017892769e+01
-1.505298882458187038e+01
-1.799747088748292256e+01
-1.290787250977334466e+01
-1.334851149177457152e+01
-1.451581866425525114e+01
-1.390508056048427932e+01
-3.928856091877868550e+00
-1.321019510525271201e+01
-1.096474237072366797e+01
-1.577522629321391001e+01
-4.145761618135497706e+00
-1.340926284554136139e+01
-1.175607177178791041e+01
-2.092406469740568653e+00
-1.164551732372360604e+01
-1.363675036231307303e+01
-1.342571389514337632e+01
-1.397746800070231465e+01
-9.671358326658056725e+00
-2.278767300735892931e+01
-1.285873528937820254e+01
-1.415906736713149883e+01
-1.369672955857485519e+01
-2.753674224073540788e+00
-1.180828127078078538e+01
-4.025298171458172369e+00
-3.899711393178078911e+00
-7.735466199979470048e+00
-1.158931247571866230e+01
-1.283206921778908338e+01
-1.100560686122415888e+01
-3.010705635822386927e+00
-2.208790896541884319e+00
-1.128992730485001239e+01
-1.347953105330720014e+01
-1.443052312331587572e+01
-1.334161671136898164e+01
-1.356927251985671568e+01
-5.801481537019334667e+00
-1.280819205926018256e+01
-1.351253205197387963e+01
-1.107725251059727967e+01
-8.649895452684811303e+00
-3.304365263676657616e+00
-4.374719022759123277e+00
-9.940131055573678154e+00
-1.373546552168512136e+01
-4.238476357341561140e+00
-7.831249911466731994e+00
-8.234708821021758496e+00
-4.302005789526042889e+01
-1.228398167544150432e+01
-1.420922329665576278e+01
-1.621692993101176583e+01
-4.099774286263086154e+00
-1.091846214222730360e+01
-3.661818930052045395e+00
-2.284442880893813665e+01
-1.451570138618127714e+01
-1.637988788507101745e+01
-1.393887671696481156e+01
-1.874766760092428086e+01
-7.944421074728071019e+00
-1.379718593685118400e+01
-1.374295009016490354e+01
-1.216747684324009704e+01
-1.866608463995742895e+01
-1.510757319201069038e+01
-1.239783342252703768e+01
-1.409642975288904765e+01
-3.692248665903261173e+00
-4.937803678308866573e+00
-1.329798429835586759e+01
-1.187733327265619110e+01
-7.125468270007644378e+00
-2.837803432563661410e+00
-2.310643333997694526e+01
-6.528650731732001056e+00
-6.227253253410284906e+00
-1.425162076761520247e+01
-4.596784973057719270e+00
-1.917621012852672280e+01
-4.226849380024168212e+00
-2.723429884224101372e+00
-2.345022390017824865e+00
-7.509710359628350318e+00
-1.571848922694497119e+01
-1.187733327265619110e+01
-1.279779506181514037e+01
-1.433998239994594037e+01
-7.048858646109948722e+00
-7.541848391233057392e+00
-2.359795406210843893e+01
-1.149332779469214394e+01
-1.371743526030073568e+01
-1.963647107485367194e+00
-4.519656297459677674e+00
-3.258841841014645802e+00
-1.233735422103142731e+01
-1.253951285073078559e+01
-1.367861064293215456e+01
-3.352593706048275113e+00
-4.889757592782872919e+00
-1.933648394041897944e+01
-1.726653141080472764e+01
-3.681683779827499059e+00
-4.187009797783760590e+00
-3.814763340429178307e+00
-1.767320787640956326e+01
-3.414616710973660041e+00
-4.581929768382686952e+00
-2.592974672290925042e+00
-1.361436947832969224e+01
-1.007165414572120454e+01
-4.372948466509941845e+00
-1.244594530437475832e+01
-9.436719163567113711e+00
-3.600279527045155081e+00
-1.388475319143358178e+01
-1.200338647940830228e+01
-1.171970955143946647e+01
-1.983210155172904665e+00
-1.885349271364385615e+01
-1.202139588069851150e+01
-1.879047744136873632e+01
-1.573972958664116994e+01
-4.621158486356900852e+00
-1.224340282583113471e+01
-1.588841305738193554e+01
-1.781388640227465103e+01
-1.439259904325784767e+01
-9.346318693370200492e+00
-3.491544187103590602e+00
-3.888937982280055827e+00
-1.454559590842228545e+01
-1.878470298716781883e+01
-3.020324074752129384e+00
-1.254786499423426527e+01
-1.412154374461783135e+01
-4.384313257315739065e+00
-1.375192691988995364e+01
-1.175607177178791041e+01
-9.153987293097378242e+00
-8.436352981410390584e+00
-4.453065233206809026e+00
-3.220210022865178878e+00
-1.370531532939249075e+01
-1.198763790486908221e+01
-5.058139952614031820e+00
-1.331242318174679262e+01
-1.387480250233626577e+01
-1.854997880854241288e+01
-1.913492628065764833e+01
-1.175918331533466876e+01
-1.587851096852709532e+01
-4.787532220075772393e+00
-1.466662249426000741e+01
-2.728046910973958017e+00
-4.224080394433807228e+00
-3.955069837972635671e+00
-1.102794517161275678e+01
-1.458610287499443636e+01
-3.921223962222653459e+00
-1.535503874717664807e+01
-1.144130111667744387e+01
-2.548183969675475780e+00
-1.390742986257312097e+01
-1.020174214419247782e+01
-4.192211470991097144e+00
-2.099772027754463011e+01
-1.506961352405036791e+01
-4.247039313073062594e+00
-1.039212040308716389e+01
-1.369781398859119115e+01
-1.355189187448847932e+01
-2.046828033850294659e+01
-1.269466285019881013e+01
-1.414116743363814166e+01
-1.879133489391149681e+01
-1.245532253839987824e+01
-1.171443564748250132e+01
-1.271192591349605827e+01
-1.019182068018602649e+01
-1.370730875929840487e+01
-1.360279050768601827e+01
-1.806985236685672902e+01
-3.999438074323060199e+00
-3.120583155676911247e+00
-1.529364309468978789e+01
-1.376487238900784149e+01
-1.337216290863078783e+01
-3.249565903841766357e+00
-1.362855365812728969e+01
-4.903774264769074520e+00
-2.771487858053478970e+00
-7.038506223038835330e+00
-7.569304175557266312e+00
-1.409153302658862650e+01
-1.378335446562189048e+01
-6.376462655735177343e+00
-1.224117002910425356e+01
-1.584838817114267151e+01
-1.217617138681649891e+01
-1.135590005477491360e+01
-1.162584082166242005e+01
-2.852777821482389786e+00
-1.595897628895273890e+01
-1.388651449229438128e+01
-1.570125700649668410e+01
-3.875807063246477835e+00
-1.210241818503363476e+01
-1.545676808266718893e+01
-1.371595095651312235e+01
-1.416846230755956171e+01
-1.260107828178788480e+01
-1.005979735380545037e+01
-1.289982700422005912e+01
-4.369355279737968445e+00
-2.835830848494418799e+00
-3.893421835242121265e+00
-1.395792899129395259e+01
-1.121946907835775598e+01
-1.396781872057379204e+01
-1.366497125644620247e+01
-1.205218107140857242e+01
-1.617569302913149443e+01
-1.341532384925432630e+01
-2.176188490109930740e+01
-8.462616635360335593e+00
-4.350797564699907305e+00
-1.370730875929840487e+01
-1.386797086461902850e+01
-1.365373695325082437e+01
-1.357097950525429475e+01
-7.552190786431169478e+00
-1.169247140482351810e+01
-3.359968689259587915e+00
-4.812857155628424977e+00
-3.597057212188795372e+00
-1.206114792748721953e+01
-4.326273897872442653e+00
-3.709619470867435265e+00
-1.828085064926439429e+01
-1.268552007338775844e+01
-1.449506240741714969e+01
-3.630584640417730657e+00
-1.015487666806771827e+01
-1.289714967449394223e+01
-7.351813082721819548e+00
-1.906301635048795973e+01
-1.938144177564274173e+01
-3.330273988408709140e+00
-1.041372409624537099e+01
-3.796971539108470850e+00
-2.941037517972287407e+00
-1.113359151430586458e+01
-7.530839325349792723e+00
-1.927341254092418410e+01
-1.300864408432379449e+01
-5.519259196877702500e+00
-1.214570007826440090e+01
-4.637863666420534159e+00
-1.370730875929840487e+01
-1.430920595345158652e+01
-1.354081935423727323e+01
-1.402962024122568074e+01
-2.272304286728662692e+00
-1.453974887041971797e+01
-8.337303840683448541e+00
-4.797360060270809967e+00
-1.304234094780339959e+01
-6.120242737387546761e+00
-1.596764278821870775e+01
-1.407739924974987211e+01
-1.504110336069364173e+01
-1.389153683178810894e+01
-1.202320896581671761e+01
-3.589746428770568265e+00
-1.891266843967661160e+01
-1.167147692175927354e+01
-7.450032147786481040e+00
-1.345383154276803594e+01
-1.354149163674438050e+01
-1.892949395020858816e+01
-1.718145847530221815e+01
-8.325165694038782149e+00
-4.985248910551992374e+00
-7.310770585090633489e+00
-1.256959234809801274e+01
-1.389638968520726792e+01
-1.665593651578323531e+01
-3.402522045704175824e+00
-1.698093716467751690e+01
-6.000992389578136077e+00
-1.879133489391149681e+01
-1.301052794356560405e+01
-6.642989324224409131e+00
-1.346906664931562858e+01
-1.626305641662582602e+01
-1.291686280206387671e+01
-4.947569088746004873e+00
-1.624734658640185359e+01
-1.252065754941522613e+01
-9.103656536760295737e+00
-3.376784342164411701e+00
-1.440278637098267289e+01
-1.573279970942170358e+01
-2.239826221521033389e+01
-2.208072979382361467e+00
-1.971847412071360495e+01
-2.310848230197376552e+01
-8.327353440362520232e+00
-1.371191395625254650e+01
-8.127547692750660246e+00
-1.326256314587670637e+01
-1.410335485750861473e+01
-1.401254287614730920e+01
-1.005881647506655163e+01
-4.079153580974537618e+00
-1.377928554116380688e+01
-8.981689367066005403e+00
-1.385192442865053941e+01
-1.386215000814395815e+01
-1.105966064528282544e+01
-1.355451916385907474e+01
-1.499591640090035405e+01
-1.363350050194991603e+01
-1.888126943178488659e+01
-4.082090814925269484e+00
-4.031823603280425772e+00
-7.928626210679204256e+00
-1.019580539242295458e+01
-3.491699492032385610e+00
-1.180583251343188600e+01
-1.319707207228094958e+01
-1.287110489348231468e+01
-1.370800078036134551e+01
-1.155078456927819808e+01
-2.136898227253780291e+01
-1.315941957974596654e+01
-1.030560266332863151e+01
-1.321283616241231407e+01
-1.309486085177318593e+01
-1.246768877289996347e+01
-1.147935076905742235e+01
-1.387670799622036633e+01
-1.288609748880204542e+01
-1.212438851054511524e+01
-8.889906557121955544e+00
-3.597623620508267894e+00
-1.371467050052138958e+01
-1.750573733404531751e+01
-1.230065001344146580e+01
-1.269648842403113242e+01
-1.898959899290352382e+01
-2.267902421000053792e+01
-1.354109254895738879e+01
-1.194233497845096004e+01
-8.840255908714011568e+00
-1.153342085852840171e+01
-3.651122649866383352e+00
-1.323572613873857762e+01
-3.446519938182900589e+00
-1.356224040019483468e+01
-2.893886307774172995e+00
-3.736407963771716467e+00
-1.443043209978958430e+01
-1.043357247758469342e+01
-1.276955560749419760e+01
-2.535971438051398241e+00
-1.402937723956108762e+01
-8.879148408754764077e+00
-3.872700924898979213e+00
-9.980159255558042730e+00
-1.735101605408036107e+01
-1.112314848819068125e+01
-1.879133489391149681e+01
-4.234296227871519491e+00
-1.493120268235555947e+01
-1.112222013986925262e+01
-2.733711349723372930e+00
-1.602351938357404038e+01
-1.365192784396056069e+01
-1.756803376236889846e+01
-1.386849703682665691e+01
-1.458232820108981898e+01
-1.307592784088435778e+01
-1.507398619490575875e+01
-1.303917660852939697e+01
-1.744363266355343001e+01
-1.341256241598702381e+01
-1.190904207718918428e+01
-1.322663483530243944e+01
-3.114529516797802433e+00
-2.691202008801419243e+00
-2.842093330622803116e+00
-1.216947343908677226e+01
-9.111649282246082393e+00
-1.322890521766341188e+01
-3.763150400488224356e+00
-1.177614912280795423e+01
-6.692239065072832283e+00
-2.114152213977791916e+01
-9.727425827916734491e+00
-1.635121355254525000e+01
-5.177950386598535459e+00
-4.757122706061938544e+00
-5.121621969169221522e+00
-1.803539537491692357e+01
-1.365244208600240050e+01
-9.958744207831884410e+00
-1.179350376235462150e+01
-1.106098872006851686e+01
-1.246794379238114203e+01
-1.182471935714330868e+01
-1.523014684949430730e+01
-8.685365276794518863e+00
-1.515202973656269592e+01
-7.187218259516525620e+01
-1.040430322252845841e+01
-3.096453067565953621e+00
-6.109059803600581873e+00
-1.548479199465077549e+01
-3.994548950131596943e+00
-2.348645858939631292e+00
-1.052839945573198577e+01
-1.082732683895122960e+01
-1.078972429394589305e+01
-3.273950024602236386e+00
-1.382720900602894609e+01
-9.482012907701886206e+00
-8.331078212869488908e+00
-3.434841789458354722e+00
-1.304857905942313501e+01
-1.080045225945503873e+01
-4.848400576504023007e+00
-4.517908241814813763e+00
-1.351118852503284273e+01
-1.017362887476702049e+01
-5.640023895214306471e+00
-8.313037062868335880e+00
-1.292807291821161542e+01
-1.255495768430282055e+01
-1.263199263070724854e+01
-1.191411394070650864e+01
-1.464625652397302424e+01
-1.353359863140210706e+01
-1.371603014153318867e+01
-4.007374976979342307e+00
-1.473239877451863400e+01
-8.452021552168037744e+00
-1.000691471566342194e+01
-3.511435022814038742e+00
-1.261879937301155330e+01
-1.383908961134021531e+01
-1.575745467894595997e+01
-1.833667623082547138e+01
-1.377237484733411499e+01
-3.014487366269532842e+00
-4.561690223123924248e+00
-9.984473099750655223e+00
-6.013912215588598897e+00
-8.148791088720875209e+00
-2.257375663413420952e+01
-9.722739227683332430e+00
-9.972310935224898643e+00
-8.113937134432587683e+00
-1.368506055603366534e+01
-1.078563631447030247e+01
-2.165731542005423194e+01
-1.632972081969214173e+01
-1.328921796206814854e+01
-1.370588958890867559e+01
-1.357536917381896480e+01
-1.417524373183094255e+01
-3.698036050970129107e+00
-2.425956752895299928e+01
-1.529877040599309446e+01
-2.306197769731404446e+00
-1.339427713758556138e+01
-1.338096282682447935e+01
-1.458572882599905718e+01
-1.522318417899476017e+01
-4.578268390003831456e+00
-7.230006247033013977e+00
-1.508264765857365752e+01
-3.548879929355746921e+00
-3.719271151464700331e+00
-3.853748783657720001e+00
-4.587106752448250724e+00
-2.289166392761688584e+01
-1.154713922584502228e+01
-1.405635666090147673e+01
-8.433609835276683953e+00
-1.016770739491348507e+01
-2.440340617366274056e+00
-1.281237004140866098e+01
-1.199647808617343259e+01
-1.096563116009018479e+01
-1.307926691140207254e+01
-1.389372252670659158e+01
-1.411441590760757059e+01
-1.933960130521938225e+01
-1.198261468593102741e+01
-1.265005159698010218e+01
-1.323880451730702212e+01
-1.394265072508291325e+01
-4.044160511459165441e+00
-1.478951229735110040e+01
-1.926915960292349439e+01
-1.451501493941765197e+01
-1.582772305785854350e+01
-1.238988511351680266e+01
-1.316469860880569342e+01
-2.815177758250202888e+00
-1.132137996232812505e+01
-1.459034240288656470e+01
-7.018025351031881520e+00
-1.382906778987102392e+01
-7.859305564626266616e+00
-4.188458206669763761e+00
-9.819575822004201981e+00
-2.470604382416150546e+00
-7.951379746847951679e+00
-1.079558003645648689e+01
-3.095410061070835273e+00
-1.357235738426610006e+01
-1.395465570458734206e+01
-2.323683853458243931e+01
-1.186153278186432125e+01
-1.348469045410845268e+01
-1.325340057767084012e+01
-1.019230154384143994e+01
-1.189698405100707390e+01
-2.287398734091567221e+01
-3.455972924060012996e+00
-3.767877337074447830e+00
-1.366176097819336732e+01
-2.134894814281415698e+00
-2.273186458770531004e+01
-1.285561459873355261e+01
-1.108016025234765323e+01
-1.873066824232085636e+01
-1.365219776640034510e+01
-3.268254071041635012e+00
-1.814158932838457261e+01
-1.357391401468047576e+01
-4.560323505206523187e+00
-1.366486521531119358e+01
-1.156385070490006051e+01
-1.384018927680091338e+01
-1.741996935340120345e+01
-8.864751493262323478e+00
-1.290135361064087149e+01
-1.260826559635773769e+01
-1.376558671090173291e+01
-1.343772177260155232e+01
-1.269814675674536097e+01
-3.314394817776139313e+00
-9.306961937966223175e+00
-1.286095830784521965e+01
-1.574471157161883816e+01
-1.079608275480016921e+01
-3.903745761913620882e+00
-4.120278887346570329e+00
-2.212785128595826478e+01
-1.189996842023528068e+01
-4.345323583890416508e+00
-2.317550993511311219e+00
-1.206834115775100358e+01
-1.165409128009851258e+01
-3.427910460766109946e+00
-1.341188667673597656e+01
-1.913836224164598576e+01
-1.237749194909886796e+01
-1.182853889643193845e+01
-2.042013602264202365e+00
-1.305043260788706760e+01
-1.308434709150923503e+01
-4.039238205732398335e+00
-2.251022995476899169e+01
-1.206603653313311320e+01
-1.990274497874103687e+01
-1.010883539607891279e+01
-1.437964054381049017e+01
-1.261319771763156439e+01
-1.433447533023777254e+01
-1.760388591141854064e+01
-3.696873012289924265e+00
-1.717475499069012201e+01
-1.019114303942440714e+01
-1.909801227586300598e+01
-8.665126383545254996e+00
-1.317398666856828982e+01
-1.753807209428543601e+01
-3.340146583471076180e+00
-1.292619369181145572e+01
-4.116426904930511554e+00
-1.305074673437309940e+01
-3.775703579723904912e+00
-1.536132470970020769e+01
-4.440965422995863499e+00
-1.354220013967925951e+01
-1.334944865414581372e+01
-1.182568688675173441e+01
-1.250822897899477759e+01
-2.748760519261965740e+00
-2.735840610005730422e+00
-4.629643255282977599e+00
-1.055435152235530971e+01
-1.198264552954476514e+01
-1.524399316145146344e+01
-1.379544399566626289e+01
-1.328183001702839050e+01
-1.924210677583339191e+01
-1.855407130860022136e+01
-1.409946971270242067e+01
-1.111146752602190446e+01
-1.119673102221848282e+01
-2.994984921733775618e+00
-7.577607727812016414e+00
-1.597809404167039027e+01
-1.058914555354943232e+01
-2.000418141532098559e+01
-4.521657122279628460e+00
-1.399211821040421277e+01
-4.482327131269678411e+00
-1.329986153706184204e+01
-6.259526891105597457e+00
-1.503857368726083266e+01
-3.999047791381128647e+00
-3.732822731313685694e+00
-1.288995399629219207e+01
-3.083122474313365391e+00
-1.930964749681523784e+01
-6.998424290091944222e+00
-1.826789852923217339e+01
-2.473661963754411275e+00
-8.451916640663013069e+00
-1.211578278546797982e+01
-3.169388406413281345e+00
-1.848501999303330123e+01
-1.525253085005248188e+01
-1.344855693777005179e+01
-1.018458299109779297e+01
-1.205189062819217760e+01
-1.329110011818842807e+01
-1.361195738512417108e+01
-1.247019575801265745e+01
-9.894005790805460165e+00
-6.490295617293161179e+00
-1.714717697824664810e+01
-2.656998825778550621e+00
-7.587586296281450871e+00
-1.341040595127298651e+01
-1.328351190383999736e+01
-1.419403961422856497e+01
-1.572683131174107274e+01
-1.229167513478244622e+01
-1.201101592160898868e+01
-1.453603809787745860e+01
-3.365172255494111475e+00
-2.521017684412800719e+01
-1.306439233415808943e+01
-1.132008062878394128e+01
-1.384930409745196478e+01
-2.721288006980972174e+00
-8.871113967183946514e+00
-3.804580182286063650e+00
-9.609273841069779110e+00
-1.337572931797092934e+01
-5.921028221582790962e+00
-1.249269067831911606e+01
-1.878991572352176931e+01
-1.468508202633069359e+01
-1.418120394540848750e+01
-7.695999616781056041e+00
-4.236346985286847833e+00
-1.419883917075915569e+01
-7.461091215713765656e+00
-1.099711336380820548e+01
-1.289365291296948790e+01
-9.164806928115817541e+00
-7.022948439698257772e+00
-1.464716052822423720e+01
-3.941605964397012052e+00
-2.713362005410142164e+00
-1.328422896649786189e+01
-1.740576640929480590e+01
-1.282799083879742952e+01
-1.389092540682289822e+01
-1.383697454035710628e+01
-4.120784589376087936e+00
-1.225883938017364017e+01
-1.459356961233929262e+01
-1.117600057679254100e+01
-1.231806237823633232e+01
-8.291516722007466811e+00
-2.524604193014897913e+00
-1.072428420829417384e+01
-1.355953619372968078e+01
-1.819593343390642559e+01
-1.252514360070962596e+01
-1.373637480091796981e+01
-2.975522355869823610e+00
-1.365888240666759401e+01
-4.888335418407895538e+00
-1.327756811697433470e+01
-1.091674690412624926e+01
-1.628130798075595465e+01
-3.793118012673819983e+00
-7.315130251647092408e+00
-1.088462492465167308e+01
-2.206303253768598704e+00
-3.612918337093124155e+00
-3.126637463827799834e+00
-2.509477456184332489e+00
-1.263073723759987210e+01
-1.362922854671434791e+01
-1.266381507550291730e+01
-2.356164641836418028e+01
-1.363775366060352390e+01
-1.844111535969099691e+01
-1.574854459131592144e+01
-1.094960625499710360e+01
-1.097809185597287573e+01
-1.878991572352176931e+01
-2.622808947323683970e+00
-1.154494718786559559e+01
-9.937081803498378108e+00
-1.672622156713981312e+01
-3.820419816366372068e+00
-1.197477909402087448e+01
-1.546719496466162624e+01
-7.645648811717745907e+00
-1.352032812892540825e+01
-1.609438940716499289e+01
-1.428950824382801876e+01
-1.035628720815615367e+01
-1.345755482503666478e+01
-1.261435182364253471e+01
-4.305699902695078407e+00
-1.380265909348230124e+01
-1.437890303096026123e+01
-8.959422071768672780e+00
-1.353850363052775307e+01
-2.283533966566529827e+01
-9.992900398147050112e+00
-4.296972733687787205e+00
-1.339587729220710877e+01
-1.236573239057231710e+01
-6.793997487610577757e+00
-1.484885663316511994e+01
-1.375109598278295486e+01
-1.419443162724907737e+01
-1.189688704901097083e+01
-2.745963947001328620e+00
-1.131877682234059534e+01
-1.361428975191692103e+01
-1.625561168671731238e+01
-3.959945479359594511e+00
-1.548988654797206443e+01
-1.404443728690252691e+01
-1.332576636299397421e+01
-1.614410950869403649e+01
-1.124847771676622266e+01
-1.273038189943160425e+01
-8.886000529745563981e+00
-1.343550346743611001e+01
-7.219152554119191656e+00
-1.168402484365908833e+01
-1.362548352248823846e+01
-1.355759202989981915e+01
-1.264680045485374293e+01
-1.879133489391149681e+01
-8.456030237331889410e+00
-1.017520863968524125e+01
-1.350003726005635762e+01
-1.482708238374106635e+01
-1.284213524663986128e+01
-1.328701315401401573e+01
-2.148133924749030399e+01
-1.228309831620422976e+01
-2.215023204652890598e+00
-4.511331026962222879e+00
-1.886612411352345475e+01
-1.165146735079375517e+01
-9.829627800562180440e+00
-3.852066781769958315e+00
-1.336462855936259864e+01
-1.817578076604361570e+01
-3.824127563385673945e+00
-1.188774337634991873e+01
-1.339444349388231537e+01
-1.565737974009095623e+01
-2.936108545853345131e+00
-1.162844327257654875e+01
-7.234639409678420563e+00
-4.886415123903487867e+00
-6.987157101243838042e+00
-1.505005338061319442e+01
-1.675144716283076463e+01
-1.454411656936204800e+01
-1.285140459765071341e+01
-3.200620503173653209e+00
-1.015512942475256075e+01
-4.995648767141474877e+00
-1.375526633881686145e+01
-1.107400950820566266e+01
-1.496032214700565177e+01
-3.931578718281183438e+00
-1.180825652901683398e+01
-1.404488900047471489e+01
-1.259365661938680248e+01
-1.613184878210144291e+01
-1.524892181793412149e+01
-2.622638494591070124e+00
-1.372625952706369468e+01
-1.371629796992204398e+01
-6.730533266209030252e+00
-3.297967895892564894e+00
-9.493914430689709860e+00
-1.535079819971434389e+01
-9.995756544584974534e+00
-1.135088127690848658e+01
-1.034287228113280044e+01
-3.282926515219495300e+00
-5.168225183654496568e+00
-2.311878356826047920e+00
-3.629751685164602115e+00
-1.347674380175858388e+01
-1.295076516238932207e+01
-1.909872439437394220e+01
-1.112004114392767917e+01
-1.118853808004952199e+01
-1.058249816535745857e+01
-1.375923777667665604e+01
-1.370730875929840487e+01
-1.837424472514546991e+01
-1.336813499325642773e+01
-1.307336965727033551e+01
-8.823284105185006609e+00
-1.368740057418114731e+01
-1.156097153563267099e+01
-4.063058622652538254e+00
-3.212805079557405907e+00
-1.249043876511951012e+01
-4.401606972288181652e+00
-1.367214453741804547e+01
-3.806643263014069856e+00
-1.398958825742976231e+01
-4.721398076681820655e+00
-1.258412402419165232e+01
-1.030394589028479402e+01
-1.657324857566910836e+01
-1.921431684934880835e+01
-1.193212054472262196e+01
-1.189379457200150370e+01
-1.194156855656126837e+01
-1.356747116249812635e+01
-1.343797669279318896e+01
-1.694481982660239794e+01
-1.136017781136929905e+01
-9.730009984038142434e+00
-1.507096613943196139e+01
-1.341824340966443607e+01
-7.541095353965562964e+00
-1.490758481140857938e+01
-3.730755760058652726e+00
-1.334735745032761756e+01
-9.706781502007236995e+00
-1.841396170083800854e+01
-7.024233840255798889e+00
-1.354991396690493310e+01
-1.184059332826374877e+01
-1.141751415983493700e+01
-2.068313640819947707e+01
-1.184047447540668863e+01
-2.325806529466527905e+01
-7.143387353535143092e+00
-4.627987862179902656e+00
-3.117600569991815451e+00
-1.464781316487037799e+01
-1.696870620632324034e+01
-1.258037146855299326e+01
-1.235342392931928934e+01
-1.667990959208292523e+01
-1.049391744049248132e+01
-6.989713768288501328e+00
-1.681479979043578155e+01
-2.617392668755612384e+00
-3.567543109109988730e+00
-9.611787242351912397e+00
-4.029483793854739204e+00
-1.761990404655659503e+01
-2.749806317000367262e+00
-1.355709089398999723e+01
-1.240494161521658967e+01
-1.260679591417770418e+01
-1.179479167197292178e+01
-6.459543133278277338e+00
-8.462012019343854163e+00
-1.931567410586327327e+01
-1.427759934576039669e+01
-1.199560386197331141e+01
-2.826936236239797839e+00
-9.770826943895443151e+00
-1.340339740587005579e+01
-1.031135494568670197e+01
-6.797765317842554111e+00
-1.385982369999822694e+01
-4.780340395011379862e+00
-1.422260883499563455e+01
-1.394227524940663265e+01
-2.293047846203524998e+01
-1.237709696034286821e+01
-1.369634304733839869e+01
-1.311930680413858852e+01
-3.911610175702147085e+00
-7.070251018096755935e+00
-7.923695980227473790e+00
-1.627796873982542891e+01
-1.401393974628888728e+01
-1.313622413369007802e+01
-1.171423602613829651e+01
-1.243576769076158328e+01
-1.202378651711248381e+01
-1.048223762850669871e+01
-1.370786749649222358e+01
-1.759875960210447232e+01
-1.046234310083840846e+01
-4.033018117741637099e+00
-8.700455977667180818e+00
-8.952970899232763458e+00
-1.355133313729466060e+01
-2.192465878255353218e+00
-8.646989843293566125e+00
-2.098068141614509052e+00
-1.158411056917845450e+01
-5.048807774636173029e+00
-1.238348890170975558e+01
-1.562729056398262983e+01
-2.157613868597901075e+01
-1.775472538591975535e+01
-1.843139409491065095e+01
-1.213288957711767324e+01
-1.258611017214899697e+01
-3.622074533747404068e+00
-1.386459232186314416e+01
-1.379040237117744283e+01
-6.347257271444705751e+00
-6.634153873049745798e+00
-1.890441171498158823e+01
-2.956354283420789208e+00
-3.620319456358140897e+00
-1.188003006617589641e+01
-1.330063704515307599e+01
-1.065824377289975899e+01
-1.372116080017590178e+01
-1.441435106466791005e+01
-1.328054401942262430e+01
-1.375258947553724909e+01
-9.932744618551005544e+00
-2.284564173688091948e+00
-1.154473446142586113e+01
-2.062280492006968835e+00
-1.245550727259418977e+01
-4.024976008961066221e+00
-5.008331369405641276e+00
-1.780493429973363817e+01
-1.351939942325495458e+01
-1.049486899957921437e+01
-1.340901595948451508e+01
-1.161528653868363214e+01
-1.758757093966105600e+01
-4.492039598238398490e+00
-1.357515218088178699e+01
-1.144523599256374169e+01
-1.787256444235061181e+01
-1.461778473734256423e+01
-1.342960299905123378e+01
-1.317125642702264088e+01
-1.801669164487489994e+01
-1.137316686871228733e+01
-1.331076969113239095e+01
-9.023330096178476367e+00
-1.476407121390520949e+01
-1.242608811172769201e+01
-3.515689645417811704e+00
-1.354518830352067482e+01
-4.157573560155904957e+00
-1.444957150253759792e+01
-1.171783445196583529e+01
-1.197830326723949668e+01
-1.213223993612907847e+01
-1.348340211134093103e+01
-6.853192652934895435e+00
-1.330855626081117471e+01
-1.080969010171984301e+01
-1.310526961176841354e+01
-1.342334803155489809e+01
-1.511320155275546107e+01
-1.216432715343974635e+01
-1.183420168632700609e+01
-3.763472180366673747e+00
-1.843061932905705191e+01
-1.142336319882142881e+01
-1.394723703956650063e+01
-1.605190272256502126e+01
-4.850786638663682204e+00
-1.809005562315003246e+01
-1.370730875929840487e+01
-3.865108551078323185e+00
-1.315298271823865583e+01
-2.794672761691466167e+00
-1.920111621900155274e+00
-1.097325942081584849e+01
-9.713442167497642998e+00
-1.362398292286762924e+01
-3.605743998921188798e+00
-3.645996962234757000e+00
-1.369971394798718123e+01
-1.879133489391149681e+01
-1.458555640708611278e+01
-1.161919983575401538e+01
-9.184248690567500262e+00
-7.694997795425097209e+00
-1.537683100107876655e+01
-1.158997826236851303e+01
-1.322857777218720976e+01
-1.584681584188645864e+01
-1.529787310038397408e+01
-1.385824464214738683e+01
-1.323313950668743288e+01
-6.067712315331177386e+00
-1.036072611079899097e+01
-7.548939533860212769e+00
-2.767699321840248139e+00
-1.293859014139503216e+01
-4.542993808176350790e+00
-1.278983329991729256e+01
-3.210707464561874502e+01
-1.337339664932484418e+01
-1.551715851770693888e+01
-1.407588781298834490e+01
-3.931790854930775403e+00
-4.191420386731695480e+00
-1.207195536297866134e+01
-6.043911995261767700e+00
-5.687617703436094629e+00
-1.396597204344725718e+01
-2.421636442730891048e+01
-8.791477227617527035e+00
-9.044881070266775680e+00
-1.279580243782536719e+01
-1.327661430905106421e+01
-1.202787279005154453e+01
-1.350583077178629487e+01
-1.606475082807221355e+01
-1.330284549423182128e+01
-3.364099817356251521e+00
-1.278743301054806381e+01
-1.287975743868823741e+01
-1.350073648411346738e+01
-1.263235180012864767e+01
-6.561582878804655294e+00
-1.359419705569270320e+01
-1.369890823650040623e+01
-4.434549698162545184e+00
-1.443941680654035942e+01
-6.803058061257087452e+00
-1.547630890361894451e+01
-1.335495033854760649e+01
-6.016318524127457046e+00
-1.370730875929840487e+01
-1.283989586790321979e+01
-6.979295898157375611e+00
-1.610800050399762284e+01
-6.485017029635921304e+00
-2.970898542211414028e+00
-5.075264798003026101e+00
-1.517365904597160586e+01
-1.248277863276815047e+01
-1.349381267792101013e+01
-1.255557170390228094e+01
-2.658653106063260108e+00
-9.937187633385569541e+00
-1.921940912911018984e+01
-1.202423626231130882e+01
-7.102625753756974802e+00
-6.132684281142199545e+00
-4.752613529053450137e+00
-1.044457747512096368e+01
-1.672777540765420667e+01
-3.425595394652723780e+00
-4.019165018782595133e+00
-2.620154635669294851e+00
-3.578599600595643970e+00
-5.686767156640173404e+00
-3.073198159851518785e+00
-1.316279221217723006e+01
-1.226546095776101453e+01
-4.140657292766405817e+00
-8.871645259424459695e+00
-1.340425214333765425e+01
-1.737666579626509034e+01
-3.324591654125989670e+00
-1.757745280927931120e+01
-5.540405610218727794e+00
-1.094120243990458441e+01
-1.066941127435563175e+01
-1.825621717786577136e+01
-1.467219551825347246e+01
-1.739058138414637966e+01
-1.878991572352176931e+01
-1.272481930665810168e+01
-1.383543098636086022e+01
-1.575569719946953384e+01
-3.207935299485134450e+00
-1.449095199158845837e+01
-3.922649324329214426e+00
-1.559495725119857035e+01
-1.422144078649156818e+01
-1.182990563888462887e+01
-4.721516888972590031e+00
-3.606183233229714791e+00
-1.105372331606794667e+01
-1.225280298875380858e+01
-1.183713699266210106e+01
-1.413914833235804913e+01
-7.593093234766954858e+00
-2.768757236190166893e+00
-1.316207489312020584e+01
-2.540333358564164534e+00
-7.933051675572116324e+00
-1.492908650885274113e+01
-1.371497432930775062e+01
-7.093851899654512572e+00
-2.311342769404423070e+00
-1.473121448646633702e+01
-1.377440808372435477e+01
-1.218596911106342340e+01
-1.110460650079112632e+01
-1.304533032705784912e+01
-1.137609339149836529e+01
-2.966850015610849933e+00
-7.753878277129594210e+00
-7.400385198563160571e+00
-7.880093275387551444e+00
-1.230451851464876256e+01
-3.193201683519265366e+00
-1.314078858599302713e+01
-6.091352997255696344e+00
-1.459445545870386596e+01
-1.296284447682448615e+01
-4.142531534254776382e+00
-1.066167197326950955e+01
-3.455929845270741652e+00
-1.385082044011318736e+01
-1.348421916849011382e+01
-1.328959555106879087e+01
-2.843406894578785149e+00
-1.088560840319038547e+01
-1.336535239006907183e+01
-1.202375890800502667e+01
-6.695993701897428707e+00
-1.703523828927318107e+01
-1.004786420101384614e+01
-1.345517685345179437e+01
-1.361153883187479963e+01
-1.301231571701516643e+01
-1.571271990998829260e+01
-1.264844269539474730e+01
-1.295290645643346927e+01
-1.166783637259539574e+01
-2.716388209058184344e+00
-2.906679768654475193e+00
-1.649402158836988619e+01
-1.359031410394134021e+01
-3.819397851042944048e+00
-1.354991396690493310e+01
-8.795993483465945673e+00
-1.942090616998432395e+01
-1.407248376983481108e+01
-9.564785400026320161e+00
-1.913257365289442902e+01
-6.322177939713478523e+00
-4.446667916411386479e+00
-3.157707115426356737e+00
-1.350454545115833049e+01
-1.370730875929840487e+01
-1.524745350856689718e+01
-9.355079261949835967e+00
-9.341590757060673766e+00
-1.427954545498976913e+01
-1.583595051306524404e+01
-2.883497273605236444e+00
-8.813165037343170027e+00
-1.261158065653797067e+01
-1.714677336948645348e+01
-5.266199606719215609e+00
-2.142254304140971843e+00
-1.265769137542760170e+01
-5.320846791222765049e+00
-1.285957429655987383e+01
-1.369923315898092042e+01
-1.341235984161942518e+01
-3.472625302133838687e+00
-1.364445594506348236e+01
-9.112255199271924511e+00
-1.613090607304914670e+01
-1.110141423183660514e+01
-7.845598696577050113e+00
-1.189108082565597790e+01
-1.934269434135521237e+01
-1.390276606393200254e+01
-6.690360077533510363e+00
-1.565498828017318900e+01
-1.369385546157097089e+01
-5.889140184708725023e+00
-5.938583934354414673e+00
-1.366438429299730295e+01
-1.743790482762596028e+01
-1.405271139775777023e+01
-1.393396847698028118e+01
-3.796939106205310832e+00
-2.989969866297335077e+00
-1.108841028041888421e+01
-1.359426668274144490e+01
-1.626098513400749113e+01
-1.134819681822889414e+01
-1.258672258366508068e+01
-1.272068807679563029e+01
-1.306764485556962363e+01
-6.898855783206093051e+00
-2.487213526607860103e+01
-3.609367871742408695e+00
-1.188248584731951496e+01
-1.756040261572515249e+01
-4.404308108642719155e+00
-1.553890797937247825e+01
-1.281244858733927749e+01
-1.496188590048139844e+01
-1.088114372446343125e+01
-1.357827260865912500e+01
-3.387904842426678886e+00
-1.172407559444604708e+01
-4.045313747587070630e+00
-1.043451776772191941e+01
-4.638504597229347937e+00
-1.614606471751051231e+01
-1.348649759216856658e+01
-5.270672680490076978e+00
-1.299290433761275487e+01
-2.229105452268391296e+00
-1.210606367693329055e+01
-1.288090550064320716e+01
-1.236535468514839486e+01
-1.338722550247648435e+01
-1.209584332645987281e+01
-4.632547861534657585e+00
-5.225254788404342321e+00
-2.556883632558184960e+00
-1.646835693061501971e+01
-3.538129601401081015e+00
-1.334489169994038349e+01
-1.174432479041508692e+01
-1.705357946428468097e+01
-1.209085156432972319e+01
-1.648047489310068059e+01
-1.747933189632136219e+01
-1.286877033884404753e+01
-3.922379497837224616e+00
-3.977294181813312512e+00
-1.236294745789412985e+01
-1.687541664517118534e+01
-1.222121696662151180e+01
-1.417494371804225928e+01
-1.165159086440082170e+01
-1.368218719302909214e+01
-3.324371430415718365e+00
-9.938018300526298532e+00
-1.044925128357962940e+01
-3.791091213983107888e+00
-1.134185570728483938e+01
-1.245804627687604693e+01
-1.023065880659380689e+01
-7.614650876324308371e+00
-1.648557551252454090e+01
-9.870831393767037554e+00
-1.294945878400266714e+01
-1.393082883324117915e+01
-5.953538105615218790e+00
-1.896616261607200471e+01
-1.331660461232768178e+01
-1.189487950438399544e+01
-1.600700321821836525e+01
-1.333562617000392336e+01
-1.597549448135413819e+01
-1.169242809352087242e+01
-4.758815141630178935e+00
-6.768969608518289327e+00
-1.421319972143617960e+01
-3.607871752710629210e+00
-1.553050446304624899e+01
-1.372019601405402867e+01
-4.834386691091830279e+00
-1.218801118445995080e+01
-1.171121261802036528e+01
-4.326969347047758596e+00
-1.936510555033397907e+01
-3.374618311379373381e+01
-5.528852829839317806e+00
-1.088458168541548687e+01
-1.199294778910186388e+01
-1.323465154312843772e+01
-4.133658636746213588e+00
-2.806340974962945545e+00
-1.333003296241099278e+01
-1.572116519161393988e+01
-2.591820505450212142e+00
-1.322447128185805809e+01
-7.616474766147617537e+00
-1.208294233837980158e+01
-1.490509627882018862e+01
-2.886002541153565915e+00
-7.728952624099989066e+00
-1.232800101062009901e+01
-1.371760709895707997e+01
-1.040898159673092316e+01
-4.625177130917732526e+00
-4.483417925714312524e+00
-1.669320420355590073e+01
-1.713575126971444718e+01
-1.366465047800575583e+01
-1.303898871585250951e+01
-3.652883858700578301e+00
-1.337232472552873297e+01
-4.442912339428642277e+00
-1.054962118090057643e+01
-1.378998840971557627e+01
-1.293991955428374574e+01
-1.601150901104908542e+01
-1.407485504052150205e+01
-9.752294888560697927e+00
-1.138157008406198578e+01
-7.102529972876256537e+00
-2.385294696896953059e+00
-4.214368663417532801e+00
-1.305806400937339973e+01
-2.139154283101781573e+01
-2.116856749423527972e+00
-1.058216687112091137e+01
-2.448237324958497396e+01
-3.791199006867030707e+00
-1.143167440425201242e+01
-1.206457029675372361e+01
-1.195865028744304759e+01
-1.622523233902156292e+01
-1.882115410461061344e+01
-1.878991572352176931e+01
-4.227063543547764368e+01
-1.446004498693100793e+01
-1.414052006610688572e+01
-1.010159975248154396e+01
-4.601633410721723827e+00
-1.573120374191332438e+01
-2.110677756545872086e+01
-1.699184591155744428e+01
-2.827646164067232792e+00
-1.451370006935776757e+01
-1.572973460237240140e+01
-1.975556167025375176e+00
-1.532262137714956118e+01
-3.771831601015715574e+00
-1.181643245595195424e+01
-1.076475733344750552e+01
-9.644104774313717598e+00
-3.372555460264140947e+01
-9.365382247809581173e+00
-1.336434473746759011e+01
-1.472339607589311505e+01
-1.013030168100822870e+01
-1.366469604329802578e+01
-1.132424140436235582e+01
-1.127611713380426117e+01
-3.708518047659573824e+00
-3.414737721571067919e+00
-1.410338550291582926e+01
-7.617376657703807119e+00
-4.126537755044854094e+00
-2.375905437390091635e+00
-1.121151813344593862e+01
-1.262597748220715133e+01
-8.266856354738829182e+00
-3.657978588730000702e+00
-3.499918457982439612e+00
-1.854304016010607725e+01
-1.355189187448847932e+01
-1.422027039900888390e+01
-1.371468129541577419e+01
-1.327447375957449438e+01
-1.482723478574210496e+01
-1.010484634915507662e+01
-1.348387267948307411e+01
-1.155408487464886846e+01
-1.133584270935290306e+01
-3.435993642341082399e+00
-1.328075375770054123e+01
-1.296786116275982437e+01
-1.369923315898092042e+01
-8.956350235750003108e+00
-1.662791125956856675e+01
-3.594750768754492398e+00
-1.158376908269965533e+01
-1.352962849599220974e+01
-4.063170656433105599e+00
-1.004697255961387725e+01
-8.002314198020998859e+00
-1.699413219778865169e+01
-4.935679816135401410e+00
-1.356234421510489874e+01
-5.843009710556980707e+00
-1.444282111745342512e+01
-1.506020716114607438e+01
-1.372681142102505092e+01
-2.555080133135676501e+00
-1.193847340766224541e+01
-1.384458783846848107e+01
-1.335428777715721260e+01
-2.176529167822631194e+01
-1.371141125089753210e+01
-5.094259588770487568e+00
-1.328863666031794111e+01
-1.571294557305903261e+01
-1.347726789705621364e+01
-3.645181894038016512e+00
-1.145410824983581932e+01
-4.108613021786943875e+00
-4.381183895997653011e+00
-1.371271354007359911e+01
-1.119431670733218098e+01
-1.296127247140360339e+01
-1.262451926713139905e+01
-1.370741209975501818e+01
-4.875343584567107591e+00
-3.083937552727662457e+00
-2.750420745118937749e+00
-1.855941208433613454e+01
-1.228528219279193756e+01
-1.408061042052931633e+01
-9.125256262499309656e+00
-1.293437771703830386e+01
-1.102559261492180553e+01
-6.667736793778970217e+00
-1.365957756698874803e+01
-1.339739209446967294e+01
-3.076443986649769258e+00
-1.248702007434495442e+01
-1.909992643913432531e+01
-5.399603092096806556e+00
-1.214635799688258366e+01
-3.533649334316595336e+00
-1.553350459475505296e+01
-1.166249483275939802e+01
-1.877532718688551228e+01
-1.021253780265292121e+01
-1.222601227341475472e+01
-1.354146980750989115e+01
-4.664990890638825327e+00
-1.209675494855660105e+01
-8.863301657996986549e+00
-8.464975272926789529e+00
-1.197951201166382518e+01
-1.415446460416979235e+01
-5.022258276605768401e+00
-1.472777374750265622e+01
-1.318222711236634659e+01
-1.180010959999820841e+01
-9.934216208842729046e+00
-2.662347959246855211e+01
-1.010360243496831423e+01
-1.214706350651974986e+01
-1.866654931320473665e+01
-4.002630370229190326e+00
-1.182161597978369727e+01
-1.360994398924309756e+01
-1.250101848546415262e+01
-6.958350919736044915e+00
-2.039514717490215645e+01
-3.989950418534882637e+00
-1.153997830014176351e+01
-1.102238959209695324e+01
-1.460639593693685967e+01
-1.507536997807101642e+01
-3.139349497943068279e+00
-1.490244824957967928e+01
-1.377498691487975790e+01
-1.009828826805111390e+01
-1.039146916442221347e+01
-1.628081926210998276e+01
-1.165174023798536496e+01
-1.416017444503554401e+01
-1.347775596265335096e+01
-6.363392954436934978e+00
-7.539758233028877044e+00
-3.347796356849324084e+00
-9.537867417966111816e+00
-1.240204847857583381e+01
-1.364169890735601776e+01
-1.435198876770455101e+01
-1.861158489567725738e+01
-8.054590610962062414e+00
-1.360124080029889093e+01
-1.390882680059464249e+01
-1.317472336087000606e+01
-9.818686614232994714e+00
-1.263442484424200707e+01
-1.248027679543050894e+01
-1.640987133824976496e+01
-6.183098173606525805e+00
-7.547922922398356604e+00
-7.793416399315175269e+00
-1.199294778910186388e+01
-1.327225318673138332e+01
-1.385873164442011607e+01
-1.399801025257686860e+01
-1.377398069097102606e+01
-1.450164098934750001e+01
-1.263152647104737092e+01
-1.316783849217028823e+01
-1.347090177667976363e+01
-1.458831038422495752e+01
-7.007531923678229191e+00
-1.503314275357632646e+01
-1.367115435136739521e+01
-1.339169838766842346e+01
-5.866926412539512192e+00
-1.226221186594211687e+01
-5.610722118868702424e+00
-1.073930895143090680e+01
-4.231954641022189989e+00
-1.339703515807265966e+01
-1.353975942193584281e+01
-5.739551699222351644e+00
-8.324499834976220924e+00
-1.394520371022845850e+01
-1.119938781324782084e+01
-1.433327795662989779e+01
-1.136072934169783188e+01
-1.256902763716435700e+01
-9.853609331866454824e+00
-1.920275449351658281e+01
-1.365445500256030265e+01
-2.280270915372747620e+00
-1.383166496076060170e+01
-3.736159055451980571e+00
-8.996661749012451637e+00
-1.539380062556051776e+01
-1.673652257066564530e+01
-3.827379911578839611e+00
-7.220199139849887260e+00
-1.180711821187469468e+01
-1.360279050768601827e+01
-1.370552604571073729e+01
-3.793611121444568912e+00
-1.201046940082422054e+01
-1.572116519161393988e+01
-1.533315831240883398e+01
-1.717990697366700559e+01
-4.220298847062798231e+00
-2.399104741327937163e+01
-1.947845098769833783e+01
-2.810720067713789572e+00
-9.584164607008169412e+00
-6.923479085132124844e+00
-1.264797351222242483e+01
-4.298362479771652644e+00
-2.103766369280605453e+00
-1.355451916385907474e+01
-1.354616512259164018e+01
-3.740330086818451250e+00
-1.257647621649777214e+01
-1.320372858383818127e+01
-1.190881785723635744e+01
-1.108414884471811135e+01
-1.434534491894466512e+01
-1.364481174217897497e+01
-3.528795233416845978e+00
-1.244281740316378482e+01
-1.383544400749716452e+01
-3.858464326334687833e+00
-1.711239567841541032e+01
-1.370526053513279940e+01
-1.173662849070505132e+01
-1.365878198152751821e+01
-1.917846772534178612e+01
-3.677559885009507923e+00
-1.372428206890807623e+01
-1.183214694353682184e+01
-1.352254012053152188e+01
-1.216040301126692924e+01
-1.339632208108287514e+01
-1.358853537609316930e+01
-1.366380923508072165e+01
-3.891538804163378718e+00
-4.937341887144452990e+00
-1.335939118749030818e+01
-1.470465637454321062e+01
-1.309537581433505338e+01
-1.036064748486593246e+01
-6.933116787464491892e+00
-1.395933555010370597e+01
-1.076833402266551332e+01
-1.773602588837911753e+01
-1.199668857399845123e+01
-1.370730875929840487e+01
-3.722645164584172495e+00
-1.326950794997357619e+01
-4.374266104944028122e+00
-3.127337394043586460e+00
-1.153670368483336617e+01
-1.275310176612475921e+01
-4.419552592531110768e+00
-8.618562455003150546e+00
-1.287760135348367818e+01
-4.194241574536955675e+00
-1.425992383002121677e+01
-1.303488940501762272e+01
-1.801824916380893882e+01
-2.808544025060252913e+00
-2.206994525696922338e+01
-2.825732025631668698e+00
-3.656371398083751778e+00
-1.310810228128416988e+01
-2.376495260236519513e+01
-1.402453805417152566e+01
-1.362714992075734521e+01
-2.024360080340429491e+01
-2.945993861251737567e+00
-2.555179143300355449e+00
-1.368872696166813796e+01
-2.386472206629640880e+00
-1.740893778352923249e+01
-1.529348575373388996e+01
-9.343030939794495282e+00
-1.371191395625254650e+01
-1.395535025890618108e+01
-1.333799328685145014e+01
-2.198637666821016978e+01
-1.429739794831967359e+01
-1.224915091811193868e+01
-1.275252057366420644e+01
-1.400975720630884780e+01
-2.260947340769929781e+01
-1.403842073290899606e+01
-1.583428953804120454e+01
-3.564401048072515898e+00
-2.202413869074774766e+01
-1.400633672582821099e+01
-1.305046566673314778e+01
-1.869673335658692892e+01
-1.715646995693255050e+01
-1.289447075905103191e+01
-1.112677891604188218e+01
-7.590877949702329985e+00
-7.531272303587823735e+00
-5.905126454307279893e+00
-3.901944128856145166e+00
-1.000838957800850793e+01
-1.606580698180402678e+01
-7.768295934695788496e+00
-1.835677368955814615e+01
-6.978659333513633989e+00
-1.576181082705686443e+01
-1.085858538937671014e+01
-1.182840823831651633e+01
-1.159870079392108089e+01
-1.213655739095425012e+01
-1.317728061508995019e+01
-1.538455200277299006e+01
-4.092409561385229821e+00
-1.284530918779884523e+01
-1.723910636436711385e+01
-1.342997985378911530e+01
-5.390132333001487197e+00
-9.906499346044583376e+00
-1.335598251835300410e+01
-1.418823139294805102e+01
-8.001860894128506985e+00
-1.310894551548753206e+01
-5.714603865022894524e+00
-1.416186996312141666e+01
-1.099568760908968557e+01
-9.349699140309091661e+00
-2.879824100372534001e+00
-9.600985577949680660e+00
-4.369762357368426997e+00
-7.619896282499213136e+00
-1.302570706993667038e+01
-1.327339492797529097e+01
-1.407674924291584162e+01
-4.189119111418476926e+00
-3.298298694684567600e+00
-6.747507120634246292e+00
-1.042205715536443833e+01
-6.133777181364747477e+00
-1.219178697954081159e+01
-7.901396309115806815e+00
-1.391497968995259882e+01
-1.269347295221629146e+01
-1.549388837189337131e+01
-1.154077522485957630e+01
-1.364869258556669962e+01
-1.344955571805593841e+01
-1.365544582566925946e+01
-1.366239006469099415e+01
-1.360467629781540388e+01
-1.395589072614934167e+01
-1.358095393201212531e+01
-5.257105728586273230e+00
-1.248882824609503217e+01
-7.493481129204196733e+00
-1.259317020703900702e+01
-5.150420245878529535e+00
-1.444756047181915193e+01
-1.290468899449361828e+01
-1.884905214429819864e+01
-1.841356582233426664e+01
-1.514018546883510830e+01
-1.839469752854573059e+01
-2.737369970315457479e+00
-1.275955641078387259e+01
-4.065030590728615500e+00
-1.436245467377023566e+01
-1.824841154971840851e+01
-2.122773805982333428e+01
-1.579072007106804421e+01
-1.376526303193087308e+01
-1.359319310193508024e+01
-1.190836512253858537e+01
-1.387342568758938377e+01
-1.771380801281638284e+01
-1.413074048007209171e+01
-2.272782780338435771e+01
-1.323005581577932332e+01
-9.975352255196209939e+00
-1.214187042095049840e+01
-1.258679613791383645e+01
-1.373543678393555467e+01
-1.571131377038501853e+01
-1.391201826673621866e+01
-4.408031802911317243e+00
-1.324776505917683345e+01
-4.615174661716936022e+00
-1.179555135651232334e+01
-1.253985861909968946e+01
-1.107825544209214819e+01
-3.943371524258149741e+00
-1.386835292193535274e+01
-1.332481845257530573e+01
-4.630798022044122497e+00
-1.097895203449338197e+01
-1.402510624608897238e+01
-1.182281616252877221e+01
-9.767308229102178885e+00
-1.415096291074678803e+01
-2.658969228968664211e+01
-1.320646059679932982e+01
-1.228382345985520452e+01
-1.122815024758105551e+01
-1.355017775524843771e+01
-1.258522988145272592e+01
-1.287323644415336155e+01
-1.371760709895707997e+01
-1.312980993815563124e+01
-7.611524304300814947e+00
-1.832617866539814599e+01
-1.125991307722878076e+01
-1.259004164490216304e+01
-1.323172729913289203e+01
-6.148723585515889489e+00
-1.326840713164406083e+01
-4.010226137597814322e+00
-1.188191726944066851e+01
-1.529829627571885098e+01
-3.991806329166687206e+00
-1.887953505295170231e+01
-1.176276713983139288e+01
-1.335453731554897239e+01
-3.960306918914826113e+00
-1.559188461389689984e+01
-1.274207896236435289e+01
-1.130386152400587818e+01
-1.309645490177159566e+01
-1.423340904575700705e+01
-1.353389436562081727e+01
-1.016082972121614247e+01
-7.725085157613428066e+00
-1.346316641219763177e+01
-1.503656861525651323e+01
-1.023010799884433908e+01
-1.259223255106696193e+01
-3.844908678350264619e+00
-1.384995043690356198e+01
-1.507672832001972729e+01
-1.729695063835230329e+01
-2.297278401637916634e+00
-1.522383949695653271e+01
-1.485358438445718754e+01
-1.141247489896578315e+01
-1.347513210662714123e+01
-3.228204557270594854e+00
-4.072065387608051168e+01
-4.763247840751231976e+00
-1.144867235222110757e+01
-3.948611069810257668e+00
-1.951600468372723185e+01
-1.334179849013668751e+01
-1.327065809580964384e+01
-1.452477763929935684e+01
-1.456804269756735337e+01
-1.477753583861557551e+01
-1.334179849013668751e+01
-1.879133489391149681e+01
-9.731087240406706584e+00
-1.405759667435586202e+01
-1.353085991338783423e+01
-1.363314486576771145e+01
-4.391099531453878768e+00
-9.611193199474172388e+00
-1.619817239297417188e+01
-1.916642630059887153e+01
-1.277996272755094864e+01
-1.388916548774538562e+01
-1.583932876073243889e+01
-1.124225501239719094e+01
-1.097418246655802498e+01
-1.423327450047796461e+01
-6.864100309525212218e+00
-1.357545897589445438e+01
-1.171835612297747176e+01
-1.309157303652683524e+01
-1.346530454523284526e+01
-5.724958880457935884e+00
-1.158304763165562257e+01
-2.413718283497469308e+00
-1.208668569289411820e+01
-4.552175090725161688e+00
-2.922436383559894768e+00
-1.807479905899810291e+01
-1.878991572352176931e+01
-1.299352218272132831e+01
-1.268259647652232580e+01
-2.645950123120714537e+00
-1.679725470002048127e+01
-4.803093894254086393e+00
-1.366528384247510175e+01
-3.986709600712114998e+00
-1.430037645560122783e+01
-1.338017815294832324e+01
-1.108951499252891004e+01
-1.147422028644206371e+01
-1.192547607912709395e+01
-1.321409631292171483e+01
-1.395824910712821776e+01
-4.375656614866642258e+00
-1.913609855687935024e+01
-1.519447335419091694e+01
-1.118431561764423776e+01
-1.876867955932551624e+01
-1.454723243833857182e+01
-1.318378395635409284e+01
-6.224448803059299706e+00
-1.340545729666421160e+01
-1.348655963503727939e+01
-1.326545805214527540e+01
-4.569695450220401689e+00
-1.098689523817554381e+01
-1.754949627658318079e+01
-1.307626373279084042e+01
-1.344828670470899468e+01
-1.421364895172580312e+01
-1.378123737220951206e+01
-1.644150679429893458e+01
-2.263582153594138902e+01
-1.356311576756149151e+01
-9.684670677329508592e+00
-4.466381795291329837e+00
-1.369394783758043133e+01
-2.096242923255324797e+00
-1.252394712698901635e+01
-1.283951497171659462e+01
-1.189537933243536472e+01
-3.303509587854416285e+00
-1.950738087747955429e+00
-1.289986196360967519e+01
-1.739167436431920422e+01
-1.979422729640171852e+01
-1.528980854583999260e+01
-3.024978078799195114e+00
-9.693896299536870487e+00
-1.627233800740322778e+01
-1.539959721301697471e+01
-1.001800227985540914e+01
-6.061506626009241394e+00
-4.923320432482265474e+00
-3.488587090893702669e+00
-4.637275359698982413e+00
-4.594247949844069367e+00
-7.311215804892449377e+00
-4.373246435298929313e+00
-1.931746878278601898e+01
-1.831123978421801368e+01
-1.333593525595884088e+01
-1.372726836707077425e+01
-1.347317247195589651e+01
-4.487027128976541768e+00
-2.618080370599745965e+00
-1.366391218759599724e+01
-1.119636107832038086e+01
-9.221112291492163493e+00
-1.330705207023600245e+01
-1.348951001845800235e+01
-2.346357781667530062e+01
-1.385035630712297205e+01
-5.772338863881596005e+00
-9.173090998173963229e+00
-1.645941115731082860e+01
-1.365270071093027937e+01
-1.401372015535816118e+01
-1.373623202233524765e+01
-1.277254289382882924e+01
-1.392126397813654037e+01
-1.364253956493169184e+01
-1.814693674059681072e+01
-1.014438890461930143e+01
-1.372301661806041295e+01
-1.403768355446802829e+01
-2.043373278018531991e+01
-8.300621787107195004e+00
-1.565474158013232575e+01
-1.267963282983185991e+01
-4.628132011401573820e+00
-1.313992049175244325e+01
-1.344808034514559303e+01
-1.454287428392188275e+01
-1.094053221974212420e+01
-4.131828694765826704e+00
-1.282486376714907728e+01
-1.385365818565929352e+01
-8.271996706474419625e+01
-1.181192633276961601e+01
-7.658201370444755796e+00
-2.101611795745993660e+00
-7.349718650365598904e+00
-4.408720901786575830e+00
-8.836012282723203271e+00
-1.415999915654083452e+01
-1.496757194072779740e+01
-7.402167399880795529e+00
-1.125210558823012086e+01
-1.329502671230268440e+01
-5.455300078984001821e+00
-1.374694022660110981e+01
-3.313299071054011335e+00
-1.312408234789945283e+01
-3.549577644967673251e+00
-1.199417127203036948e+01
-4.785344410670327342e+00
-8.922173939013706701e+00
-1.398745063935228039e+01
-1.156368616356535384e+01
-1.370730875929840487e+01
-3.367490881580887052e+00
-9.273945551231516760e+00
-1.100849244393920578e+01
-9.550130470726426068e+00
-4.375604714558639863e+00
-2.409601401516340946e+00
-5.530273422047370602e+00
-4.380391193101031533e+00
-1.285112353365169646e+01
-1.429262665403054555e+01
-1.791400300355040898e+01
-3.012479651492683708e+00
-1.592843732563667736e+01
-1.879133489391149681e+01
-1.303358932123234837e+01
-4.942793364693836899e+00
-8.320470613374613578e+00
-1.302696861401286021e+01
-1.096308189617593065e+01
-3.479233529427752547e+00
-1.009965442251886003e+01
-2.112400869424331162e+01
-1.465796030730633248e+01
-6.420198867380567442e+00
-3.697086629904620558e+00
-6.795984908066389885e+00
-4.010030429195225565e+00
-1.218160990942083011e+01
-1.481582533448120387e+01
-1.152774289038980271e+01
-1.103956206582133248e+01
-4.068617169181468540e+00
-4.716988218881323469e+00
-2.648670692255002734e+00
-1.381901867949901508e+01
-2.230756619446632527e+01
-3.843816154008536934e+00
-1.578850587065018729e+01
-1.116115820846751383e+01
-1.449818436985514936e+01
-1.524487507782196616e+01
-5.037616008178514626e+00
-7.405592064972505106e+00
-1.370410687532100980e+01
-5.175388244079436539e+00
-1.540262038656225840e+01
-8.763362910308952536e+00
-9.669086582376353434e+00
-1.370786749649222358e+01
-1.361168608610451969e+01
-1.539337497928110565e+01
-1.158557414696646681e+01
-1.175648692353674818e+01
-4.917170349491357229e+00
-9.760715231198609843e+00
-1.880369086500195763e+01
-1.298621857288990711e+01
-1.359045910923453881e+01
-1.312210989619421042e+01
-6.381387476395916636e+00
-1.012900145350537784e+01
-1.341531746969555705e+01
-1.378944595160852415e+01
-1.086700287899400053e+01
-4.619068521027014818e+00
-1.343980340385608052e+01
-1.408566896742944330e+01
-1.447132614056619282e+01
-1.194987357551482354e+01
-3.329459617904176660e+00
-9.907027263072526679e+00
-3.142664417356821893e+00
-3.473511396868265155e+00
-1.438227137011685208e+01
-9.593019109664089328e+00
-2.377304147634331066e+00
-3.751601344535810956e+00
-1.356022560559969925e+01
-2.382900355131998715e+00
-7.594339970220729263e+00
-2.752550810881305932e+00
-5.649217176696165410e+00
-1.390190421308793134e+01
-1.405784050281687847e+01
-1.202138754810326127e+01
-1.396427332626483775e+01
-1.386286015795409554e+01
-8.395051050757853517e+00
-1.336458801534729268e+01
-4.042042373007972422e+00
-1.706109679818660751e+01
-2.537889264622554375e+00
-1.345073466082206082e+01
-1.285045686313390867e+01
-8.058383725832316102e+00
-1.324970923564536740e+01
-1.235982704894348316e+01
-1.387530138067442920e+01
-1.346011228602799115e+01
-1.193246308913655263e+01
-1.324230459762425305e+01
-1.759743490760772033e+01
-1.770841803681611992e+01
-7.748941805054174736e+00
-1.348508528086300906e+01
-1.586322536609935696e+01
-7.684143975653944914e+00
-7.920309204783011481e+00
-7.677042298799278797e+00
-1.448438298985496608e+01
-3.177780502594586221e+00
-1.346774613795541597e+01
-1.572116519161393988e+01
-4.772401301858739231e+00
-1.344193725889309476e+01
-1.312717681955296456e+01
-1.550680700250454613e+01
-1.366440825170637297e+01
-3.325302152417692891e+00
-1.173249808057926735e+01
-1.399965152630755583e+01
-1.008289465872514867e+01
-7.546410673327721419e+00
-9.863217761592492749e+00
-6.395574495385662139e+00
-1.094899302975302824e+01
-1.436009373289313906e+01
-3.747354933566472646e+00
-1.238636451860234722e+01
-1.403536625765133294e+01
-3.110022919731856295e+00
-5.064904823525577804e+00
-3.173558470902562600e+00
-3.624675272925251601e+00
-1.348615661665886023e+01
-4.014660124244783468e+00
-1.252753168215319590e+01
-3.250566308364913226e+00
-1.365180859909648170e+01
-1.419986033598943997e+01
-1.117107080458374568e+01
-3.566968256734068365e+00
-1.503798215943192673e+01
-3.612955777995839224e+00
-2.259785443972741703e+01
-3.971055771203549689e+00
-1.743249029534538508e+01
-1.446581530622515821e+01
-1.331940886910222943e+01
-3.449573686727291921e+00
-1.308906582562317489e+01
-4.080873553682068611e+00
-1.279631857335347966e+01
-8.853773975756666914e+00
-1.007933773997160642e+01
-2.036145975736977753e+00
-1.390198645932992783e+01
-1.286844915740011075e+01
-1.573118799302217852e+01
-8.935302755573371059e+00
-1.041258655684669421e+01
-1.399896723439673529e+01
-1.248804776189896870e+01
-1.686332075152632015e+01
-6.186172521308780148e+00
-3.693366621830372232e+00
-3.250018655938088585e+00
-1.730469380605241358e+00
-2.130277403181712881e+00
-6.966817282017493085e+01
-7.676561120727113163e+00
-1.298818607968592254e+01
-5.631759459446585403e+00
-1.420922329665576278e+01
-1.326245236850075138e+01
-1.348189650097163650e+01
-1.093259615672371687e+01
-1.389225156180669529e+01
-2.700611375877415732e+00
-1.063370361529183583e+01
-1.194033245484986061e+01
-1.133227597401642761e+01
-6.933663206736286000e+00
-3.948995083292808683e+00
-3.136353698421218805e+00
-1.389390313811174593e+01
-1.916945394831535054e+01
-1.250872104705598709e+01
-9.315070079749986576e+00
-1.440198509222316225e+01
-1.321368616033649346e+01
-2.238094323011661402e+01
-1.118159365445793263e+01
-3.147365928559091586e+00
-1.367451820418287056e+01
-1.387718804798199557e+01
-1.189102589048295044e+01
-1.205912191573850301e+01
-4.398044434967336436e+00
-1.152126671500526101e+01
-2.825218554199156795e+00
-1.214024655805881281e+01
-4.053908848593513525e+00
-1.372533059011120038e+01
-9.087399006020048020e+00
-1.758137662567698811e+01
-1.384245654740968590e+01
-4.369110172276089443e+00
-1.915503768466957268e+01
-1.013188166660533085e+01
-1.368611919805791821e+01
-3.689761499435435077e+00
-1.616445147756851242e+01
-4.496867371110652378e+00
-1.454986116711419442e+01
-1.184047447540668863e+01
-1.399024803370136283e+01
-1.350847192522140183e+01
-3.467880339952302826e+00
-2.437167553511264728e+01
-1.134652297209079741e+01
-1.186746861743331216e+01
-9.927545653294748362e+00
-1.363407699209107982e+01
-1.756756440909030914e+01
-1.397993409318250357e+01
-1.164507084736148101e+01
-2.061985812190741640e+01
-1.096404484754973829e+01
-9.002549518396707029e+00
-1.017186622646216065e+01
-1.311858512020150691e+01
-9.637889796557622901e+00
-1.189610732621970968e+01
-1.254309371666758111e+01
-1.161766961601646386e+01
-1.150317938039476395e+01
-9.224481939939494168e+00
-3.655238066614046044e+00
-1.582857418358646129e+01
-1.873765685111179025e+01
-4.327421058470255488e+00
-1.365163834345658245e+01
-9.869678541413010819e+00
-1.325908595675561408e+01
-3.662007307854754590e+00
-1.526854003972056084e+01
-1.241447964239869961e+01
-1.370730875929840487e+01
-3.963614077575299710e+00
-1.419700459561281392e+01
-1.379209209619427767e+01
-8.728145766162599628e+00
-1.185673472089255043e+01
-1.166245736410179035e+01
-1.737941921936573308e+01
-3.445547287788862878e+00
-1.264011376997364344e+01
-1.196069393211523035e+01
-1.339445642027361316e+01
-1.277522571701853771e+01
-4.527561403288298258e+00
-3.691728975097079424e+00
-1.365602656928004244e+01
-2.083246326172739060e+01
-5.702914860785750939e+00
-6.303085216417823489e+00
-4.872958035697199541e+00
-2.117299827353945396e+00
-1.077093132538998255e+01
-3.239239739558052555e+00
-1.347452242141082124e+01
-2.205314108719743516e+01
-1.359936780399774392e+01
-1.219617881670218473e+01
-1.043296191421186947e+01
-1.182367904596826058e+01
-2.912637222800201986e+00
-2.913996400210935533e+00
-1.376574174206143475e+01
-2.578162676974601553e+00
-1.281294829745284325e+01
-1.294723728551586639e+01
-1.554363417820626481e+01
-1.435131606525271586e+01
-3.193924181898819992e+00
-1.367846141369273205e+01
-1.222202272909476406e+01
-1.289366435708631897e+01
-1.126021185357847898e+01
-3.433809951368615998e+00
-4.160000899340607461e+00
-1.401187208891076708e+01
-1.310860256822140890e+01
-1.144974253675913900e+01
-1.136988001530847825e+01
-8.746332900461119664e+00
-1.370993731210705846e+01
-8.837743588123469607e+00
-4.148310730000545732e+00
-1.647650401902644646e+01
-1.461078030302532227e+01
-1.340183361539376783e+01
-1.316937570811923663e+01
-1.302719546973959019e+01
-1.121192313966274945e+01
-2.546147162170377953e+00
-1.162398624419547311e+01
-1.324651311520047337e+01
-1.611282160367295191e+01
-1.285413696555599294e+01
-3.750628303522804075e+00
-9.915012328261552099e+00
-1.271752056929659247e+01
-1.246499580864608170e+01
-1.368657440863021435e+01
-3.838438592110778647e+00
-1.581221378038993208e+01
-3.550006310941340892e+00
-7.037090587760840066e+00
-1.505174394187928577e+01
-3.178630977169379257e+00
-1.191132428549613742e+01
-1.079757279569003536e+01
-1.504471632502438538e+01
-2.113981818767927123e+01
-1.124874162697462587e+01
-1.311915955730459160e+01
-2.218364591209479375e+00
-1.597102514818826435e+01
-1.002153947028415537e+01
-2.110863421656921801e+01
-1.402018596274719009e+01
-1.263036192416409342e+01
-4.351772459330698339e+00
-1.078941971749380180e+01
-1.896291759168088475e+01
-1.124002838167601226e+01
-8.579668009789113370e+00
-1.104656013057539532e+01
-1.623214689381538989e+01
-1.378428426000447438e+01
-2.197657940080447680e+00
-1.348784664525864052e+01
-1.356181845222362981e+01
-1.349288969378734038e+01
-1.413161893363894173e+01
-3.865366079069963323e+00
-1.363257477516627070e+01
-1.180609425557303105e+01
-3.368805392782017627e+00
-1.189013813146756249e+01
-1.201101592160898868e+01
-1.290616163267057992e+01
-5.016361989244338737e+00
-1.346929125250164105e+01
-3.357315131182934564e+00
-1.333740514902757290e+01
-1.384053656213920469e+01
-1.257100838970577428e+01
-1.107955112428467714e+01
-1.390627985771470065e+01
-1.313862038901884866e+01
-3.647882152029384262e+00
-5.254367120965839355e+00
-1.130846719738500461e+01
-1.403624105591962135e+01
-8.878412525396303323e+00
-2.871448179127110478e+00
-1.178484422994430325e+01
-4.248350758574382269e+00
-2.883649784194634247e+00
-1.411823464223305535e+01
-1.372179185381117072e+01
-1.262472184348062498e+01
-1.364665714449715495e+01
-1.325610007003945867e+01
-1.751914436699226130e+01
-3.367059061193525604e+00
-1.256144016249598572e+01
-1.370644832610249431e+01
-1.435719225471578397e+01
-1.116528270691052782e+01
-1.529862384781516305e+01
-1.317213821336692448e+01
-1.368467676971255109e+01
-1.419975619929561539e+01
-9.682338274328827765e+00
-3.694543782924107678e+00
-1.370942532652389190e+01
-1.028680633339885198e+01
-1.199294778910186388e+01
-1.179706496079450773e+01
-4.055012705991120292e+00
-4.251657801593335506e+00
-2.090859133944805492e+01
-1.506047204938463580e+01
-2.250666961328265270e+00
-2.691714820954616894e+00
-1.225431041140764421e+01
-7.130498060774904445e+00
-3.800932429664934276e+00
-1.348819744784979946e+01
-1.437633898043097247e+01
-2.688805630270370894e+00
-1.017700822316769660e+01
-1.355451916385907474e+01
-1.261867359562345925e+01
-1.418663772822512215e+01
-1.286073611497013403e+01
-9.874122913236366372e+00
-1.377238159490278413e+01
-2.081433171201559063e+01
-1.193264361057656942e+01
-1.882229420343534798e+01
-1.332591132047547866e+01
-4.039795381296523047e+00
-3.992649215646550065e+00
-8.236746030045530631e+00
-1.351215341259462477e+01
-8.908117204136290823e+00
-1.389301052843015150e+01
-1.856656513359783744e+01
-1.367735342548271937e+01
-1.009899944416635975e+01
-1.192465818264489386e+01
-1.310712126561245938e+01
-1.172131629906184180e+01
-1.305557962158373897e+01
-4.988627083838773402e+00
-5.538290277205408785e+00
-1.464505826827186219e+01
-1.319422659362701467e+01
-6.037225083768143818e+00
-3.772076594955430018e+00
-7.308642301170396927e+00
-2.242353266964582481e+00
-1.351078451887659071e+01
-4.481631154871260847e+00
-5.828192775372288637e+00
-1.067089690943849334e+01
-1.268153849706610536e+01
-1.291102892751020015e+01
-1.238665456516683250e+01
-1.370588958890867559e+01
-1.214148784879508902e+01
-1.021514493833669057e+01
-1.239983547751037207e+01
-1.282524072050177111e+01
-1.460549437955193852e+01
-2.231486822236962819e+00
-4.146176631374366650e+00
-1.621506770087446014e+01
-3.063442857314622625e+00
-2.985795319861321406e+00
-1.271227888998921962e+01
-1.637962368551292514e+01
-1.050258986605840050e+01
-2.695142125601302396e+00
-9.060509003179477716e+00
-4.603266446356725439e+00
-8.058269193858878410e+00
-1.324614889686199959e+01
-1.280378116396559918e+01
-2.451461770546384855e+01
-1.385101604060947977e+01
-9.622044464564970312e+00
-3.864686903699415588e+00
-1.021225740661095749e+01
-6.257978260555317362e+00
-5.970385392401270863e+00
-1.787864432250501778e+01
-1.273614876323973100e+01
-2.693538141020356935e+00
-9.798744453421798895e+00
-7.348797159562876047e+00
-1.347437813509926485e+01
-2.505019327467090307e+01
-1.135826681516938663e+01
-1.217532195889989310e+01
-3.494051182154593427e+00
-9.314258506200372878e+00
-1.804991633769057557e+01
-2.005597068423264773e+01
-2.067695061648694654e+00
-3.837571699422614557e+00
-3.126972934238438029e+00
-2.605459370435401212e+00
-8.945470572780388707e+00
-1.614898943891368788e+01
-1.356866289503416745e+01
-2.910150953156960263e+00
-4.665816585367057456e+00
-1.044288147043724813e+01
-9.580479216531941233e+00
-4.701424052417178423e+00
-1.085137699469338735e+01
-1.309955153260003868e+01
-1.713125660684261575e+01
-4.901740711568365327e+00
-1.555711222065088783e+01
-3.679163620233769638e+00
-5.814059527364966229e+00
-5.490673325316235420e+00
-2.007630332606692036e+01
-1.132206587554690458e+01
-1.635834393757934890e+01
-2.009987494518761153e+01
-1.334357876221086769e+01
-7.100354548030212598e+00
-2.352816974713755727e+00
-1.312215547001852478e+01
-2.487760309947527304e+01
-1.233832677414491030e+01
-1.135608167531556845e+01
-3.927342698913638852e+00
-1.341536074519082611e+01
-1.233710010972268734e+01
-2.296224960290329165e+01
-7.625167102793107610e+00
-1.826010542375749779e+01
-1.380241608900508687e+01
-3.558561494233095424e+00
-3.120600370435953508e+00
-3.955659737403400822e+00
-7.658525559170102248e+00
-1.289273639196316523e+01
-3.564272312149282307e+00
-2.831878553306794721e+00
-1.119206098608710498e+01
-1.401151243364626531e+01
-1.293684525044730371e+01
-1.223386619067232317e+01
-1.454355311415588758e+01
-4.527677663604914748e+00
-1.255933641948220902e+01
-4.001695070691301481e+00
-1.260361444243517859e+01
-2.512312806395464282e+00
-7.787288019977687270e+00
-6.010113828916053613e+00
-8.568007199096745907e+00
-3.426516888218056778e+00
-8.892500899990194441e+00
-1.432341862544093480e+01
-1.408787248307850426e+01
-1.881902806031931163e+01
-1.283891703527985051e+01
-1.451482453972600872e+01
-1.525753739088241367e+01
-8.699199868457002438e+00
-1.345467557174950812e+01
-2.406259345386323023e+00
-1.882151911445430059e+01
-1.369678731348222911e+01
-6.981777380123925347e+00
-6.123906767131023443e+00
-9.592002078465544201e+00
-1.460740398530682604e+01
-1.208584544256386728e+01
-1.525061793895496010e+00
-4.629069419233965199e+00
-1.394609320366050831e+01
-1.405246465142577783e+01
-4.982205784789735858e+00
-1.201101592160898868e+01
-2.359245666737153613e+01
-4.179354872001860066e+00
-1.359323465435704215e+01
-3.496000111551015088e+00
-1.316611406925377814e+01
-3.580008045687316454e+00
-1.397718582252412567e+01
-1.155657989019162279e+01
-9.914311040235746830e+00
-1.121491355735986950e+01
-1.168391080570955154e+01
-4.065210223717830473e+00
-8.946226657414767303e+00
-1.178816653403562142e+01
-1.171460356594218943e+01
-1.063656081234553064e+01
-1.557311157886704933e+01
-2.973312694594374150e+01
-1.371056558301455652e+01
-1.433643440798502766e+01
-1.304556376711510168e+01
-6.989426615876862314e+00
-1.447823134591543948e+01
-1.096932118336094852e+01
-1.259265931184137166e+01
-9.087568988826408400e+00
-1.337611811308336840e+01
-1.617961842589022936e+01
-1.205452425558873486e+01
-2.531503255429974342e+00
-1.346188345545721532e+01
-3.639947477964151190e+00
-1.296538213410587659e+01
-4.683141830485542556e+00
-4.326547534878868895e+00
-5.694664954874400387e+00
-1.360279050768601827e+01
-8.006998109367238214e+00
-4.226298983458711689e+00
-1.862699295111680087e+01
-8.086856050576844979e+00
-1.179029570686124728e+01
-8.385488598377470737e+00
-7.440350528521016749e+00
-1.517144109294496346e+01
-4.696377374083591683e+00
-1.369771006816060854e+01
-3.856089620231218706e+00
-3.358571718421491159e+00
-1.358540523961646507e+01
-1.605092529656259259e+01
-1.341996484497672881e+01
-6.203620833524277067e+00
-1.566212956792286626e+01
-4.512677723837315469e+00
-1.303040914444481047e+01
-8.781949780091631297e+00
-6.689055607737892650e+00
-6.109773029471666561e+00
-1.854234539336447440e+01
-6.628236833513171611e+00
-1.327161380569330618e+01
-2.455257859212565119e+00
-5.422454438435075907e+00
-2.469699424314383940e+00
-1.052865810139821967e+01
-1.280961780421075780e+01
-3.251148125629363506e+00
-1.332516123431281940e+01
-1.872944225358719805e+01
-1.149790277508089353e+01
-1.335022437443548249e+01
-3.853193429505372691e+00
-1.507624279472283924e+01
-1.480244536441896841e+01
-2.327321108576172026e+00
-1.469540357374791739e+01
-1.369086484063781128e+01
-6.252487883808325542e+00
-7.086000851799368228e+00
-4.489892698774282209e+00
-1.338779862265011644e+01
-3.720347730609071313e+00
-8.492637420937732884e+00
-1.347983997089736263e+01
-1.273403173632153162e+01
-1.332699253530085137e+01
-1.312172089444207401e+01
-1.273191468290289663e+01
-1.930968355439403439e+01
-9.406361293793766620e+00
-1.328803151683791661e+01
-1.372883619846510683e+01
-4.423337819795419179e+00
-2.229003635458692845e+00
-1.289209254232775059e+01
-1.380356019831009284e+01
-1.384410598696065087e+01
-8.682842944501743432e+00
-1.133153643053661774e+01
-1.365445500256030265e+01
-1.294098856301712175e+01
-4.085691025840181290e+00
-1.752702076856592939e+01
-1.109380272099567755e+01
-1.488402486286741855e+01
-1.130172949728729037e+01
-3.390382889697749480e+00
-8.952566023527740668e+00
-1.106572904271208024e+01
-2.043272048075941072e+01
-1.074390882894905808e+01
-1.144634624654633193e+01
-7.083885767584106929e+00
-1.270272016998014841e+01
-1.329321585974229869e+01
-7.815985773640099055e+00
-9.818277160578022134e+00
-5.846811510735219208e+00
-3.762231783737532975e+00
-2.735133415909303700e+00
-4.655327216876379737e+00
-1.300820287818756427e+01
-1.085990755471952518e+01
-1.802458167966239344e+01
-4.969546955514883457e+00
-7.767001049062313811e+00
-2.064993101556780530e+01
-4.495762414235414894e+00
-1.745704577369057020e+01
-8.152352129218273902e+00
-1.290988233289979981e+01
-6.413053270757251845e+00
-1.198894730474703074e+01
-1.418324241605617964e+01
-1.024576111057566230e+01
-1.243127853081440293e+01
-1.276415771904137841e+01
-1.324205403878292486e+01
-1.345934563865636413e+01
-3.051373672502442069e+00
-1.214164046816286380e+01
-3.681290235144541345e+00
-6.056509826520362516e+00
-9.764993934725024971e+00
-1.348032257221668928e+01
-6.321328053835961747e+00
-4.456164222912462947e+00
-6.690918132954582376e+00
-1.311146649166730960e+01
-2.430496338013473423e+00
-1.610205627915269844e+01
-4.073685145646994243e+00
-9.070124252467937964e+00
-1.633800525596508635e+01
-1.336941328742921620e+01
-9.037061165721484102e+00
-1.170416657797187021e+01
-7.666510277931454453e+00
-3.719072361121313897e+00
-1.271192119062242298e+01
-1.237734766076845361e+01
-4.069957545218358952e+00
-2.338828753360048474e+00
-1.775340741294436597e+01
-1.304828853916278675e+01
-1.369621754856678209e+01
-1.162339413080488093e+01
-1.135660961133666902e+01
-1.020728258123456023e+01
-1.177536338722354436e+01
-1.090210154565171230e+01
-1.916548808617842425e+01
-1.403675007349854198e+01
-1.045962783812838559e+01
-1.238633108813349004e+01
-1.352148698866867704e+01
-2.119727898106624053e+01
-8.744426589588421450e+00
-1.538175269142127988e+01
-1.598016253479482707e+01
-1.412173416027399320e+01
-9.164540173285098845e+00
-2.282685582272834779e+01
-9.982437194920976253e+00
-1.371964045027127987e+01
-1.287779417181858044e+01
-1.177964723102744493e+01
-1.270932680512643742e+01
-8.172884893886021018e+00
-1.142837823788258511e+01
-1.026397977171318665e+01
-1.312121102343184020e+01
-1.033245062395447000e+01
-1.383239436282301327e+01
-1.077482544364846540e+01
-3.774049218254661664e+00
-1.308315979325238487e+01
-1.088578024676121458e+01
-2.599854601899048046e+00
-1.370730875929840487e+01
-1.365701999280792478e+01
-1.455049647381781419e+01
-1.452634942137165375e+01
-1.448672820636402214e+01
-1.052735475677642185e+01
-1.370730875929840487e+01
-1.344071990664123106e+01
-1.399230317025889647e+01
-1.222799887752699100e+01
-7.607382104904361952e+00
-2.092943934158571295e+01
-1.072214570724953475e+01
-1.223586239874393833e+01
-2.902503116185849663e+00
-6.609347836550695021e+00
-7.726223113628133632e+00
-1.342558288878880113e+01
-1.374488639112628618e+01
-1.382130655820738951e+01
-7.814198329827971357e+00
-2.897206851841491737e+00
-2.985706618336930518e+00
-1.188858078489048786e+01
-1.272798652256177476e+01
-1.190845459542702223e+01
-1.033068881050196808e+01
-9.775713812466159780e+00
-1.278792436239916341e+01
-3.455960563918821116e+00
-1.103322288548515751e+01
-7.415177873000559750e+00
-1.370730875929840487e+01
-1.292843713427720864e+01
-9.829536593835548786e+00
-1.112115018206220540e+01
-1.030015849005341799e+01
-4.354182030467855569e+00
-1.372988963668422180e+01
-1.913729333359110640e+01
-1.375917699403668415e+01
-1.473569054616988616e+01
-2.554732381929240503e+01
-3.603198877178433790e+00
-1.656847400432781470e+01
-9.885677082133167204e+00
-6.150025984038858695e+00
-1.272969319515411435e+01
-1.360232713623844703e+01
-1.160144642108995150e+01
-3.438568614921087008e+00
-7.357980810042136000e+00
-1.887424281241029789e+01
-1.026847431735999905e+01
-1.255396079216894911e+01
-1.366171607358967499e+01
-1.657077328003558137e+01
-1.229959189390318741e+01
-1.491739055972822214e+01
-1.334824250200597895e+01
-2.660444029003710575e+00
-5.086960792256062014e+00
-4.150069545678654492e+00
-2.807261806521753389e+00
-9.978207537359860879e+00
-1.344556178404095093e+01
-1.144585263052785074e+01
-1.367889666051530995e+01
-1.119384503025268884e+01
-1.878989199799452692e+01
-1.395886037167534965e+01
-3.936324051096283583e+00
-4.266464949263016670e+00
-1.003805210688447325e+01
-1.299513471519857433e+01
-1.331816034351117572e+01
-3.047515927660060076e+00
-3.119295216332822029e+00
-1.337255739433630986e+01
-1.349151010048430699e+01
-7.913250661297364097e+00
-1.737514711846418436e+01
-1.348196912754923105e+01
-5.045244831496657589e+00
-4.549493834223405919e+00
-1.315572033135483565e+01
-1.199294778910186388e+01
-1.501239874317837852e+01
-1.331793377732734385e+01
-8.626487796189984181e+00
-1.354991396690493310e+01
-4.337737949634124845e+00
-7.090935824445501190e+00
-1.751274847693974834e+01
-4.141266300023620950e+00
-1.623610728672488790e+01
-1.319515584860600832e+01
-1.370321408905377680e+01
-1.522057610597129518e+01
-1.391959168734559604e+01
-1.201621114139624957e+01
-4.471495342824864494e+00
-1.184047447540668863e+01
-7.371926042199543616e+00
-4.925307050320332003e+00
-1.230500045469825743e+01
-1.574484228796381124e+01
-1.420618783061626189e+01
-3.349409718146076909e+00
-1.002153947028415537e+01
-1.195070618282510111e+01
-8.977084233666854374e+00
-1.354056584632250626e+01
-2.843350370389328674e+01
-2.865758929537492339e+00
-1.221611013873141616e+01
-1.327065809580964384e+01
-1.889652889716137452e+01
-7.451628320586912047e+00
-1.514487666780405384e+01
-3.892158160838600445e+00
-1.512946197877016630e+01
-1.534672954378963539e+01
-1.159351141858932088e+01
-4.937057917173206967e+00
-1.022514094267563678e+01
-1.881039610412268814e+01
-1.276468442399754366e+01
-1.328625341986420771e+01
-1.180533101082787439e+01
-1.094755837882395788e+01
-1.225932295048042775e+01
-1.739353457667924374e+01
-8.703617194191966888e+00
-1.179897365877894799e+01
-1.494723299100545688e+01
-1.183141060922469734e+01
-1.703921833875562797e+01
-1.212920002439252620e+01
-1.363327891924965485e+01
-1.333523242012648424e+01
-1.355398480976450060e+01
-1.109877759094784544e+01
-2.249421905953229128e+01
-1.993315928113279512e+01
-2.496664649536416647e+01
-4.074027244732439712e+00
-1.043739870305648942e+01
-1.175851367468315622e+01
-1.696614052681058737e+01
-2.841772019608464372e+00
-1.314131930484578703e+01
-6.141200038047196941e+00
-1.179452514569642929e+01
-2.635130285819774265e+00
-1.496695616806189300e+01
-1.341345771610128779e+01
-1.675081391626840954e+01
-2.481576531755340209e+00
-1.624559932549609442e+01
-2.134159563639446944e+01
-2.439356203201885975e+01
-8.791975758389559914e+00
-3.965215338754720431e+00
-2.366911332564537673e+00
-1.383113814383001028e+01
-3.847436380369574582e+00
-1.205069999562293859e+01
-1.350435980609178976e+01
-1.485019053408344014e+01
-1.504426187746262578e+01
-1.566745300345417391e+01
-1.556416888502380758e+01
-1.329384999023288749e+01
-4.154785661971351907e+00
-1.592755669329939039e+01
-1.530121441686575601e+01
-1.738714421293686030e+01
-1.619044479070996090e+01
-1.513730791709870260e+01
-1.293648518814884518e+01
-1.181291895304342887e+01
-1.177873657055218892e+01
-4.639769798061442074e+00
-8.488915728990713205e+01
-8.809992065152572494e+00
-1.374838377319803939e+01
-6.364967853964548894e+00
-1.023555316186917175e+01
-2.801473372906148729e+00
-1.057350593395275773e+01
-1.182732105223142405e+01
-1.065016189578103223e+01
-1.208723429437291763e+01
-1.299751510042037417e+01
-1.462902778308704654e+01
-1.274130255682945290e+01
-1.327317167507474593e+01
-3.929300289747764019e+00
-1.384554191248755650e+01
-1.721083809903568351e+01
-1.384510716653159967e+01
-4.255955370065467314e+00
-2.105023607264184804e+00
-1.407860102782964518e+01
-1.009566313231091961e+01
-3.297410391214591563e+00
-3.243952833202735420e+00
-1.348266966211222950e+01
-5.150229882439615103e+00
-1.602130320168275190e+01
-4.012992237917289096e+00
-1.373180457078176353e+01
-1.470712485682802928e+01
-9.882428367418851778e+00
-9.567351797397369850e+00
-8.208314658892710725e+00
-1.049010374822388592e+01
-1.157466831293628928e+01
-1.059495292659404164e+01
-1.349489545895297660e+01
-1.354183836658744866e+01
-2.304473619185923638e+01
-8.438935132771405279e+00
-1.430896254773039367e+01
-8.816975434951467960e+00
-1.554942170964035775e+01
-7.531725138982945822e+00
-1.401077724510491507e+01
-1.238825258617384684e+01
-9.281340390926748896e+00
-1.072665855937757051e+01
-3.160713506933736205e+00
-1.935381408173001816e+01
-3.074561138977348840e+00
-1.838356829935895220e+01
-1.452697781055850079e+01
-3.780764536723097979e+00
-1.486687686068649228e+01
-1.806829375557638429e+01
-3.710585946623708775e+00
-1.505983376850497812e+01
-1.345239291502679357e+01
-2.158721404261551058e+01
-3.257906445878522295e+00
-1.241934909820405686e+01
-1.372275596382860741e+01
-1.879133489391149681e+01
-3.634781026900888445e+00
-1.924545513311404576e+01
-6.616957556523274775e+00
-1.381309562755281206e+01
-1.342777785747739472e+01
-9.615650283460436043e+00
-1.364551893710311425e+01
-1.864288952587365245e+01
-6.568138720430700239e+00
-1.265255203057094491e+01
-4.020373724527305015e+00
-4.105688818976561016e+00
-1.487111675795974541e+01
-1.664885504339655853e+01
-1.422712814909291623e+01
-5.416509263619395220e+00
-1.378604168666153207e+01
-5.876777189054865680e+00
-1.170233595871651922e+01
-1.394097821483589250e+01
-3.787011688130900833e+00
-1.209538910552336688e+01
-1.436299702573987069e+01
-1.881974900155940844e+01
-5.104237315961909438e+00
-1.026365777555469272e+01
-1.184543120262936711e+01
-4.939740348147457993e+00
-3.837629121966875001e+00
-1.162534752045815800e+01
-1.380254664998747494e+01
-5.855504401018253979e+00
-1.328719271753294429e+01
-1.368707246880831008e+01
-1.128718916487310153e+01
-9.188175380651895097e+00
-8.164116344645153234e+00
-6.984880658355620220e+00
-1.607116123614926551e+01
-1.317432573298347087e+01
-1.335781417667997317e+01
-8.547209989293543586e+00
-2.070056216559337159e+01
-6.870219550800334751e+00
-1.365690834239205209e+01
-9.488010253623325951e+00
-1.791342130908259023e+01
-1.387996527837256266e+01
-1.181360885912834924e+01
-4.266302572332327792e+00
-1.369270503949901041e+01
-1.363144577789371326e+01
-5.622212747995209092e+00
-1.337265816658571893e+01
-1.414549078348963640e+01
-2.174159010786383917e+01
-3.121788356726932001e+00
-1.262578160313472075e+01
-6.519448415736811775e+00
-1.199964046047992738e+01
-1.307090457108574988e+01
-4.165285127968279433e+00
-2.283091648083679104e+01
-9.048251710033209605e+00
-1.830794400865856630e+01
-1.807786321655556350e+01
-1.419871006180424544e+01
-1.089404357647118005e+01
-1.157499732248011348e+01
-4.291759182882585399e+00
-1.309081427017670762e+01
-1.090573791340896825e+01
-3.959530953689589516e+00
-1.242922749970843554e+01
-1.743990078610653782e+01
-7.667325904110844803e+00
-1.222139536964767181e+01
-3.751532316979866000e+00
-3.081952507011384235e+00
-1.767833529100131429e+01
-1.180024611396639855e+01
-1.264685087260732033e+01
-3.731463921931601480e+00
-3.177864230679393831e+00
-3.764890057736397289e+00
-1.444464264815831633e+01
-7.554134661282342122e+00
-1.365192784396056069e+01
-2.494778019124995527e+00
-8.643582899692255239e+00
-1.340297329816606542e+01
-3.065610582327954692e+00
-1.507183887555682844e+01
-1.365895032462094605e+01
-1.177980013013680072e+01
-1.425358394951366137e+01
-1.484528734840367292e+01
-1.197114860142736248e+01
-3.494243937664006872e+00
-1.618408445316492816e+01
-1.304727334552191564e+01
-1.425637507801705972e+01
-3.013240967517450297e+00
-3.739012913726456500e+00
-5.125916912404441916e+00
-3.237956326285795772e+00
-1.166968304885722141e+01
-6.435995933747545195e+00
-3.725950839185511398e+00
-5.032558474138767224e+00
-1.258168710586511629e+01
-1.245917867860574724e+01
-1.049506641332536461e+01
-1.345610614365675062e+01
-3.054001527256843040e+00
-1.385998679198763739e+01
-1.463657098834427828e+01
-1.244843928202062955e+01
-5.336653216322611470e+00
-7.738013101649881875e+00
-1.366077337301117467e+01
-1.403674085943738170e+01
-1.362281352332986906e+01
-1.577617402441177674e+01
-1.388856199976606298e+01
-1.370730875929840487e+01
-1.366281670486867661e+01
-1.354955042370699481e+01
-4.933737741837151525e+00
-3.358134587560021700e+00
-1.785431300857903381e+01
-1.429510958495640338e+01
-1.125205372523752878e+01
-3.948940222927435961e+00
-1.258836100204560893e+01
-1.181643245595195424e+01
-1.414853875379298032e+01
-1.047445887687061195e+01
-1.404018867815128857e+01
-1.610044291342875766e+01
-1.358274957855936371e+01
-8.924381759674918868e+00
-1.482532457144750637e+01
-1.361782292809749784e+01
-1.274567767527835116e+01
-8.045375042844746361e+00
-4.587103155623260875e+00
-1.408782682711362177e+01
-3.146279116182511437e+00
-1.399372665038498198e+01
-1.216196829788006895e+01
-8.134107632570357183e+00
-1.501883022458775407e+01
-1.629200785550724717e+01
-8.806036452461743380e+00
-1.785247361007139588e+01
-1.158753875672039513e+01
-1.239925993148728445e+01
-4.075951846056344863e+00
-1.147207765218177045e+01
-9.667339698826522110e+00
-1.441963850422115634e+01
-1.320991106579350216e+01
-1.386905349347188654e+01
-7.483720232609750944e+00
-1.387315597093195940e+01
-1.503251690450884759e+01
-1.821447446475514198e+01
-4.813784930085361680e+00
-5.882609358791328624e+00
-1.337888065674413163e+01
-4.017854755553459611e+00
-4.880916058356475240e+00
-1.370730875929840487e+01
-1.231470782442108991e+01
-1.394818431519792945e+01
-1.512653629150942614e+01
-1.880658922673304545e+01
-1.360589082384204396e+01
-1.126250179265342943e+01
-1.364595223768788124e+01
-1.360367549986478686e+01
-4.543651645930266270e+00
-1.170712008810134996e+01
-1.850201040401088903e+01
-4.179140097509705498e+00
-5.797589947434008018e+00
-1.343495653028247361e+01
-1.015863352106714146e+01
-1.368230298468902362e+01
-1.788920102095298148e+01
-3.793141191444488580e+00
-1.074969930404559904e+01
-1.244034290212539418e+01
-1.345497387958559798e+01
-1.393902946887829408e+01
-2.042113193427113949e+00
-2.732635941966465420e+00
-1.300595029106982814e+01
-3.375854829934501034e+00
-2.945621660431496203e+00
-1.893866201268455285e+01
-1.422355693380828434e+01
-9.628556862018536222e+00
-1.370552604571073729e+01
-1.375071521599819313e+01
-1.853004199380451311e+01
-2.946692783788268599e+00
-1.614501711286417418e+01
-3.733632056524996301e+00
-2.507455637451397834e+01
-1.125093816873592623e+01
-1.415456934530722144e+01
-3.614828335901778100e+00
-8.242855007740308437e+00
-1.598934895419878366e+01
-1.287877835279082461e+01
-1.197428695537763232e+01
-1.057151485394284052e+01
-2.405283800848613041e+00
-1.381074809542589854e+01
-8.691783328581623280e+00
-1.184124300561138732e+01
-5.780000156996734084e+00
-1.345708805842174982e+01
-1.356266150823045535e+01
-2.038901397936315973e+01
-1.354288839383780818e+01
-1.198981935049097736e+01
-5.096627973163667669e+00
-1.567315772401618901e+01
-1.153596361196212250e+01
-7.133916493837850759e+00
-1.438433590308883403e+01
-9.551515013976388246e+00
-1.113594445022604518e+01
-1.221160222471057999e+01
-1.251631076815959709e+01
-4.664486094296879770e+00
-1.026556925808260878e+01
-1.334464461068303542e+01
-3.771752621613334799e+00
-4.458053992843907132e+00
-2.617901536496006987e+00
-1.092870548333267955e+01
-1.752329874900651419e+01
-1.560634624800693082e+01
-1.339953269902384037e+01
-5.352852298069828763e+00
-2.194434928213265579e+01
-5.077934166714531017e+00
-1.402621964263512844e+01
-1.281206090327611236e+01
-1.302008200530389814e+01
-1.451896414381825551e+01
-1.197193110469444122e+01
-1.929562919105843832e+01
-1.049439273321667621e+01
-1.356113506531655410e+01
-9.496286676742728972e+00
-1.118012369271467321e+01
-1.961971807609961616e+01
-1.479964804672111534e+01
-1.370978975496274366e+01
-5.160015450974301920e+00
-1.481453226522554978e+01
-9.798991530233463365e+00
-1.286580585497240392e+01
-1.342951332620794958e+01
-1.176442676794779452e+01
-1.206875777424627927e+01
-1.105019044827175456e+01
-1.600395672681169046e+01
-2.530691167043630063e+00
-1.889477974570008456e+01
-1.134254629962402028e+01
-2.805371201152226490e+00
-1.297409922322859899e+01
-1.331622659857887925e+01
-3.556282243742943550e+00
-1.091769650416947002e+01
-8.684202576480778646e+00
-4.420743697713740872e+00
-5.635414751095785491e+00
-1.171639774419740476e+01
-1.203411516683251037e+01
-2.047954991091242238e+00
-7.316632992718361983e+00
-1.401177164069068937e+01
-1.706569083492608385e+01
-1.394278461889883225e+01
-1.371645911202612922e+01
-1.066437719769474235e+01
-1.335402710157861605e+01
-1.178600009396707193e+01
-7.660709400459376539e+00
-2.999620890682930252e+00
-1.148011881419933644e+01
-3.784086212604879318e+00
-9.314510058581976892e+00
-1.276261993943703743e+01
-1.217532195889989310e+01
-1.318102944489289641e+01
-1.368611919805791821e+01
-1.938677650508296324e+01
-1.110318414879841775e+01
-8.922900924368381226e+00
-9.899019437663255871e+00
-1.345154591806130462e+01
-1.138123424348364665e+01
-1.264950853619654048e+01
-1.325043202251872643e+01
-1.347006236531933787e+01
-1.018629240614102649e+01
-1.345323435481825669e+01
-1.370552604571073729e+01
-1.370644832610249431e+01
-1.111407682172346156e+01
-1.634648199725148388e+01
-1.308798317698989955e+01
-1.080277620055317556e+01
-1.819481875116710157e+01
-2.844383443153181368e+00
-1.355133313729466060e+01
-7.582411699278686079e+00
-1.370552604571073729e+01
-1.883606533424866569e+01
-1.270595384720633270e+01
-4.068610928858626075e+00
-5.560362440364107428e+00
-1.566275570000374273e+01
-2.033130475734846598e+01
-1.442048458441841952e+01
-1.135705857996739532e+01
-1.347548167903010352e+01
-3.960502864809756218e+00
-3.431070164999965311e+00
-1.388081859058022971e+01
-1.197210027817631506e+01
-1.567291675901306292e+01
-4.136139340516343132e+00
-1.644109146223608064e+01
-1.945085026452023769e+01
-1.408778853391977215e+01
-3.817437893365101864e+00
-1.888668939140083580e+01
-1.307247131783516281e+01
-1.288831883480207452e+01
-1.315590499434338767e+01
-8.745198966266679363e+00
-3.103994377026656259e+00
-1.398780930673307310e+01
-8.015892686923109522e+00
-1.356475475420656629e+01
-1.383465258539557929e+01
-1.566548365653097719e+01
-1.665252999713847259e+01
-1.001002954802198452e+01
-1.232973884647504192e+01
-1.338249888031153034e+01
-1.376510874045591137e+01
-6.958965287454376814e+00
-8.860139894710011177e+00
-1.330094825292075278e+01
-5.156349230885279411e+00
-1.332263308047753370e+01
-1.148308408299436856e+01
-4.472930128833141339e+00
-1.077604772307676306e+01
-9.613972547208343045e+00
-1.213097329891584764e+01
-7.934304904491590094e+00
-2.700427735510335658e+00
-1.031385296651069261e+01
-1.360410478916438137e+01
-4.550674558955931204e+00
-1.365230212117197262e+01
-3.563856875891869169e+00
-1.775525057831973896e+01
-1.366557572092086481e+01
-1.519628103327309887e+01
-1.521187976299591149e+01
-8.322755985061446538e+00
-1.556370690027494597e+01
-3.970046321459172134e+00
-1.345523613260020035e+01
-1.148712653855587718e+01
-1.368427761048751812e+01
-1.454185680342162890e+01
-7.660713513800579300e+00
-3.867349807633898351e+00
-2.207148495349902095e+00
-2.758352112878552198e+00
-2.946912693019191121e+00
-2.288395452522176399e+01
-1.425721425275502874e+01
-1.514863618844394111e+01
-9.966115153942368465e+00
-1.122698491019559164e+01
-1.401792010763420038e+01
-1.555256301952858067e+01
-1.232833360379198595e+01
-1.187659916965980500e+01
-1.268832431778172598e+01
-8.694568683164549228e+00
-3.089189599640152828e+00
-5.212244600821221319e+00
-3.892442334145685745e+00
-1.126953313417543967e+01
-1.276758736096831726e+01
-1.332460973634685075e+01
-3.300208383387527533e+00
-1.485594277794383444e+01
-1.097720230807346731e+01
-1.189911495022943200e+01
-1.450910570221898510e+01
-8.204129116760352503e+00
-5.427935006337094137e+00
-4.648278316911865105e+00
-1.400618775461297361e+01
-5.468899437896601157e+00
-2.804976544711386310e+01
-1.160072309712093919e+01
-6.969513096021949572e+00
-9.355053928614216474e+00
-9.648890162349196942e+00
-1.004077365999378735e+01
-7.943131058346832418e+00
-1.599440884628899617e+01
-1.303425084741782847e+01
-4.115148395177811835e+00
-1.374747800689891442e+01
-1.600789548075735880e+01
-1.159920351823769558e+01
-1.292124678771133084e+01
-1.336012801027874630e+01
-5.418765162486084641e+00
-1.233047235412096043e+01
-4.026532970598785788e+00
-1.266801415332485092e+01
-8.924969852882412624e+00
-3.973180811882276231e+00
-1.331455857056415581e+01
-1.126452246832658943e+01
-6.733619008450345333e+00
-1.905023066938152354e+01
-1.348730129553107027e+01
-4.108625071371271531e+00
-1.177191608259258082e+01
-1.589485967190398519e+01
-1.470409190242503250e+01
-2.406734300146656835e+01
-1.487287056784285966e+01
-4.809737026398135384e+00
-1.996242666234964958e+01
-3.021197129278041960e+00
-1.275779780274281094e+01
-1.346288759923570133e+01
-1.245602665693891709e+01
-1.354545525686611107e+01
-1.397962085057850778e+01
-1.339628420103482931e+01
-1.371669232990160303e+01
-1.335193589342054388e+01
-1.380917079877583298e+01
-1.321428203657266565e+01
-1.464676921808301202e+01
-2.570656195846484859e+00
-1.319379351298861991e+01
-8.532093109945874332e+00
-5.367886631467198022e+00
-1.323808263936710539e+01
-2.287682207741005946e+00
-1.380786846580603466e+01
-2.229771317606693515e+01
-3.923242179401189134e+00
-1.341256241598702381e+01
-9.739333458236094643e+00
-1.063072119009167871e+01
-5.102783730787948890e+00
-1.503923442298625623e+01
-1.587369413464065460e+01
-5.999229548758068020e+00
-5.926185600021486977e+00
-1.320609332129189362e+01
-6.518846182134174327e+00
-1.148552201561730612e+01
-1.390551126277158289e+01
-1.197428695537763232e+01
-1.345773172442044796e+01
-1.113024921310485560e+01
-1.571733397954897882e+01
-1.340634095167714435e+01
-1.399938527255116760e+01
-1.347676659661480159e+01
-3.487110871424369929e+00
-1.460069375788834378e+01
-1.359911946113835057e+01
-1.147889501838155191e+01
-1.388744500616264155e+01
-3.414555628768888518e+00
-4.005766240504429199e+00
-1.365269424763958916e+01
-1.364497989347433915e+01
-1.370786749649222358e+01
-1.152323366866971810e+01
-1.877028703970982448e+01
-1.350602519823829439e+01
-1.548969045505218034e+01
-1.149265778443776398e+01
-1.782136940281072768e+01
-1.228065479587803743e+01
-2.180708131237228287e+00
-1.475266673458193445e+01
-1.331868588737441428e+01
-5.796273355100828972e+00
-1.247435303081219971e+01
-8.300972560315184268e+00
-1.437288593158460337e+01
-7.584614053563079494e+01
-1.162529529409481377e+01
-2.002160581674862172e+01
-8.204506868885713899e+00
-1.141630953031313922e+01
-1.363397293649345521e+01
-1.392288245402174240e+01
-1.362788788630277992e+01
-1.604978716839047692e+01
-8.143205925355085029e+00
-3.364640205220656988e+00
-1.145929704658302661e+01
-1.505923986147633897e+01
-1.370730875929840487e+01
-1.762355580310973480e+01
-1.114763216731037154e+01
-1.021182743022779071e+01
-2.177055330544814282e+01
-8.544633751399162591e+00
-1.217875610186210977e+01
-1.066934167589723970e+01
-1.370410687532100980e+01
-1.368826662114435067e+01
-1.260057707656395110e+01
-9.960166595286223057e+00
-1.950883584897034595e+01
-2.484442714002173425e+00
-1.151887992045924669e+01
-1.571974602122421061e+01
-1.483086394648357143e+01
-1.871533088741935202e+01
-1.869673335658692892e+01
-9.855175643739475078e+00
-1.412331918998903468e+01
-9.142122154812778234e+00
-1.856005625026961781e+01
-8.825680121733114447e+00
-1.186071906721405611e+01
-9.320393979420126485e+00
-1.254888332038801835e+01
-1.307163802326977375e+01
-1.525627482221461406e+01
-1.487045209033182402e+01
-3.226853167734595740e+00
-2.178773802119931347e+01
-8.710940770922334764e+00
-1.216431449120577213e+01
-1.227064573847774120e+01
-1.366083567495305751e+01
-1.061245228026328924e+01
-1.738859095623019968e+01
-1.350353110108274457e+01
-9.560238983925549050e+00
-1.049572522337393643e+01
-3.566206416520643963e+00
-1.267603247242482922e+01
-1.373779179703756448e+01
-4.096593565530265657e+00
-3.768905550064522547e+00
-1.324066319661512026e+01
-1.339827164039379959e+01
-1.770807448264767103e+01
-1.388856199976606298e+01
-1.353810598780594709e+01
-1.063449988221842446e+01
-1.676711136753128528e+01
-1.347048519893480112e+01
-1.199294778910186388e+01
-2.508772783299180631e+00
-4.485541212894545993e+00
-6.768749849382589723e+00
-1.451129299484028223e+01
-1.164107516202339632e+01
-1.395758161032521194e+01
-7.040267092517389358e+00
-1.183159523787613665e+01
-1.233890726537078208e+01
-4.038604011244861347e+00
-1.746829382905585959e+01
-1.651886595289932558e+01
-4.900492656140565728e+00
-1.736609050121460740e+01
-1.676105587707975175e+01
-3.460002984143519811e+00
-1.038946478040727150e+01
-1.550526277207388048e+01
-8.939416041794151724e+00
-1.462231655106235806e+01
-2.924916632501775471e+00
-1.363655855807422768e+01
-1.397851597285474767e+01
-1.369086484063781128e+01
-6.253746908238967173e+00
-1.915795391945374604e+01
-1.134417139730408586e+01
-1.363109542626772530e+01
-1.372788827548444601e+01
-2.247092436252160041e+01
-1.323104514612368021e+01
-7.373185384526680153e+00
-1.842336775826393591e+01
-2.690998920151482565e+00
-4.170510186549493348e+00
-5.323174100462567893e+00
-4.228707028735392726e+00
-1.350674229898499767e+01
-4.070589884653064594e+00
-1.365522532739548289e+01
-5.960191685255972871e+00
-1.240125553627878752e+01
-1.256877552070389115e+01
-5.701932788726477241e+00
-1.196436758734505190e+01
-1.407063062760335903e+01
-1.340543875575129462e+01
-1.817555781076400834e+01
-1.023748462617087185e+01
-8.708401814344966851e+00
-8.230407523208814524e+00
-2.652999184398401766e+00
-1.666440557066801631e+01
-1.386029429253337497e+01
-1.591676988498820222e+01
-1.138878275245248339e+01
-1.115500057966344194e+01
-1.367484327782612752e+01
-1.131296489960942786e+01
-1.333894976873025584e+01
-1.144469444818235360e+01
-1.203394297996591433e+01
-1.370752457653898482e+01
-1.405742845522697237e+01
-9.384856273521993586e+00
-1.197659829226277672e+01
-8.717552732739770605e+00
-1.186161881892030401e+01
-8.925492300239973531e+00
-1.161362843491023611e+01
-1.506340697515358684e+01
-3.712037200031933271e+00
-4.042814058258374033e+00
-9.804758720444278097e+00
-1.154985453579957699e+01
-1.365054682302277733e+01
-1.318965961774973117e+01
-2.701365761945518784e+01
-3.581787556824197694e+00
-1.356163147695333393e+01
-1.235963676708708014e+01
-1.018115104435809570e+01
-1.388152307796856100e+01
-1.276154273183333387e+01
-1.154366951338335667e+01
-1.913257753873736888e+01
-1.190121873496519278e+01
-5.010199628528696714e+00
-2.048410775184719590e+00
-3.265421821382203049e+00
-9.757351847689466950e+00
-1.207211871535453795e+01
-1.381810179779285264e+01
-1.642306258221400839e+01
-1.286554909947198411e+01
-1.555759372585140987e+01
-1.371982949105149352e+01
-1.199294778910186388e+01
-6.860805638044439547e+00
-1.998559604130398526e+01
-2.766847155818548565e+00
-1.540119225855288221e+01
-2.706879682395362252e+00
-3.223457417572633155e+00
-1.265632024561510072e+01
-7.867314934571822960e+00
-1.571974602122421061e+01
-1.197616035984513694e+01
-2.161945204430620393e+01
-1.107590203069636203e+01
-1.270695469071152139e+01
-2.763271047671957081e+00
-1.299547773496389169e+01
-9.579153107160946590e+00
-1.158562942436111598e+01
-1.547135244327415826e+01
-1.098206392142766852e+01
-1.578101946820747514e+01
-1.384803153780048923e+01
-4.128101056698339377e+00
-2.807731825172575135e+00
-3.661120608389695441e+00
-1.798022492505807790e+01
-1.591678064777938317e+01
-1.283048112482751435e+01
-1.753779058834804161e+01
-1.187941554127763588e+01
-9.682025147333183313e+00
-1.371863210516031018e+01
-1.803500587553971002e+01
-1.005814989433759266e+01
-1.547959327992491119e+01
-1.268652436028872543e+01
-7.857033766819666809e+00
-2.413938032846923765e+00
-1.415696931936129133e+01
-8.940396992704721768e+00
-1.521166062179134215e+01
-1.457653107584666508e+01
-1.371983159873439106e+01
-7.721301642913825702e+00
-1.385375264944266682e+01
-1.444471113910165982e+01
-7.062796354660783926e+00
-1.236221319739446756e+01
-1.263231638753137354e+01
-1.106541537997641633e+01
-7.024299726877168304e+00
-1.372748499651570242e+01
-1.202662171754878884e+01
-1.131478988126784913e+01
-1.266800882285857810e+01
-1.212763972785979583e+01
-1.217617138681649891e+01
-2.476094206283341759e+00
-1.462072932621086885e+01
-1.294876984091921202e+01
-1.341583564223450864e+01
-2.860605989849060116e+00
-2.261469949621839248e+01
-1.261000007617892393e+01
-8.420351251004163373e+00
-1.085096559395462812e+01
-1.131015293525686438e+01
-1.311705900749523046e+01
-4.668801168571755866e+00
-3.592094450261946292e+00
-3.626273830073528437e+00
-3.041270720099576330e+00
-1.076807041542255661e+01
-1.342564059258375764e+01
-1.384862394546565056e+01
-1.368058633946498226e+01
-2.097620427008374921e+00
-2.169178822176156984e+00
-1.080815505388712161e+01
-2.258776915092304272e+00
-1.287545302200566333e+01
-4.992716353346167146e+00
-1.245655595989119035e+01
-9.005934086350068313e+00
-1.314964145644999505e+01
-3.954866972325262520e+00
-1.857383271612476960e+01
-1.659739419229571666e+01
-1.379223657463071540e+01
-2.534429372868959973e+00
-1.913933659335084059e+01
-1.173112119814783405e+01
-1.830544615410575560e+01
-3.479446251944866564e+00
-1.961311235024864530e+01
-1.249282733249185107e+01
-3.763070739418841182e+00
-2.353349016985373243e+00
-3.397333002925591039e+00
-3.079923101987917633e+00
-2.478901920567667450e+00
-4.882578711582849174e+00
-1.753213756162053016e+01
-2.147540641373351278e+01
-1.353019820797638850e+01
-1.289164323431727155e+01
-1.443794185570783384e+01
-1.404871899826625103e+01
-1.445043903771362359e+01
-1.100852925840258223e+01
-1.449129290501070599e+01
-3.039007443714745627e+00
-1.898573619945475244e+01
-6.803125193499891310e+00
-1.268497386793313808e+01
-1.323668954318622681e+01
-6.092608660110841790e+00
-1.084638956172026703e+01
-5.186183334496055508e+00
-1.508254337478661711e+01
-2.267988615626281046e+01
-1.281214127735854369e+01
-3.247541840244988265e+00
-1.465497553154526855e+01
-3.415352648071407149e+00
-1.212334529980538633e+01
-1.588112858575039432e+01
-1.039276569805391759e+01
-1.219902023639823696e+01
-1.154976302489102302e+01
-1.175607177178791041e+01
-7.243638805511245060e+00
-1.451112732263294092e+01
-1.259515788905646794e+01
-1.349542220263905179e+01
-1.946241736732857319e+01
-1.364161390382093231e+01
-1.272825563087046774e+01
-1.371743526030073568e+01
-1.083689374150353935e+01
-3.935620223111388150e+00
-1.220595179833257049e+01
-2.644570448308735777e+00
-1.641324660563303794e+01
-1.369291427048790233e+01
-2.407299956592398704e+00
-1.225005439116084638e+01
-2.721806067271105078e+00
-1.199294778910186388e+01
-8.333573953828846470e+00
-1.547033655131808594e+01
-1.264478525644292617e+01
-1.369968181502344429e+01
-1.450051832075727631e+01
-1.743990078610653782e+01
-1.110489341902997218e+01
-7.910328041630296347e+00
-1.830924496611256913e+01
-1.740596786167835219e+01
-3.720477278215780004e+00
-1.272598048404414328e+01
-1.268894196305320854e+01
-9.340521216994845943e+00
-1.290506500783440380e+01
-1.279459435636526976e+01
-1.356145963829698964e+01
-1.858937373851162178e+01
-1.352385866496150868e+01
-1.670091734408085316e+01
-1.339493097153090950e+01
-9.452677873549854226e+00
-1.310465061229589345e+01
-1.368785138131365997e+01
-1.467367989077184731e+01
-8.608426770425449348e+00
-1.552539190215993337e+01
-1.402059345816943470e+01
-1.338121153634909710e+01
-1.307730957162485019e+01
-8.250341613086202841e+00
-1.127041726586626780e+01
-1.313278817688517996e+01
-1.366055312073585526e+01
-2.092883871017408470e+00
-1.242137841090557870e+01
-1.303405216534581967e+01
-1.344608844980629314e+01
-1.940611218954790829e+01
-1.381171455413950078e+01
-9.945708511979731270e+00
-4.533471688791907539e+00
-1.540773985792877809e+01
-7.535220961127109263e+00
-1.179991957953319393e+01
-1.388907727656761004e+01
-1.301073237756066447e+01
-1.648861666859341568e+01
-1.550157920143544210e+01
-1.354128985156479636e+01
-9.590533126435945022e+00
-7.783632322643339485e+00
-1.043433396831165716e+01
-1.094499864408984280e+01
-3.010639731670197161e+00
-2.260497899497225305e+01
-1.348680700992949433e+01
-1.115451106398113623e+01
-8.013548533152118125e+00
-3.317618197520579404e+00
-1.801861672585530272e+01
-6.582937807267621011e+00
-1.076930061022626717e+01
-4.098660455550140469e+00
-1.353820455371110931e+01
-3.221660035308947290e+00
-1.094546267442826526e+01
-1.531164305536292503e+01
-3.188187442806224681e+00
-1.366419404557193396e+01
-3.407595258986137132e+00
-1.077686674450814586e+01
-2.359279809150579776e+00
-1.818318860620972188e+01
-1.335102711705003919e+01
-3.499014806676321587e+00
-1.377169109223996202e+01
-1.410946492127410501e+01
-1.296111050265913889e+01
-1.371672476826940290e+01
-2.775299172505170553e+00
-1.436546140988668618e+01
-6.983417754490961471e+00
-1.387826199942772476e+01
-3.992565409847676161e+00
-1.381229983770063896e+01
-1.383353010259727789e+01
-1.538380827918334326e+01
-9.364420273642361181e+00
-1.423000380708525192e+01
-5.818159697130670160e+00
-8.852097258891427956e+00
-1.444468465452661476e+01
-1.474220530176405752e+01
-3.257707509053872741e+00
-1.780841818896821138e+01
-1.129224249726129869e+01
-1.062562135573091560e+01
-6.857140662094010963e+00
-1.323132354390039467e+01
-1.312154793573468581e+01
-1.572749383787257749e+01
-1.367901358859403338e+01
-1.135639258917244909e+01
-1.123543925901758911e+01
-9.667840551824065543e+00
-2.194087225178984024e+00
-4.464184811733872493e+00
-1.281369741956988761e+01
-5.097422618142476658e+00
-9.821956206800015465e+00
-1.758013781244833496e+01
-1.652425002947449428e+01
-1.092211058380338429e+01
-2.696675780572281855e+00
-1.339169838766842346e+01
-3.256466570889541501e+00
-1.472241743444693718e+01
-1.358820890436338580e+01
-8.191138426885508750e+00
-1.151257006567881724e+01
-8.175415535594495964e+00
-1.342444667783073342e+01
-3.702340111806392997e+00
-2.178190211678354871e+01
-1.341297642500825837e+01
-1.338342113221866647e+01
-5.162426828532796996e+00
-1.017947855569339666e+01
-1.190248547044868133e+01
-4.205876009762664403e+00
-1.360244680515367754e+01
-7.030307475927831007e+00
-3.020489115836652694e+00
-1.093941761657926648e+01
-1.327065180867612604e+01
-1.040651425474912983e+01
-1.349676233282679405e+01
-3.613703300122514950e+00
-9.848853846892382080e+00
-1.736005346593882592e+01
-1.123544574270641760e+01
-2.925123148953661545e+00
-3.243245853121045297e+00
-1.297796525030574522e+01
-1.356660947790883753e+01
-1.492884627069378034e+01
-1.424631861760220630e+01
-1.534804319980474219e+01
-1.366901914467850965e+01
-9.467416104126673559e+00
-2.254320070996562730e+00
-1.216732257615623958e+01
-1.068087228881909034e+01
-3.242830370810759089e+00
-1.360381596311928476e+01
-1.427563273820228318e+01
-4.408909986942410875e+00
-4.254389270109295573e+00
-1.177149412085795888e+01
-3.420086064294143746e+00
-1.116175087582505299e+01
-1.379857065029048080e+01
-7.401137184957870652e+00
-9.526593222562571128e+00
-9.774202195088143696e+00
-3.064259858445328000e+00
-1.498825697556701897e+01
-3.304796461227073934e+00
-1.192530405841109875e+01
-5.580677730509052026e+00
-3.370314113727034044e+00
-4.361369506810871322e+00
-2.856386475375337408e+00
-4.938662088868130517e+00
-1.485941237628106215e+01
-1.368700101775181821e+01
-1.495899306065570578e+01
-1.156061666256485410e+01
-1.350772949162548642e+01
-1.370786749649222358e+01
-4.107202331378056570e+00
-1.300150501824314730e+01
-1.371618792856735070e+01
-4.869386217089431312e+00
-1.674647778106825058e+01
-4.310463853731867800e+00
-1.371675129689632300e+01
-7.212361235651101765e+00
-2.711988068110213312e+00
-1.307651738606511671e+01
-3.298998430581413288e+00
-1.300744882425998306e+01
-2.355371335495383889e+01
-1.926389179069220958e+01
-7.716301381895344313e+00
-1.054215946996360742e+01
-3.375692087380590234e+00
-3.887023435951161954e+00
-1.379786426251076037e+01
-1.818115374772970227e+01
-3.745931162421180627e+00
-1.033815066724081611e+01
-1.900697397939655531e+01
-1.213649381141019212e+01
-2.192002949430916203e+01
-3.213782033233954394e+00
-1.832961082249625306e+01
-1.674953519430567184e+01
-1.197719099347987992e+01
-1.512918133545741384e+01
-1.117004683031377432e+01
-1.344956399113429590e+01
-1.176967145840710849e+01
-7.462980183321451300e+00
-1.283906402828386994e+01
-1.377329087753976644e+01
-3.111663821712362665e+00
-1.369086484063781128e+01
-1.366528384247510175e+01
-1.413575234566738992e+01
-2.840372462000218423e+00
-1.065838104492712013e+01
-1.144224398034582357e+01
-4.126820276197959103e+00
-2.390977669092987146e+00
-1.115742905733370272e+01
-1.761631890231225350e+00
-1.334906949554515521e+01
-2.390906948419898814e+00
-1.220748542845605833e+01
-1.321106781484946957e+01
-2.318859648260417128e+00
-7.321215294081011571e+00
-1.128033912591945942e+01
-7.460707483173098176e+00
-1.402299675623646813e+01
-1.409372943988476834e+01
-1.366788906008113003e+01
-1.195465159318334258e+01
-1.417325765346037869e+01
-2.366121162007362777e+00
-1.157765488508854368e+01
-1.378959958748946235e+01
-2.128050046204701573e+01
-1.288759106852906022e+01
-1.201732008233268445e+01
-2.520351199804235609e+00
-1.118252130703233505e+01
-8.834172105456303825e+00
-2.616011101581200204e+00
-1.062841048633896079e+01
-1.365473563163484094e+01
-8.361301224872768501e+00
-3.805450620459189359e+00
-4.728075699096647710e+00
-1.413382376284450537e+01
-1.239595821041160129e+01
-1.621267343486593404e+01
-1.196886252498489434e+01
-1.599657143296652784e+01
-1.459767153258974126e+01
-3.704764700505454034e+00
-3.019320777653550891e+00
-1.200363036384751148e+01
-1.584146561855212454e+01
-1.659640936451767601e+01
-1.819588249941255853e+01
-4.796557869707982036e+00
-1.266768521829747129e+01
-1.511199934051235338e+01
-1.180724512480301414e+01
-5.128421359656432088e+00
-8.741394159342002368e+00
-1.365757553465313201e+01
-4.851833447380045072e+00
-7.666003521948677069e+00
-3.846374394306315114e+00
-1.031753833624057393e+01
-1.987616841722307726e+01
-1.006539919041846787e+01
-1.329262337057888743e+01
-1.402115638993156210e+01
-5.650199005564488175e+00
-4.201586875790020770e+00
-6.190477772377660948e+00
-6.297885748544022277e+00
-1.888527014313579144e+01
-1.326847156269327677e+01
-1.856342428873131567e+01
-1.400024895541449155e+01
-2.319187285656303832e+00
-1.447327572991390277e+01
-5.705269175360088596e+00
-2.443845804707754699e+00
-1.417583597010146157e+01
-1.516758125028916560e+01
-2.086313007162270416e+00
-1.383123439723190096e+01
-1.210345007550502139e+01
-1.042565194227821124e+01
-1.045602664427136119e+01
-1.152665380985121502e+01
-3.612703598906481517e+00
-1.428757360596375214e+01
-1.190103434800161963e+01
-7.300532505566106778e+00
-1.403565316566664478e+01
-1.371632622366111676e+01
-1.909697165348739745e+01
-1.345114339417200533e+01
-1.902529242432306944e+01
-1.581781771151882232e+01
-5.105109714028352563e+00
-7.949286234189534284e+00
-5.146673803123236191e+00
-1.477032920209875044e+01
-1.369036324182363806e+01
-1.880903948953584504e+01
-1.164190748834085554e+01
-1.175414419201675109e+01
-2.054827390911703944e+01
-1.202170014072803639e+01
-1.560311922694021902e+01
-1.659866949364325706e+01
-1.329863080556024535e+01
-1.371049478586281900e+01
-1.814262524467260107e+01
-1.219975600742210808e+01
-1.296216109960090890e+01
-1.371790116404577375e+01
-1.932980967042241005e+01
-1.948009835749520136e+01
-1.450154915629335761e+01
-1.251617628497304757e+01
-1.154292791204934332e+01
-1.312134165654567575e+01
-1.270017445555607871e+01
-1.376748418300635279e+01
-3.191601017106703075e+00
-9.197818315349570284e+00
-5.899618705628605575e+00
-2.881917014078084538e+00
-1.020179495524760860e+01
-1.348475061456198532e+01
-1.172678611625872946e+01
-1.199294778910186388e+01
-7.618179202660673610e+00
-1.647973577545337776e+01
-1.459669358952249851e+01
-5.998492608473632970e+00
-1.366633641289070944e+01
-5.097349392938959056e+00
-1.258530327682318983e+01
-1.387069891071574013e+01
-1.043802171641987542e+01
-1.879133489391149681e+01
-1.690439115329311193e+01
-1.460678612707882174e+01
-1.347462411355965628e+01
-1.585669291260149905e+01
-1.470962079323246563e+01
-1.451847353889395897e+01
-1.402675486566711172e+01
-1.225475217755087698e+01
-2.963239963493309759e+00
-1.353700862514307346e+01
-3.623774500644707519e+00
-4.018416821909299053e+00
-8.705646601180601962e+00
-1.354965837410810181e+01
-4.333346395577218679e+00
-1.362550352465206593e+01
-2.854482046432136144e+01
-3.512095969926630090e+00
-1.134228633601567537e+01
-1.363397293649345521e+01
-3.922963693521287709e+00
-2.344412281455683100e+01
-1.374797488898776621e+01
-1.269683793912823155e+01
-5.766336360387576576e+00
-1.199294778910186388e+01
-1.169524452740867027e+01
-8.109150759639680572e+00
-1.159006185879738915e+01
-4.665694201697411891e+00
-1.140727216039735126e+01
-3.159314247472333914e+00
-1.379161891867804179e+01
-1.242638851204428896e+01
-3.955015003919086336e+00
-3.825940949219435616e+00
-2.960041363572361917e+00
-1.363339618496236660e+01
-1.370644832610249431e+01
-1.358096157629928236e+01
-7.687757727727195345e+00
-1.339487809594066192e+01
-2.649588701011110992e+00
-1.582783365540095311e+01
-4.585704661800401816e+00
-1.880678209844169757e+01
-3.329421366110151936e+00
-5.363092639696142250e+00
-1.652739627542770506e+01
-1.198084185234851695e+01
-1.668863716846601974e+01
-7.937120751768859783e+00
-1.369335902452979248e+01
-7.256686412907277450e+00
-1.300618573836388414e+01
-1.621930003773316997e+01
-1.353008018827963888e+01
-1.203618898696882944e+01
-3.617906037785875384e+00
-2.235887052233357863e+01
-1.264136323095936199e+01
-1.286662747045127375e+01
-1.331210629390970723e+01
-1.370557012163198696e+00
-1.372229462134175115e+01
-1.628418026953469422e+01
-1.277729836497464255e+01
-1.377741450027437153e+01
-1.179876593547966479e+01
-1.262821002294241524e+01
-3.932784524968647055e+00
-1.840816396594439297e+01
-1.390168792748372617e+01
-1.409849139474393453e+01
-3.168770437318597200e+00
-1.429320889531735439e+01
-1.366720567677032783e+01
-2.882997004973314681e+00
-2.105765688292133397e+00
-1.585491594912378410e+01
-1.356163147695333393e+01
-1.526652514691212303e+01
-2.189878990772317735e+01
-7.516523576396854089e+00
-1.069945994732887584e+01
-1.943516996533368513e+01
-6.576233806294967899e+00
-1.379509449253027675e+01
-1.345200453929240858e+01
-1.319953709477587367e+01
-9.366043134664256087e+00
-4.735167178598832294e+00
-1.388728623443406107e+01
-1.324357197352980897e+01
-4.440311592498385806e+00
-1.311728564092726756e+01
-1.000055785143326759e+01
-3.657198759417880307e+00
-3.754632671004632716e+00
-1.343647412410556541e+01
-4.851108547054501230e+00
-1.184753758022688785e+01
-1.322277697037017319e+01
-3.442074274288573044e+00
-1.355291089004556682e+01
-3.726198066315825397e+00
-2.904458475496202841e+00
-1.261671799364667024e+01
-1.169674812844999323e+01
-1.358008347868620547e+01
-1.299600989038331278e+01
-1.350896537660240782e+01
-7.191486464960313185e+00
-1.386294266952108778e+01
-1.455683093699630781e+01
-3.882304153489254173e+00
-1.033913111348239866e+01
-1.524088371592038094e+01
-1.877189116998213336e+01
-1.752245364573224151e+01
-1.653096436895699028e+01
-7.580786517570334837e+00
-4.778314879518708480e+00
-4.883159504094306769e+00
-1.140201802233448269e+01
-1.738035330670715695e+01
-3.647516415562349401e+00
-1.640191237012443892e+01
-4.072608339141558176e+00
-1.637769743161746305e+01
-3.694675098382239398e+00
-1.477735269142258190e+01
-2.966360480913807773e+00
-1.837831576047715387e+01
-1.485575441114079709e+01
-1.506417554559856598e+01
-1.652315142690099847e+01
-1.563635362275211982e+01
-1.189445358044958745e+01
-1.227550644386194811e+01
-1.367369677273390671e+01
-1.107824435999600965e+01
-1.881427757045481997e+01
-1.336473368937133621e+01
-5.165001265617680914e+00
-1.373116031902058154e+01
-1.370426218724685974e+01
-1.331601409119898527e+01
-6.970683536783456091e+00
-5.020372916626418380e+00
-8.226670766822584469e+00
-2.973466897881955173e+00
-1.341600694837430119e+01
-4.047545913334092305e+00
-1.384729674124956844e+01
-4.932471214318808528e+00
-1.002536241067440237e+01
-4.542271268567685816e+00
-9.810336790715250999e+00
-1.681090942647189479e+01
-1.805742611730306280e+01
-1.984505942451084914e+00
-1.343550991332882560e+01
-1.344478336998827572e+01
-1.117719889827968771e+01
-2.796486329847897245e+00
-1.457647953088274839e+01
-6.825532228554842540e+00
-1.357053864453004088e+01
-3.890699418327361769e+00
-3.036845980740890028e+01
-2.202157683759653750e+01
-1.517723188844900939e+01
-1.317112797602672103e+01
-1.184047447540668863e+01
-3.631585243422421172e+00
-1.314929401971464884e+01
-1.381598960399936260e+01
-1.848549114383710545e+01
-1.355189187448847932e+01
-1.118657860576896823e+01
-1.205838999510497800e+01
-2.389984670659524113e+01
-1.350365798010904683e+01
-1.354877552507115190e+01
-1.267103589417288667e+01
-1.351520050020094033e+01
-6.085742858103932562e+00
-1.912310442753584638e+01
-1.605810209741714800e+01
-1.505611454574990127e+01
-1.705154715423079281e+01
-4.095999058909646884e+00
-3.240930458813862547e+00
-1.854490739957464385e+01
-4.389946208422419005e+00
-3.918807934782069236e+00
-2.088860647872552079e+01
-2.607713553774243298e+00
-1.524479730868668170e+01
-5.285228981503223622e+00
-3.849838374434752186e+00
-1.385929485034549913e+01
-1.574712542092619394e+01
-1.355593833424880401e+01
-6.620021141028401779e+00
-1.480288079669441004e+01
-1.187301954245269897e+01
-1.388481664116867798e+01
-4.503750070153943241e+00
-1.329845387990979511e+01
-1.149515849324801131e+01
-5.686456359013263295e+00
-1.306275795496025260e+01
-1.446068557427862444e+01
-7.113664349784905916e+00
-1.778285622133282828e+01
-1.417546703853391321e+01
-1.052174163510342808e+01
-9.665627952692753766e+00
-1.071201379627226480e+01
-1.318032637730829926e+01
-1.350457512757398604e+01
-1.575709254112708813e+01
-1.188774170005129704e+01
-1.316995530212503240e+01
-1.226051969205378356e+01
-1.386395830416286223e+01
-1.767597908088021086e+01
-1.364799387104494599e+01
-1.196201688942681152e+01
-1.370730875929840487e+01
-1.354755952315290557e+01
-1.335734990156129598e+01
-1.360415428564473039e+01
-1.369604274742021133e+01
-4.183467276557282233e+00
-1.639767899283340213e+01
-5.516444372954746100e+00
-1.353499830506225976e+01
-1.570363831286133305e+01
-1.304481474703774957e+01
-1.314759244909350144e+01
-3.502363950695239758e+00
-1.347254711678010430e+01
-6.275697769549168470e+00
-1.737233795364190669e+01
-9.036209129711943788e+00
-1.144243898147327343e+01
-2.384126358836050397e+00
-8.655047235895974467e+00
-1.619642183781564171e+01
-1.232080361967400073e+01
-1.666419705620342739e+01
-1.353857258085097826e+01
-1.225062010834250970e+01
-8.464192381246375518e+00
-7.502427558394940021e+00
-1.008613346716002468e+01
-1.347676659661480159e+01
-1.516376771110539146e+01
-1.488321175568772858e+01
-1.103478441196658366e+01
-1.450593198189057809e+01
-7.158211550863283534e+00
-2.322516733465366556e+01
-7.988968736196436105e+00
-1.446956351871033952e+01
-1.214937592772251129e+01
-1.738221024375042889e+00
-8.999314072771285922e+00
-1.161006618056306117e+01
-4.014079446485022018e+00
-1.499543945736167316e+01
-4.599313543060623566e+00
-1.035405912266582007e+01
-1.616235631600728340e+01
-1.563545626023281088e+01
-1.398910660419300989e+01
-1.085679924890681392e+01
-1.356178993355832141e+01
-1.095738841546523012e+01
-1.354303299248694437e+01
-1.393458236415311013e+01
-1.355618233927084049e+01
-1.197951201166382518e+01
-1.132489950393337352e+01
-1.067394986476357133e+01
-1.062221707289504025e+01
-1.307728481198714299e+01
-1.226962277160037473e+01
-1.432973496084302312e+01
-3.606251524663651953e+00
-3.610187884679151971e+00
-7.218220303693539286e+00
-1.051122670653262503e+01
-1.571974602122421061e+01
-1.234689082338893940e+01
-1.289780594986454432e+01
-1.336315787266109112e+01
-7.695169235925513718e+00
-1.227117067644071291e+01
-9.147655140954940478e+00
-1.068037434537887798e+01
-1.420604386721987566e+01
-1.018498066650113110e+01
-2.505965066154612675e+00
-1.176998046990794755e+01
-1.353897367553602038e+01
-1.185231282596247837e+01
-1.019830233091681215e+01
-1.415348151097999008e+01
-1.397261304360726797e+01
-2.846681045904146057e+00
-1.375560801729383442e+01
-1.150223098840690206e+01
-1.383317300302217312e+01
-1.284827860048754111e+01
-4.684468903288758312e+00
-3.659914865930050887e+00
-1.624167236504032275e+01
-1.933834864678408039e+01
-1.450879668444808424e+01
-3.633915680204918175e+00
-1.353469771604546423e+01
-2.677863161509332457e+00
-1.021715572846740017e+01
-1.878302189559757096e+01
-1.336184444509313529e+01
-1.255987087380044365e+01
-1.301121101191967888e+01
-1.567692412502728061e+01
-1.142191846937316413e+01
-7.084301574634561227e+00
-3.890406210321862623e+00
-7.579554518011555331e+00
-9.865620735399946994e+00
-1.319604576391458295e+01
-1.094048323869594519e+01
-1.005765261900027951e+01
-1.063370628831358289e+01
-1.485248427027173967e+01
-2.200116643277029027e+01
-1.457027817083037746e+01
-8.451961792291992737e+00
-1.777636313793666289e+01
-1.279951487298517598e+01
-1.750987708103910734e+01
-1.253468561115697533e+01
-1.350597253575684142e+01
-1.056660175134214441e+01
-6.173446475664677635e+00
-1.165261169642634975e+01
-1.342734832567520264e+01
-8.803079212617086924e+00
-4.054305785995213185e+00
-2.531450345253125622e+00
-1.799196124121491280e+01
-1.493816318479012750e+01
-2.184894583110553512e+00
-9.938471230342379670e+00
-1.478693404811664358e+01
-1.710588962899667109e+01
-1.376288368387340988e+01
-2.072471622642302336e+00
-1.149098300438607012e+01
-2.098620052956747273e+01
